# Blender 4.3.2
# www.blender.org
mtllib arm-base.mtl
o arm-base
v -0.071834 0.921653 -0.064832
v -0.073591 0.926629 -0.064832
v -0.072697 0.926911 -0.067275
v -0.069600 0.910843 -0.060305
v -0.072102 0.915691 -0.060305
v -0.070814 0.916301 -0.062500
v -0.068045 0.898380 -0.054775
v -0.071402 0.903151 -0.054775
v -0.069700 0.904264 -0.056421
v -0.067117 0.882874 -0.050546
v -0.071536 0.887618 -0.050546
v -0.069629 0.889276 -0.051224
v -0.065804 0.874529 -0.050000
v -0.070797 0.879203 -0.050000
v -0.068946 0.881049 -0.050137
v -0.072865 0.905308 -0.054714
v -0.072874 0.905487 -0.054776
v -0.073298 0.913962 -0.058073
v -0.073322 0.914431 -0.058275
v -0.071037 0.910039 -0.058272
v -0.073517 0.918338 -0.060030
v -0.073547 0.918935 -0.060309
v -0.073963 0.927237 -0.064448
v -0.074000 0.927972 -0.064835
v -0.074191 0.931785 -0.066887
v -0.074093 0.931933 -0.067275
v -0.074226 0.932497 -0.067277
v -0.074423 0.936420 -0.069463
v -0.074453 0.937023 -0.069804
v -0.073435 0.932092 -0.069802
v -0.074660 0.941161 -0.072164
v -0.074680 0.941550 -0.072387
v -0.074072 0.937222 -0.072387
v 0.073389 0.915768 -0.058861
v 0.073355 0.915094 -0.058563
v 0.072102 0.915691 -0.060305
v 0.072361 0.895234 -0.051816
v 0.071656 0.895650 -0.052161
v 0.072563 0.899272 -0.052834
v 0.071971 0.887451 -0.050457
v 0.071536 0.887618 -0.050546
v 0.072164 0.891296 -0.051024
v 0.069629 0.889276 -0.051224
v 0.072219 0.892407 -0.051227
v 0.073648 0.920942 -0.061266
v 0.073548 0.918949 -0.060315
v 0.070814 0.916301 -0.062500
v 0.073927 0.926522 -0.064074
v 0.073774 0.923465 -0.062511
v 0.071834 0.921653 -0.064832
v 0.073591 0.926629 -0.064832
v 0.074000 0.927980 -0.064839
v 0.073936 0.926698 -0.064166
v 0.074197 0.931903 -0.066951
v 0.072697 0.926911 -0.067275
v 0.074072 0.937222 -0.072387
v 0.074459 0.937148 -0.069874
v 0.074454 0.937043 -0.069815
v 0.073937 0.937244 -0.075000
v 0.074012 0.937694 -0.075000
v 0.074680 0.941557 -0.072391
v 0.074624 0.942327 -0.075000
v 0.074906 0.946078 -0.075000
v 0.074904 0.946030 -0.074973
v 0.074890 0.945767 -0.075000
v 0.074731 0.942584 -0.072983
v 0.074718 0.942317 -0.072829
v -0.074904 0.946030 -0.074973
v -0.074906 0.946078 -0.075000
v -0.074890 0.945767 -0.075000
v -0.073648 0.920936 -0.061264
v -0.072940 0.921220 -0.062500
v -0.073739 0.922759 -0.062158
v -0.073773 0.923450 -0.062504
v -0.073927 0.926521 -0.064074
v -0.073045 0.908909 -0.056022
v -0.072651 0.909134 -0.056421
v -0.073081 0.909622 -0.056297
v -0.073097 0.909946 -0.056423
v -0.067785 0.890880 -0.052161
v -0.071656 0.895650 -0.052161
v -0.069796 0.897057 -0.053349
v -0.072526 0.898541 -0.052635
v -0.072653 0.901077 -0.053353
v -0.071834 0.884713 -0.050186
v -0.072005 0.888128 -0.050542
v -0.072177 0.891571 -0.051073
v -0.072219 0.892402 -0.051226
v -0.071599 0.880017 -0.050000
v -0.071665 0.881326 -0.050015
v -0.071801 0.884044 -0.050138
v -0.060504 0.870208 -0.050000
v -0.064084 0.876497 -0.050137
v -0.054920 0.866259 -0.050000
v -0.058922 0.872289 -0.050137
v -0.062384 0.878443 -0.050546
v -0.065327 0.884659 -0.051224
v -0.072351 0.895043 -0.051773
v -0.049080 0.862701 -0.050000
v -0.053485 0.868443 -0.050137
v -0.057359 0.874346 -0.050546
v -0.060720 0.880346 -0.051224
v -0.063598 0.886384 -0.052161
v -0.066026 0.892410 -0.053349
v -0.072703 0.902068 -0.053654
v -0.043010 0.859550 -0.050000
v -0.047797 0.864977 -0.050137
v -0.052066 0.870603 -0.050546
v -0.055829 0.876359 -0.051224
v -0.059113 0.882186 -0.052161
v -0.061947 0.888031 -0.053349
v -0.064370 0.893850 -0.054775
v -0.066423 0.899607 -0.056421
v -0.068151 0.905276 -0.058272
v -0.073355 0.915093 -0.058563
v 0.065327 0.884659 -0.051224
v 0.063598 0.886384 -0.052161
v 0.059113 0.882186 -0.052161
v 0.057578 0.883942 -0.053349
v 0.052941 0.880160 -0.053349
v 0.051613 0.881908 -0.054775
v 0.046850 0.878539 -0.054775
v 0.045733 0.880238 -0.056421
v 0.040870 0.877275 -0.056421
v 0.039962 0.878888 -0.058272
v 0.035020 0.876322 -0.058272
v 0.034311 0.877809 -0.060305
v 0.029309 0.875632 -0.060305
v 0.028785 0.876958 -0.062500
v 0.023737 0.875161 -0.062500
v 0.023377 0.876293 -0.064832
v -0.023712 0.852680 -0.050000
v -0.030297 0.854528 -0.050000
v -0.029505 0.857018 -0.050137
v -0.035779 0.859252 -0.050137
v -0.034830 0.861655 -0.050546
v -0.040775 0.864242 -0.050546
v -0.039688 0.866524 -0.051224
v -0.045288 0.869431 -0.051224
v -0.044089 0.871560 -0.052161
v -0.049336 0.874756 -0.052161
v -0.048055 0.876705 -0.053349
v -0.052941 0.880160 -0.053349
v -0.051613 0.881908 -0.054775
v -0.056134 0.885594 -0.054775
v -0.054796 0.887125 -0.056421
v -0.058953 0.891017 -0.056421
v -0.057643 0.892324 -0.058272
v -0.061439 0.896398 -0.058272
v -0.060196 0.897479 -0.060305
v -0.063633 0.901716 -0.060305
v -0.062497 0.902575 -0.062500
v -0.065580 0.906957 -0.062500
v -0.064586 0.907607 -0.064832
v 0.067785 0.890880 -0.052161
v 0.061947 0.888031 -0.053349
v 0.056134 0.885594 -0.054775
v 0.050382 0.883527 -0.056421
v 0.044717 0.881785 -0.058272
v 0.039153 0.880322 -0.060305
v 0.033698 0.879095 -0.062500
v 0.028349 0.878063 -0.064832
v 0.023093 0.877187 -0.067275
v 0.036739 0.856821 -0.050000
v 0.030297 0.854528 -0.050000
v 0.029505 0.857018 -0.050137
v 0.023093 0.855218 -0.050137
v 0.022480 0.857729 -0.050546
v 0.016133 0.856408 -0.050546
v 0.015702 0.858899 -0.051224
v 0.009451 0.858038 -0.051224
v 0.009201 0.860469 -0.052161
v 0.003072 0.860049 -0.052161
v 0.002992 0.862379 -0.053349
v -0.002992 0.862379 -0.053349
v -0.002917 0.864572 -0.054775
v -0.008737 0.864971 -0.054775
v -0.008529 0.866994 -0.056421
v -0.014170 0.867771 -0.056421
v -0.013856 0.869594 -0.058272
v -0.019307 0.870729 -0.058272
v -0.018916 0.872328 -0.060305
v -0.024169 0.873802 -0.060305
v -0.023737 0.875161 -0.062500
v -0.028785 0.876958 -0.062500
v -0.028349 0.878063 -0.064832
v -0.033187 0.880168 -0.064832
v -0.032784 0.881015 -0.067275
v -0.017017 0.851286 -0.050000
v -0.023093 0.855218 -0.050137
v -0.028722 0.859481 -0.050546
v -0.033901 0.864006 -0.051224
v -0.038637 0.868730 -0.052161
v -0.042945 0.873591 -0.053349
v -0.046850 0.878539 -0.054775
v -0.050382 0.883527 -0.056421
v -0.053578 0.888519 -0.058272
v -0.056478 0.893487 -0.060305
v -0.059121 0.898414 -0.062500
v -0.061549 0.903292 -0.064832
v -0.063801 0.908120 -0.067275
v 0.066026 0.892410 -0.053349
v 0.060393 0.889581 -0.054775
v 0.054796 0.887125 -0.056421
v 0.049263 0.885000 -0.058272
v 0.043812 0.883161 -0.060305
v 0.038454 0.881564 -0.062500
v 0.033187 0.880168 -0.064832
v 0.028004 0.878935 -0.067275
v 0.022888 0.877832 -0.069802
v 0.043010 0.859550 -0.050000
v 0.035779 0.859252 -0.050137
v 0.028722 0.859481 -0.050546
v 0.021880 0.860185 -0.051224
v 0.015287 0.861306 -0.052161
v 0.008962 0.862788 -0.053349
v 0.002917 0.864572 -0.054775
v -0.002847 0.866605 -0.056421
v -0.008339 0.868835 -0.058272
v -0.013575 0.871217 -0.060305
v -0.018578 0.873713 -0.062500
v -0.023377 0.876293 -0.064832
v -0.028004 0.878935 -0.067275
v -0.032493 0.881626 -0.069802
v -0.010242 0.850354 -0.050000
v -0.016572 0.853861 -0.050137
v -0.022480 0.857729 -0.050546
v -0.027956 0.861890 -0.051224
v -0.033004 0.866279 -0.052161
v -0.037634 0.870835 -0.053349
v -0.041868 0.875504 -0.054775
v -0.045733 0.880238 -0.056421
v -0.049263 0.885000 -0.058272
v -0.052495 0.889759 -0.060305
v -0.055469 0.894494 -0.062500
v -0.058224 0.899194 -0.064832
v -0.060801 0.903857 -0.067275
v -0.063234 0.908491 -0.069802
v 0.072051 0.927115 -0.069802
v 0.073435 0.932092 -0.069802
v 0.074093 0.931933 -0.067275
v 0.069796 0.897057 -0.053349
v 0.064370 0.893850 -0.054775
v 0.058953 0.891017 -0.056421
v 0.053578 0.888519 -0.058272
v 0.048266 0.886311 -0.060305
v 0.043030 0.884352 -0.062500
v 0.037871 0.882599 -0.064832
v 0.032784 0.881015 -0.067275
v 0.027755 0.879565 -0.069802
v 0.022764 0.878222 -0.072387
v 0.012856 0.875383 -0.069802
v 0.017914 0.876436 -0.069802
v 0.018074 0.875778 -0.067275
v 0.049080 0.862701 -0.050000
v 0.041886 0.861909 -0.050137
v 0.034830 0.861655 -0.050546
v 0.027956 0.861890 -0.051224
v 0.021301 0.862558 -0.052161
v 0.014890 0.863604 -0.053349
v 0.008737 0.864971 -0.054775
v 0.002847 0.866605 -0.056421
v -0.002784 0.868454 -0.058272
v -0.008171 0.870473 -0.060305
v -0.013333 0.872621 -0.062500
v -0.018297 0.874867 -0.064832
v -0.023093 0.877187 -0.067275
v -0.027755 0.879565 -0.069802
v -0.032317 0.881996 -0.072387
v -0.041490 0.886694 -0.069802
v -0.037078 0.884006 -0.069802
v -0.037411 0.883416 -0.067275
v -0.003419 0.849886 -0.050000
v -0.009975 0.852953 -0.050137
v -0.016133 0.856408 -0.050546
v -0.021880 0.860185 -0.051224
v -0.027216 0.864218 -0.052161
v -0.032147 0.868447 -0.053349
v -0.036690 0.872816 -0.054775
v -0.040870 0.877275 -0.056421
v -0.044717 0.881785 -0.058272
v -0.048266 0.886311 -0.060305
v -0.051557 0.890832 -0.062500
v -0.054628 0.895333 -0.064832
v -0.057517 0.899809 -0.067275
v -0.060261 0.904266 -0.069802
v -0.062891 0.908715 -0.072387
v -0.068280 0.917501 -0.069802
v -0.065911 0.912910 -0.069802
v -0.066502 0.912579 -0.067275
v -0.036739 0.856821 -0.050000
v -0.041886 0.861909 -0.050137
v -0.046529 0.867229 -0.050546
v -0.050677 0.872715 -0.051224
v -0.054351 0.878304 -0.052161
v -0.057578 0.883942 -0.053349
v -0.060393 0.889581 -0.054775
v -0.062835 0.895184 -0.056421
v -0.064947 0.900723 -0.058272
v -0.066773 0.906177 -0.060305
v -0.068357 0.911540 -0.062500
v -0.069740 0.916810 -0.064832
v -0.070961 0.921996 -0.067275
v -0.072051 0.927115 -0.069802
v -0.073037 0.932188 -0.072387
v -0.074459 0.937155 -0.069878
v 0.073037 0.932188 -0.072387
v 0.071661 0.927238 -0.072387
v 0.069949 0.922393 -0.072387
v 0.070961 0.921996 -0.067275
v 0.068893 0.917211 -0.067275
v 0.068280 0.917501 -0.069802
v 0.065911 0.912910 -0.069802
v 0.065554 0.913110 -0.072387
v 0.062891 0.908715 -0.072387
v 0.053194 0.896762 -0.072387
v 0.056697 0.900522 -0.072387
v 0.057006 0.900254 -0.069802
v 0.060261 0.904266 -0.069802
v 0.060801 0.903857 -0.067275
v 0.063801 0.908120 -0.067275
v 0.064586 0.907607 -0.064832
v 0.067320 0.912120 -0.064832
v 0.068357 0.911540 -0.062500
v 0.038667 0.885563 -0.075000
v 0.041190 0.887151 -0.075000
v 0.041265 0.887037 -0.072387
v 0.045461 0.890004 -0.072387
v 0.045708 0.889678 -0.069802
v 0.049712 0.892943 -0.069802
v 0.050158 0.892433 -0.067275
v 0.053964 0.895995 -0.067275
v 0.054628 0.895333 -0.064832
v 0.058224 0.899194 -0.064832
v 0.059121 0.898414 -0.062500
v 0.062497 0.902575 -0.062500
v 0.063633 0.901716 -0.060305
v 0.066773 0.906177 -0.060305
v 0.068151 0.905276 -0.058272
v 0.071037 0.910039 -0.058272
v 0.072651 0.909134 -0.056421
v 0.073147 0.910940 -0.056818
v 0.073098 0.909955 -0.056427
v 0.032317 0.881996 -0.072387
v 0.036877 0.884363 -0.072387
v 0.037078 0.884006 -0.069802
v 0.041490 0.886694 -0.069802
v 0.041862 0.886128 -0.067275
v 0.046118 0.889139 -0.067275
v 0.046685 0.888392 -0.064832
v 0.050775 0.891726 -0.064832
v 0.051557 0.890832 -0.062500
v 0.055469 0.894494 -0.062500
v 0.056478 0.893487 -0.060305
v 0.060196 0.897479 -0.060305
v 0.061439 0.896398 -0.058272
v 0.064947 0.900723 -0.058272
v 0.066423 0.899607 -0.056421
v 0.069700 0.904264 -0.056421
v 0.071402 0.903151 -0.054775
v 0.072919 0.906392 -0.055094
v 0.072703 0.902068 -0.053654
v 0.017817 0.876834 -0.072387
v 0.012786 0.875787 -0.072387
v 0.007696 0.875086 -0.072387
v -0.000000 0.874828 -0.075000
v 0.002565 0.874872 -0.075000
v 0.002569 0.874735 -0.072387
v 0.007738 0.874679 -0.069802
v 0.012971 0.874716 -0.067275
v 0.018297 0.874867 -0.064832
v -0.007696 0.875086 -0.072387
v -0.002569 0.874735 -0.072387
v -0.002583 0.874326 -0.069802
v 0.002583 0.874326 -0.069802
v 0.002606 0.873649 -0.067275
v 0.007807 0.874005 -0.067275
v 0.007903 0.873072 -0.064832
v 0.013131 0.873792 -0.064832
v 0.013333 0.872621 -0.062500
v 0.018578 0.873713 -0.062500
v 0.018916 0.872328 -0.060305
v 0.024169 0.873802 -0.060305
v 0.024668 0.872233 -0.058272
v 0.029914 0.874101 -0.058272
v 0.030594 0.872380 -0.056421
v 0.035815 0.874652 -0.056421
v 0.036690 0.872816 -0.054775
v 0.041868 0.875504 -0.054775
v 0.042945 0.873591 -0.053349
v 0.048055 0.876705 -0.053349
v 0.049336 0.874756 -0.052161
v 0.054351 0.878304 -0.052161
v 0.055829 0.876359 -0.051224
v 0.060720 0.880346 -0.051224
v 0.062384 0.878443 -0.050546
v 0.067117 0.882874 -0.050546
v 0.068946 0.881049 -0.050137
v 0.071800 0.884040 -0.050137
v 0.071783 0.883693 -0.050115
v 0.065804 0.874529 -0.050000
v 0.060504 0.870208 -0.050000
v 0.058922 0.872289 -0.050137
v 0.053485 0.868443 -0.050137
v 0.052066 0.870603 -0.050546
v 0.046529 0.867229 -0.050546
v 0.045288 0.869431 -0.051224
v 0.039688 0.866524 -0.051224
v 0.038637 0.868730 -0.052161
v 0.033004 0.866279 -0.052161
v 0.032147 0.868447 -0.053349
v 0.026510 0.866440 -0.053349
v 0.025845 0.868532 -0.054775
v 0.020228 0.866955 -0.054775
v 0.019746 0.868931 -0.056421
v 0.014170 0.867771 -0.056421
v 0.013856 0.869594 -0.058272
v 0.008339 0.868835 -0.058272
v 0.008171 0.870473 -0.060305
v 0.002728 0.870100 -0.060305
v 0.002679 0.871524 -0.062500
v -0.002679 0.871524 -0.062500
v -0.002638 0.872711 -0.064832
v -0.007903 0.873072 -0.064832
v -0.007807 0.874005 -0.067275
v -0.012971 0.874716 -0.067275
v -0.012856 0.875383 -0.069802
v -0.017914 0.876436 -0.069802
v -0.017817 0.876834 -0.072387
v -0.022764 0.878222 -0.072387
v -0.036877 0.884363 -0.072387
v -0.041265 0.887037 -0.072387
v -0.045461 0.890004 -0.072387
v 0.017017 0.851286 -0.050000
v 0.010242 0.850354 -0.050000
v 0.009975 0.852953 -0.050137
v 0.003330 0.852498 -0.050137
v 0.003242 0.855081 -0.050546
v -0.003242 0.855081 -0.050546
v -0.003155 0.857607 -0.051224
v -0.009451 0.858038 -0.051224
v -0.009201 0.860469 -0.052161
v -0.015287 0.861306 -0.052161
v -0.014890 0.863604 -0.053349
v -0.020748 0.864823 -0.053349
v -0.020228 0.866955 -0.054775
v -0.025845 0.868532 -0.054775
v -0.025229 0.870470 -0.056421
v -0.030594 0.872380 -0.056421
v -0.029914 0.874101 -0.058272
v -0.035020 0.876322 -0.058272
v -0.034311 0.877809 -0.060305
v -0.039153 0.880322 -0.060305
v -0.038454 0.881564 -0.062500
v -0.043030 0.884352 -0.062500
v -0.042377 0.885345 -0.064832
v -0.046685 0.888392 -0.064832
v -0.046118 0.889139 -0.067275
v -0.050158 0.892433 -0.067275
v -0.049712 0.892943 -0.069802
v -0.053484 0.896473 -0.069802
v -0.053194 0.896762 -0.072387
v -0.056697 0.900522 -0.072387
v -0.065554 0.913110 -0.072387
v -0.067910 0.917676 -0.072387
v -0.069949 0.922393 -0.072387
v -0.072266 0.929763 -0.075000
v -0.071530 0.927279 -0.075000
v -0.071661 0.927238 -0.072387
v -0.070330 0.922243 -0.069802
v -0.068893 0.917211 -0.067275
v -0.067320 0.912120 -0.064832
v 0.074227 0.932501 -0.067280
v 0.074268 0.933324 -0.067734
v 0.072904 0.932221 -0.075000
v 0.066263 0.914697 -0.075000
v 0.067787 0.917735 -0.075000
v 0.067910 0.917676 -0.072387
v 0.070330 0.922243 -0.069802
v 0.069673 0.922067 -0.075000
v 0.069822 0.922443 -0.075000
v 0.071530 0.927279 -0.075000
v 0.072266 0.929763 -0.075000
v 0.057162 0.901274 -0.075000
v 0.059825 0.904595 -0.075000
v 0.059934 0.904513 -0.072387
v 0.063234 0.908491 -0.069802
v 0.066502 0.912579 -0.067275
v 0.069740 0.916810 -0.064832
v 0.072940 0.921220 -0.062500
v 0.073649 0.920966 -0.061278
v 0.062077 0.907739 -0.075000
v 0.062777 0.908790 -0.075000
v 0.065435 0.913177 -0.075000
v 0.049353 0.893354 -0.075000
v 0.051577 0.895378 -0.075000
v 0.053097 0.896859 -0.075000
v 0.056593 0.900612 -0.075000
v 0.073322 0.914442 -0.058279
v 0.069600 0.910843 -0.060305
v 0.065580 0.906957 -0.062500
v 0.061549 0.903292 -0.064832
v 0.057517 0.899809 -0.067275
v 0.053484 0.896473 -0.069802
v 0.049443 0.893251 -0.072387
v 0.045378 0.890113 -0.075000
v 0.023948 0.878754 -0.075000
v 0.027555 0.880073 -0.075000
v 0.027605 0.879945 -0.072387
v 0.032493 0.881626 -0.069802
v 0.037411 0.883416 -0.067275
v 0.042377 0.885345 -0.064832
v 0.047404 0.887446 -0.062500
v 0.052495 0.889759 -0.060305
v 0.057643 0.892324 -0.058272
v 0.062835 0.895184 -0.056421
v 0.068045 0.898380 -0.054775
v 0.072653 0.901073 -0.053352
v 0.031492 0.881760 -0.075000
v 0.032258 0.882119 -0.075000
v 0.036810 0.884482 -0.075000
v 0.022723 0.878353 -0.075000
v 0.017784 0.876967 -0.075000
v 0.007682 0.875222 -0.075000
v 0.008109 0.875267 -0.075000
v 0.012763 0.875922 -0.075000
v 0.016123 0.876581 -0.075000
v -0.016123 0.876581 -0.075000
v -0.012763 0.875922 -0.075000
v -0.012786 0.875787 -0.072387
v -0.007738 0.874679 -0.069802
v -0.002606 0.873649 -0.067275
v 0.002638 0.872711 -0.064832
v 0.008025 0.871890 -0.062500
v 0.013575 0.871217 -0.060305
v 0.019307 0.870729 -0.058272
v 0.025229 0.870470 -0.056421
v 0.031341 0.870488 -0.054775
v 0.037634 0.870835 -0.053349
v 0.044089 0.871560 -0.052161
v 0.050677 0.872715 -0.051224
v 0.057359 0.874346 -0.050546
v 0.064084 0.876497 -0.050137
v 0.070797 0.879203 -0.050000
v 0.071599 0.880017 -0.050000
v -0.008109 0.875267 -0.075000
v -0.007682 0.875222 -0.075000
v -0.002565 0.874872 -0.075000
v -0.031492 0.881760 -0.075000
v -0.027555 0.880073 -0.075000
v -0.027605 0.879945 -0.072387
v -0.022888 0.877832 -0.069802
v -0.018074 0.875778 -0.067275
v -0.013131 0.873792 -0.064832
v -0.008025 0.871890 -0.062500
v -0.002728 0.870100 -0.060305
v 0.002784 0.868454 -0.058272
v 0.008529 0.866994 -0.056421
v 0.014516 0.865767 -0.054775
v 0.020748 0.864823 -0.053349
v 0.027216 0.864218 -0.052161
v 0.033901 0.864006 -0.051224
v 0.040775 0.864242 -0.050546
v 0.047797 0.864977 -0.050137
v 0.054920 0.866259 -0.050000
v -0.023948 0.878754 -0.075000
v -0.022723 0.878353 -0.075000
v -0.017784 0.876967 -0.075000
v -0.032258 0.882119 -0.075000
v -0.036810 0.884482 -0.075000
v -0.051577 0.895378 -0.075000
v -0.049353 0.893354 -0.075000
v -0.049443 0.893251 -0.072387
v -0.045708 0.889678 -0.069802
v -0.041862 0.886128 -0.067275
v -0.037871 0.882599 -0.064832
v -0.033698 0.879095 -0.062500
v -0.029309 0.875632 -0.060305
v -0.024668 0.872233 -0.058272
v -0.019746 0.868931 -0.056421
v -0.014516 0.865767 -0.054775
v -0.008962 0.862788 -0.053349
v -0.003072 0.860049 -0.052161
v 0.003155 0.857607 -0.051224
v 0.009710 0.855524 -0.050546
v 0.016572 0.853861 -0.050137
v 0.023712 0.852680 -0.050000
v -0.045388 0.890121 -0.075000
v -0.045378 0.890113 -0.075000
v -0.041190 0.887151 -0.075000
v -0.038667 0.885563 -0.075000
v -0.062077 0.907739 -0.075000
v -0.059825 0.904595 -0.075000
v -0.059934 0.904513 -0.072387
v -0.057006 0.900254 -0.069802
v -0.053964 0.895995 -0.067275
v -0.050775 0.891726 -0.064832
v -0.047404 0.887446 -0.062500
v -0.043812 0.883161 -0.060305
v -0.039962 0.878888 -0.058272
v -0.035815 0.874652 -0.056421
v -0.031341 0.870488 -0.054775
v -0.026510 0.866440 -0.053349
v -0.021301 0.862558 -0.052161
v -0.015702 0.858899 -0.051224
v -0.009710 0.855524 -0.050546
v -0.003330 0.852498 -0.050137
v 0.003419 0.849886 -0.050000
v -0.057162 0.901274 -0.075000
v -0.056593 0.900612 -0.075000
v -0.053097 0.896859 -0.075000
v -0.062777 0.908790 -0.075000
v -0.065435 0.913177 -0.075000
v -0.069822 0.922443 -0.075000
v -0.069673 0.922067 -0.075000
v -0.067787 0.917735 -0.075000
v -0.066263 0.914697 -0.075000
v -0.074718 0.942317 -0.072829
v -0.074624 0.942327 -0.075000
v -0.074012 0.937694 -0.075000
v -0.073937 0.937244 -0.075000
v -0.072904 0.932221 -0.075000
v 0.150000 1.099828 -0.400000
v 0.250000 1.199828 -0.408749
v -0.150000 1.099828 -0.400000
v -0.250000 1.199828 -0.408749
v 0.250000 0.699828 -0.408749
v 0.150000 0.799828 -0.400000
v -0.024207 0.481671 0.000000
v -0.020622 0.484102 0.000000
v -0.074906 0.946078 0.000000
v -0.016796 0.486131 0.000000
v 0.074906 0.946078 0.000000
v 0.008599 0.488893 0.000000
v 0.012772 0.487734 0.000000
v -0.012772 0.487734 0.000000
v -0.008599 0.488893 0.000000
v -0.004325 0.489593 0.000000
v 0.016796 0.486131 0.000000
v 0.020622 0.484102 0.000000
v 0.024207 0.481671 0.000000
v -0.039941 0.451993 0.000000
v -0.039473 0.456299 0.000000
v -0.049937 0.447328 0.000000
v -0.038542 0.460529 0.000000
v -0.037159 0.464633 0.000000
v -0.035340 0.468564 0.000000
v -0.033108 0.472275 0.000000
v -0.008109 1.024388 0.000000
v -0.016123 1.023074 0.000000
v 0.000000 0.489828 0.000000
v 0.057162 0.998382 0.000000
v 0.004325 0.489593 0.000000
v 0.027508 0.478868 0.000000
v 0.030486 0.475723 0.000000
v 0.033108 0.472275 0.000000
v -0.030486 0.475723 0.000000
v -0.027508 0.478868 0.000000
v -0.066263 0.984958 0.000000
v -0.069673 0.977588 0.000000
v -0.072266 0.969892 0.000000
v 0.045388 1.009535 0.000000
v 0.038667 1.014092 0.000000
v 0.016123 1.023074 0.000000
v 0.008109 1.024388 0.000000
v 0.000000 1.024828 0.000000
v 0.074890 0.953888 0.000000
v 0.074012 0.961961 0.000000
v 0.035340 0.468564 0.000000
v 0.037159 0.464633 0.000000
v 0.049937 0.447328 0.000000
v 0.038542 0.460529 0.000000
v 0.039473 0.456299 0.000000
v -0.057162 0.998382 0.000000
v -0.062077 0.991917 0.000000
v -0.074890 0.953888 0.000000
v -0.074012 0.961961 0.000000
v -0.023948 1.020902 0.000000
v -0.031492 1.017896 0.000000
v -0.038667 1.014092 0.000000
v -0.051577 1.004277 0.000000
v -0.045388 1.009535 0.000000
v 0.051577 1.004277 0.000000
v 0.031492 1.017896 0.000000
v 0.023948 1.020902 0.000000
v 0.066263 0.984958 0.000000
v 0.062077 0.991917 0.000000
v 0.069673 0.977588 0.000000
v 0.072266 0.969892 0.000000
v 0.039941 0.451993 0.000000
v 0.039941 0.447662 0.000000
v 0.049372 0.441929 0.000000
v 0.039473 0.443356 0.000000
v 0.048225 0.436623 0.000000
v 0.038542 0.439127 0.000000
v 0.046509 0.431472 0.000000
v 0.037159 0.435022 0.000000
v 0.044245 0.426538 0.000000
v 0.035340 0.431091 0.000000
v 0.041459 0.421879 0.000000
v 0.033108 0.427380 0.000000
v 0.038185 0.417549 0.000000
v 0.030486 0.423932 0.000000
v 0.034460 0.413599 0.000000
v 0.027508 0.420788 0.000000
v 0.030329 0.410077 0.000000
v 0.024207 0.417984 0.000000
v 0.025841 0.407023 0.000000
v 0.020622 0.415553 0.000000
v 0.021048 0.404474 0.000000
v 0.016796 0.413525 0.000000
v 0.016007 0.402459 0.000000
v 0.012772 0.411922 0.000000
v 0.010777 0.401003 0.000000
v 0.008599 0.410763 0.000000
v 0.005421 0.400122 0.000000
v 0.004325 0.410062 0.000000
v -0.000000 0.399828 0.000000
v 0.000000 0.409828 0.000000
v -0.005421 0.400122 0.000000
v -0.004325 0.410062 0.000000
v -0.010777 0.401003 0.000000
v -0.008599 0.410763 0.000000
v -0.016007 0.402459 0.000000
v -0.012772 0.411922 0.000000
v -0.021048 0.404474 0.000000
v -0.016796 0.413525 0.000000
v -0.025841 0.407023 0.000000
v -0.020622 0.415553 0.000000
v -0.030329 0.410077 0.000000
v -0.024207 0.417984 0.000000
v -0.034460 0.413599 0.000000
v -0.027508 0.420788 0.000000
v -0.038185 0.417549 0.000000
v -0.030486 0.423932 0.000000
v -0.041459 0.421879 0.000000
v -0.033108 0.427380 0.000000
v -0.044245 0.426538 0.000000
v -0.035340 0.431091 0.000000
v -0.046509 0.431472 0.000000
v -0.037159 0.435022 0.000000
v -0.048225 0.436623 0.000000
v -0.038542 0.439127 0.000000
v -0.049372 0.441929 0.000000
v -0.039473 0.443356 0.000000
v -0.039941 0.447662 0.000000
v 0.250000 0.699828 -0.420000
v 0.250000 1.199828 -0.420000
v 0.008109 1.024388 -0.350000
v 0.009217 1.024259 -0.350000
v 0.009243 1.024471 -0.354613
v 0.016123 1.023074 -0.350000
v 0.018294 1.022563 -0.350000
v 0.018346 1.022769 -0.354613
v 0.038667 1.014092 -0.350000
v 0.039482 1.013594 -0.350000
v 0.039595 1.013775 -0.354613
v 0.045388 1.009535 -0.350000
v 0.047019 1.008259 -0.350000
v 0.047153 1.008425 -0.354613
v 0.062077 0.991917 -0.350000
v 0.062520 0.991255 -0.350000
v 0.062698 0.991373 -0.354613
v 0.066263 0.984958 -0.350000
v 0.067137 0.983258 -0.350000
v 0.067328 0.983353 -0.354613
v 0.074012 0.961961 -0.350000
v 0.074112 0.961332 -0.350000
v 0.074323 0.961365 -0.354613
v 0.074890 0.953888 -0.350000
v 0.074964 0.952137 -0.350000
v 0.075178 0.952144 -0.354613
v 0.072266 0.929763 -0.350000
v 0.072137 0.929303 -0.350000
v 0.072342 0.929245 -0.354613
v 0.069673 0.922067 -0.350000
v 0.069068 0.920594 -0.350000
v 0.069264 0.920511 -0.354613
v 0.057162 0.901274 -0.350000
v 0.056955 0.901031 -0.350000
v 0.057117 0.900893 -0.354613
v 0.051577 0.895378 -0.350000
v 0.050527 0.894402 -0.350000
v 0.050671 0.894244 -0.354613
v 0.031492 0.881760 -0.350000
v 0.031347 0.881693 -0.350000
v 0.031436 0.881499 -0.354613
v 0.023948 0.878754 -0.350000
v 0.022736 0.878357 -0.350000
v 0.022801 0.878154 -0.354613
v -0.008109 0.875267 -0.350000
v -0.009217 0.875396 -0.350000
v -0.009243 0.875185 -0.354613
v -0.016123 0.876581 -0.350000
v -0.018294 0.877093 -0.350000
v -0.018346 0.876886 -0.354613
v -0.038667 0.885563 -0.350000
v -0.039482 0.886061 -0.350000
v -0.039595 0.885880 -0.354613
v -0.045388 0.890121 -0.350000
v -0.047019 0.891397 -0.350000
v -0.047153 0.891231 -0.354613
v -0.062077 0.907739 -0.350000
v -0.062520 0.908400 -0.350000
v -0.062698 0.908283 -0.354613
v -0.066263 0.914697 -0.350000
v -0.067137 0.916397 -0.350000
v -0.067328 0.916302 -0.354613
v -0.074012 0.937694 -0.350000
v -0.074112 0.938323 -0.350000
v -0.074323 0.938291 -0.354613
v -0.074890 0.945767 -0.350000
v -0.074964 0.947518 -0.350000
v -0.075178 0.947512 -0.354613
v -0.072266 0.969892 -0.350000
v -0.072137 0.970352 -0.350000
v -0.072342 0.970411 -0.354613
v -0.069673 0.977588 -0.350000
v -0.069068 0.979062 -0.350000
v -0.069264 0.979145 -0.354613
v -0.057162 0.998382 -0.350000
v -0.056955 0.998624 -0.350000
v -0.057117 0.998763 -0.354613
v -0.051577 1.004277 -0.350000
v -0.050527 1.005253 -0.350000
v -0.050671 1.005411 -0.354613
v -0.031492 1.017896 -0.350000
v -0.031347 1.017963 -0.350000
v -0.031436 1.018156 -0.354613
v -0.023948 1.020902 -0.350000
v -0.022736 1.021298 -0.350000
v -0.022801 1.021502 -0.354613
v 0.007695 1.074591 -0.400000
v 0.000000 1.074828 -0.400000
v 0.000000 1.070214 -0.399787
v 0.015361 1.073880 -0.400000
v 0.007411 1.069986 -0.399787
v 0.022969 1.072699 -0.400000
v 0.014794 1.069302 -0.399787
v 0.030489 1.071052 -0.400000
v 0.022121 1.068164 -0.399787
v 0.037894 1.068946 -0.400000
v 0.029364 1.066578 -0.399787
v 0.045155 1.066387 -0.400000
v 0.036496 1.064549 -0.399787
v 0.052245 1.063386 -0.400000
v 0.043489 1.062085 -0.399787
v 0.059137 1.059954 -0.400000
v 0.050317 1.059195 -0.399787
v 0.065804 1.056105 -0.400000
v 0.056954 1.055890 -0.399787
v 0.072222 1.051852 -0.400000
v 0.063375 1.052182 -0.399787
v 0.078365 1.047213 -0.400000
v 0.069556 1.048087 -0.399787
v 0.084212 1.042204 -0.400000
v 0.075473 1.043619 -0.399787
v 0.089739 1.036844 -0.400000
v 0.081104 1.038795 -0.399787
v 0.094926 1.031155 -0.400000
v 0.086427 1.033633 -0.399787
v 0.099752 1.025157 -0.400000
v 0.091422 1.028153 -0.399787
v 0.104200 1.018873 -0.400000
v 0.096071 1.022377 -0.399787
v 0.108253 1.012328 -0.400000
v 0.100355 1.016325 -0.399787
v 0.111895 1.005545 -0.400000
v 0.104258 1.010021 -0.399787
v 0.115113 0.998551 -0.400000
v 0.107766 1.003489 -0.399787
v 0.117894 0.991372 -0.400000
v 0.110865 0.996753 -0.399787
v 0.120228 0.984036 -0.400000
v 0.113543 0.989839 -0.399787
v 0.122106 0.976569 -0.400000
v 0.115791 0.982773 -0.399787
v 0.123521 0.969002 -0.400000
v 0.117599 0.975582 -0.399787
v 0.124467 0.961361 -0.400000
v 0.118962 0.968294 -0.399787
v 0.124941 0.953677 -0.400000
v 0.119873 0.960936 -0.399787
v 0.124941 0.945978 -0.400000
v 0.120329 0.953535 -0.399787
v 0.124467 0.938294 -0.400000
v 0.120329 0.946120 -0.399787
v 0.123521 0.930654 -0.400000
v 0.119873 0.938720 -0.399787
v 0.122106 0.923086 -0.400000
v 0.118962 0.931361 -0.399787
v 0.120228 0.915620 -0.400000
v 0.117599 0.924073 -0.399787
v 0.117894 0.908283 -0.400000
v 0.115791 0.916882 -0.399787
v 0.115113 0.901105 -0.400000
v 0.113543 0.909817 -0.399787
v 0.111895 0.894110 -0.400000
v 0.110865 0.902903 -0.399787
v 0.108253 0.887328 -0.400000
v 0.107766 0.896167 -0.399787
v 0.104200 0.880782 -0.400000
v 0.104258 0.889634 -0.399787
v 0.099752 0.874498 -0.400000
v 0.100355 0.883330 -0.399787
v 0.094926 0.868500 -0.400000
v 0.096071 0.877279 -0.399787
v 0.089739 0.862811 -0.400000
v 0.091422 0.871502 -0.399787
v 0.084212 0.857452 -0.400000
v 0.086427 0.866023 -0.399787
v 0.078365 0.852443 -0.400000
v 0.081104 0.860861 -0.399787
v 0.072222 0.847803 -0.400000
v 0.075473 0.856037 -0.399787
v 0.065804 0.843551 -0.400000
v 0.069556 0.851569 -0.399787
v 0.059137 0.839701 -0.400000
v 0.063375 0.847473 -0.399787
v 0.052245 0.836270 -0.400000
v 0.056954 0.843766 -0.399787
v 0.045155 0.833269 -0.400000
v 0.050317 0.840461 -0.399787
v 0.037894 0.830710 -0.400000
v 0.043489 0.837571 -0.399787
v 0.030489 0.828603 -0.400000
v 0.036496 0.835106 -0.399787
v 0.022969 0.826956 -0.400000
v 0.029364 0.833077 -0.399787
v 0.015361 0.825775 -0.400000
v 0.022121 0.831491 -0.399787
v 0.007695 0.825065 -0.400000
v 0.014794 0.830354 -0.399787
v 0.000000 0.824828 -0.400000
v 0.007411 0.829669 -0.399787
v -0.007695 0.825065 -0.400000
v 0.000000 0.829441 -0.399787
v -0.015361 0.825775 -0.400000
v -0.007411 0.829669 -0.399787
v -0.022969 0.826956 -0.400000
v -0.014794 0.830354 -0.399787
v -0.030489 0.828603 -0.400000
v -0.022121 0.831491 -0.399787
v -0.037894 0.830710 -0.400000
v -0.029364 0.833077 -0.399787
v -0.045155 0.833269 -0.400000
v -0.036496 0.835106 -0.399787
v -0.052245 0.836270 -0.400000
v -0.043489 0.837571 -0.399787
v -0.059137 0.839701 -0.400000
v -0.050317 0.840461 -0.399787
v -0.065804 0.843551 -0.400000
v -0.056954 0.843766 -0.399787
v -0.072222 0.847803 -0.400000
v -0.063375 0.847473 -0.399787
v -0.078365 0.852443 -0.400000
v -0.069556 0.851569 -0.399787
v -0.084212 0.857452 -0.400000
v -0.075473 0.856037 -0.399787
v -0.089739 0.862811 -0.400000
v -0.081104 0.860861 -0.399787
v -0.094926 0.868500 -0.400000
v -0.086427 0.866023 -0.399787
v -0.099752 0.874498 -0.400000
v -0.091422 0.871502 -0.399787
v -0.104200 0.880782 -0.400000
v -0.096071 0.877279 -0.399787
v -0.108253 0.887328 -0.400000
v -0.100355 0.883330 -0.399787
v -0.111895 0.894110 -0.400000
v -0.104258 0.889634 -0.399787
v -0.115113 0.901105 -0.400000
v -0.107766 0.896167 -0.399787
v -0.117894 0.908283 -0.400000
v -0.110865 0.902903 -0.399787
v -0.120228 0.915620 -0.400000
v -0.113543 0.909817 -0.399787
v -0.122106 0.923086 -0.400000
v -0.115791 0.916882 -0.399787
v -0.123521 0.930654 -0.400000
v -0.117599 0.924073 -0.399787
v -0.124467 0.938294 -0.400000
v -0.118962 0.931361 -0.399787
v -0.124941 0.945978 -0.400000
v -0.119873 0.938720 -0.399787
v -0.124941 0.953677 -0.400000
v -0.120329 0.946120 -0.399787
v -0.124467 0.961361 -0.400000
v -0.120329 0.953535 -0.399787
v -0.123521 0.969002 -0.400000
v -0.119873 0.960936 -0.399787
v -0.122106 0.976569 -0.400000
v -0.118962 0.968294 -0.399787
v -0.120228 0.984036 -0.400000
v -0.117599 0.975582 -0.399787
v -0.117894 0.991372 -0.400000
v -0.115791 0.982773 -0.399787
v -0.115113 0.998551 -0.400000
v -0.113543 0.989839 -0.399787
v -0.111895 1.005545 -0.400000
v -0.110865 0.996753 -0.399787
v -0.108253 1.012328 -0.400000
v -0.107766 1.003489 -0.399787
v -0.104200 1.018873 -0.400000
v -0.104258 1.010021 -0.399787
v -0.099752 1.025157 -0.400000
v -0.100355 1.016325 -0.399787
v -0.094926 1.031155 -0.400000
v -0.096071 1.022377 -0.399787
v -0.089739 1.036844 -0.400000
v -0.091422 1.028153 -0.399787
v -0.084212 1.042204 -0.400000
v -0.086427 1.033633 -0.399787
v -0.078365 1.047213 -0.400000
v -0.081104 1.038795 -0.399787
v -0.072222 1.051852 -0.400000
v -0.075473 1.043619 -0.399787
v -0.065804 1.056105 -0.400000
v -0.069556 1.048087 -0.399787
v -0.059137 1.059954 -0.400000
v -0.063375 1.052182 -0.399787
v -0.052245 1.063386 -0.400000
v -0.056954 1.055890 -0.399787
v -0.045155 1.066387 -0.400000
v -0.050317 1.059195 -0.399787
v -0.037894 1.068946 -0.400000
v -0.043489 1.062085 -0.399787
v -0.030489 1.071052 -0.400000
v -0.036496 1.064549 -0.399787
v -0.022969 1.072699 -0.400000
v -0.029364 1.066578 -0.399787
v -0.015361 1.073880 -0.400000
v -0.022121 1.068164 -0.399787
v -0.007695 1.074591 -0.400000
v -0.014794 1.069302 -0.399787
v -0.007411 1.069986 -0.399787
v -0.007130 1.065421 -0.399149
v 0.000000 1.065640 -0.399149
v -0.006853 1.060933 -0.398091
v 0.000000 1.061145 -0.398091
v -0.006583 1.056563 -0.396624
v 0.000000 1.056766 -0.396624
v -0.006323 1.052346 -0.394758
v 0.000000 1.052541 -0.394758
v -0.006075 1.048319 -0.392511
v 0.000000 1.048506 -0.392511
v -0.005840 1.044516 -0.389901
v 0.000000 1.044696 -0.389901
v -0.005621 1.040970 -0.386950
v 0.000000 1.041143 -0.386950
v -0.005420 1.037710 -0.383685
v 0.000000 1.037877 -0.383685
v -0.005239 1.034765 -0.380132
v 0.000000 1.034927 -0.380132
v -0.005078 1.032160 -0.376322
v 0.000000 1.032317 -0.376322
v -0.004940 1.029917 -0.372287
v 0.000000 1.030070 -0.372287
v -0.004825 1.028055 -0.368062
v 0.000000 1.028204 -0.368062
v -0.004735 1.026591 -0.363683
v 0.000000 1.026736 -0.363683
v -0.004669 1.025535 -0.359187
v 0.000000 1.025679 -0.359187
v -0.004630 1.024898 -0.354613
v 0.000000 1.025041 -0.354613
v -0.004617 1.024686 -0.350000
v -0.000000 1.024828 -0.350000
v -0.009243 1.024471 -0.354613
v -0.009217 1.024259 -0.350000
v -0.008109 1.024388 -0.350000
v -0.014232 1.064762 -0.399149
v -0.013680 1.060301 -0.398091
v -0.013141 1.055955 -0.396624
v -0.012622 1.051762 -0.394758
v -0.012126 1.047758 -0.392511
v -0.011658 1.043977 -0.389901
v -0.011222 1.040451 -0.386950
v -0.010820 1.037210 -0.383685
v -0.010458 1.034282 -0.380132
v -0.010137 1.031692 -0.376322
v -0.009861 1.029461 -0.372287
v -0.009632 1.027610 -0.368062
v -0.009451 1.026154 -0.363683
v -0.009321 1.025104 -0.359187
v -0.021280 1.063668 -0.399149
v -0.020454 1.059249 -0.398091
v -0.019650 1.054945 -0.396624
v -0.018873 1.050792 -0.394758
v -0.018132 1.046826 -0.392511
v -0.017432 1.043081 -0.389901
v -0.016779 1.039588 -0.386950
v -0.016179 1.036378 -0.383685
v -0.015637 1.033478 -0.380132
v -0.015157 1.030912 -0.376322
v -0.014744 1.028703 -0.372287
v -0.014402 1.026870 -0.368062
v -0.014132 1.025427 -0.363683
v -0.013938 1.024388 -0.359187
v -0.013820 1.023760 -0.354613
v -0.013781 1.023551 -0.350000
v -0.018346 1.022769 -0.354613
v -0.018294 1.022563 -0.350000
v -0.016123 1.023074 -0.350000
v -0.028248 1.062142 -0.399149
v -0.027152 1.057782 -0.398091
v -0.026084 1.053536 -0.396624
v -0.025053 1.049439 -0.394758
v -0.024069 1.045526 -0.392511
v -0.023140 1.041831 -0.389901
v -0.022273 1.038385 -0.386950
v -0.021476 1.035218 -0.383685
v -0.020757 1.032357 -0.380132
v -0.020120 1.029825 -0.376322
v -0.019572 1.027646 -0.372287
v -0.019117 1.025837 -0.368062
v -0.018759 1.024414 -0.363683
v -0.018501 1.023388 -0.359187
v -0.035109 1.060190 -0.399149
v -0.033746 1.055906 -0.398091
v -0.032419 1.051733 -0.396624
v -0.031138 1.047707 -0.394758
v -0.029915 1.043862 -0.392511
v -0.028760 1.040232 -0.389901
v -0.027682 1.036846 -0.386950
v -0.026692 1.033734 -0.383685
v -0.025798 1.030922 -0.380132
v -0.025007 1.028435 -0.376322
v -0.024326 1.026294 -0.372287
v -0.023760 1.024516 -0.368062
v -0.023315 1.023117 -0.363683
v -0.022995 1.022110 -0.359187
v -0.041836 1.057820 -0.399149
v -0.040212 1.053628 -0.398091
v -0.038630 1.049544 -0.396624
v -0.037104 1.045605 -0.394758
v -0.035647 1.041843 -0.392511
v -0.034270 1.038290 -0.389901
v -0.032987 1.034977 -0.386950
v -0.031807 1.031932 -0.383685
v -0.030741 1.029180 -0.380132
v -0.029799 1.026747 -0.376322
v -0.028987 1.024651 -0.372287
v -0.028313 1.022912 -0.368062
v -0.027783 1.021543 -0.363683
v -0.027401 1.020557 -0.359187
v -0.027170 1.019962 -0.354613
v -0.027093 1.019763 -0.350000
v -0.048405 1.055039 -0.399149
v -0.046526 1.050955 -0.398091
v -0.044696 1.046977 -0.396624
v -0.042930 1.043139 -0.394758
v -0.041244 1.039474 -0.392511
v -0.039651 1.036012 -0.389901
v -0.038166 1.032784 -0.386950
v -0.036801 1.029818 -0.383685
v -0.035568 1.027137 -0.380132
v -0.034477 1.024766 -0.376322
v -0.033538 1.022725 -0.372287
v -0.032758 1.021030 -0.368062
v -0.032145 1.019697 -0.363683
v -0.031703 1.018736 -0.359187
v -0.054790 1.051860 -0.399149
v -0.052663 1.047899 -0.398091
v -0.050592 1.044041 -0.396624
v -0.048593 1.040319 -0.394758
v -0.046684 1.036765 -0.392511
v -0.044882 1.033408 -0.389901
v -0.043201 1.030277 -0.386950
v -0.041656 1.027400 -0.383685
v -0.040260 1.024801 -0.380132
v -0.039025 1.022502 -0.376322
v -0.037962 1.020522 -0.372287
v -0.037079 1.018878 -0.368062
v -0.036385 1.017585 -0.363683
v -0.035885 1.016654 -0.359187
v -0.035583 1.016092 -0.354613
v -0.035482 1.015904 -0.350000
v -0.039595 1.013775 -0.354613
v -0.039482 1.013594 -0.350000
v -0.038667 1.014092 -0.350000
v -0.060967 1.048293 -0.399149
v -0.058601 1.044471 -0.398091
v -0.056296 1.040748 -0.396624
v -0.054071 1.037156 -0.394758
v -0.051947 1.033726 -0.392511
v -0.049942 1.030486 -0.389901
v -0.048071 1.027465 -0.386950
v -0.046352 1.024689 -0.383685
v -0.044799 1.022180 -0.380132
v -0.043425 1.019961 -0.376322
v -0.042242 1.018051 -0.372287
v -0.041260 1.016465 -0.368062
v -0.040487 1.015217 -0.363683
v -0.039931 1.014318 -0.359187
v -0.066913 1.044354 -0.399149
v -0.064316 1.040684 -0.398091
v -0.061786 1.037110 -0.396624
v -0.059345 1.033662 -0.394758
v -0.057014 1.030369 -0.392511
v -0.054812 1.027259 -0.389901
v -0.052760 1.024359 -0.386950
v -0.050873 1.021693 -0.383685
v -0.049168 1.019285 -0.380132
v -0.047660 1.017155 -0.376322
v -0.046362 1.015321 -0.372287
v -0.045284 1.013798 -0.368062
v -0.044436 1.012600 -0.363683
v -0.043825 1.011737 -0.359187
v -0.043456 1.011217 -0.354613
v -0.043333 1.011042 -0.350000
v -0.047153 1.008425 -0.354613
v -0.047019 1.008259 -0.350000
v -0.045388 1.009535 -0.350000
v -0.072606 1.040055 -0.399149
v -0.069787 1.036553 -0.398091
v -0.067042 1.033141 -0.396624
v -0.064393 1.029850 -0.394758
v -0.061864 1.026706 -0.392511
v -0.059475 1.023738 -0.389901
v -0.057248 1.020970 -0.386950
v -0.055200 1.018425 -0.383685
v -0.053351 1.016127 -0.380132
v -0.051714 1.014093 -0.376322
v -0.050306 1.012343 -0.372287
v -0.049136 1.010889 -0.368062
v -0.048216 1.009746 -0.363683
v -0.047553 1.008922 -0.359187
v -0.078022 1.035414 -0.399149
v -0.074994 1.032092 -0.398091
v -0.072044 1.028856 -0.396624
v -0.069197 1.025734 -0.394758
v -0.066479 1.022752 -0.392511
v -0.063912 1.019936 -0.389901
v -0.061519 1.017311 -0.386950
v -0.059319 1.014897 -0.383685
v -0.057331 1.012717 -0.380132
v -0.055573 1.010788 -0.376322
v -0.054059 1.009127 -0.372287
v -0.052802 1.007749 -0.368062
v -0.051813 1.006664 -0.363683
v -0.051101 1.005883 -0.359187
v -0.083143 1.030449 -0.399149
v -0.079916 1.027319 -0.398091
v -0.076772 1.024271 -0.396624
v -0.073739 1.021330 -0.394758
v -0.070842 1.018521 -0.392511
v -0.068107 1.015869 -0.389901
v -0.065556 1.013395 -0.386950
v -0.063212 1.011122 -0.383685
v -0.061094 1.009068 -0.380132
v -0.059220 1.007251 -0.376322
v -0.057607 1.005687 -0.372287
v -0.056267 1.004388 -0.368062
v -0.055214 1.003366 -0.363683
v -0.054455 1.002630 -0.359187
v -0.053997 1.002186 -0.354613
v -0.053843 1.002038 -0.350000
v -0.087949 1.025177 -0.399149
v -0.084535 1.022253 -0.398091
v -0.081209 1.019403 -0.396624
v -0.078001 1.016655 -0.394758
v -0.074937 1.014030 -0.392511
v -0.072043 1.011551 -0.389901
v -0.069345 1.009239 -0.386950
v -0.066865 1.007114 -0.383685
v -0.064625 1.005195 -0.380132
v -0.062643 1.003497 -0.376322
v -0.060936 1.002035 -0.372287
v -0.059519 1.000821 -0.368062
v -0.058405 0.999866 -0.363683
v -0.057602 0.999178 -0.359187
v -0.092420 1.019620 -0.399149
v -0.088833 1.016911 -0.398091
v -0.085338 1.014272 -0.396624
v -0.081967 1.011726 -0.394758
v -0.078747 1.009295 -0.392511
v -0.075707 1.006999 -0.389901
v -0.072871 1.004857 -0.386950
v -0.070265 1.002889 -0.383685
v -0.067911 1.001111 -0.380132
v -0.065828 0.999539 -0.376322
v -0.064034 0.998184 -0.372287
v -0.062546 0.997060 -0.368062
v -0.061374 0.996176 -0.363683
v -0.060531 0.995538 -0.359187
v -0.060022 0.995154 -0.354613
v -0.059851 0.995025 -0.350000
v -0.062698 0.991373 -0.354613
v -0.062520 0.991255 -0.350000
v -0.062077 0.991917 -0.350000
v -0.096542 1.013798 -0.399149
v -0.092794 1.011315 -0.398091
v -0.089144 1.008896 -0.396624
v -0.085622 1.006563 -0.394758
v -0.082259 1.004334 -0.392511
v -0.079082 1.002230 -0.389901
v -0.076121 1.000267 -0.386950
v -0.073398 0.998463 -0.383685
v -0.070939 0.996834 -0.380132
v -0.068763 0.995392 -0.376322
v -0.066890 0.994151 -0.372287
v -0.065335 0.993120 -0.368062
v -0.064111 0.992309 -0.363683
v -0.063230 0.991725 -0.359187
v -0.100297 1.007734 -0.399149
v -0.096403 1.005486 -0.398091
v -0.092611 1.003297 -0.396624
v -0.088952 1.001184 -0.394758
v -0.085458 0.999167 -0.392511
v -0.082158 0.997262 -0.389901
v -0.079081 0.995485 -0.386950
v -0.076253 0.993852 -0.383685
v -0.073698 0.992377 -0.380132
v -0.071438 0.991072 -0.376322
v -0.069491 0.989949 -0.372287
v -0.067876 0.989016 -0.368062
v -0.066605 0.988282 -0.363683
v -0.065689 0.987753 -0.359187
v -0.065137 0.987434 -0.354613
v -0.064952 0.987328 -0.350000
v -0.067328 0.983353 -0.354613
v -0.067137 0.983258 -0.350000
v -0.066263 0.984958 -0.350000
v -0.103671 1.001450 -0.399149
v -0.099647 0.999446 -0.398091
v -0.095727 0.997494 -0.396624
v -0.091945 0.995611 -0.394758
v -0.088333 0.993813 -0.392511
v -0.084923 0.992114 -0.389901
v -0.081742 0.990530 -0.386950
v -0.078819 0.989075 -0.383685
v -0.076178 0.987760 -0.380132
v -0.073841 0.986596 -0.376322
v -0.071830 0.985595 -0.372287
v -0.070160 0.984763 -0.368062
v -0.068846 0.984109 -0.363683
v -0.067899 0.983638 -0.359187
v -0.106652 0.994970 -0.399149
v -0.102512 0.993217 -0.398091
v -0.098480 0.991511 -0.396624
v -0.094589 0.989864 -0.394758
v -0.090873 0.988291 -0.392511
v -0.087365 0.986806 -0.389901
v -0.084093 0.985421 -0.386950
v -0.081085 0.984148 -0.383685
v -0.078368 0.982998 -0.380132
v -0.075965 0.981981 -0.376322
v -0.073895 0.981105 -0.372287
v -0.072177 0.980378 -0.368062
v -0.070826 0.979806 -0.363683
v -0.069852 0.979394 -0.359187
v -0.109229 0.988319 -0.399149
v -0.104989 0.986824 -0.398091
v -0.100859 0.985369 -0.396624
v -0.096874 0.983965 -0.394758
v -0.093069 0.982624 -0.392511
v -0.089475 0.981358 -0.389901
v -0.086124 0.980177 -0.386950
v -0.083044 0.979091 -0.383685
v -0.080262 0.978111 -0.380132
v -0.077800 0.977243 -0.376322
v -0.075680 0.976497 -0.372287
v -0.073921 0.975877 -0.368062
v -0.072537 0.975389 -0.363683
v -0.071540 0.975037 -0.359187
v -0.070938 0.974825 -0.354613
v -0.070737 0.974754 -0.350000
v -0.111391 0.981521 -0.399149
v -0.107067 0.980291 -0.398091
v -0.102856 0.979093 -0.396624
v -0.098792 0.977937 -0.394758
v -0.094911 0.976832 -0.392511
v -0.091247 0.975790 -0.389901
v -0.087829 0.974817 -0.386950
v -0.084688 0.973924 -0.383685
v -0.081851 0.973116 -0.380132
v -0.079340 0.972402 -0.376322
v -0.077179 0.971787 -0.372287
v -0.075384 0.971276 -0.368062
v -0.073973 0.970875 -0.363683
v -0.072956 0.970585 -0.359187
v -0.113131 0.974604 -0.399149
v -0.108740 0.973642 -0.398091
v -0.104462 0.972705 -0.396624
v -0.100335 0.971801 -0.394758
v -0.096394 0.970938 -0.392511
v -0.092672 0.970123 -0.389901
v -0.089201 0.969363 -0.386950
v -0.086011 0.968664 -0.383685
v -0.083129 0.968033 -0.380132
v -0.080579 0.967475 -0.376322
v -0.078384 0.966994 -0.372287
v -0.076562 0.966595 -0.368062
v -0.075128 0.966281 -0.363683
v -0.074095 0.966055 -0.359187
v -0.073472 0.965918 -0.354613
v -0.073264 0.965873 -0.350000
v -0.074323 0.961365 -0.354613
v -0.074112 0.961332 -0.350000
v -0.074012 0.961961 -0.350000
v -0.114442 0.967592 -0.399149
v -0.109999 0.966903 -0.398091
v -0.105672 0.966231 -0.396624
v -0.101498 0.965583 -0.394758
v -0.097511 0.964964 -0.392511
v -0.093746 0.964380 -0.389901
v -0.090235 0.963835 -0.386950
v -0.087008 0.963334 -0.383685
v -0.084092 0.962881 -0.380132
v -0.081513 0.962481 -0.376322
v -0.079292 0.962136 -0.372287
v -0.077449 0.961850 -0.368062
v -0.075999 0.961625 -0.363683
v -0.074954 0.961463 -0.359187
v -0.115318 0.960514 -0.399149
v -0.110842 0.960099 -0.398091
v -0.106482 0.959695 -0.396624
v -0.102275 0.959305 -0.394758
v -0.098257 0.958933 -0.392511
v -0.094464 0.958581 -0.389901
v -0.090926 0.958253 -0.386950
v -0.087674 0.957952 -0.383685
v -0.084736 0.957680 -0.380132
v -0.082137 0.957439 -0.376322
v -0.079900 0.957232 -0.372287
v -0.078042 0.957059 -0.368062
v -0.076581 0.956924 -0.363683
v -0.075528 0.956826 -0.359187
v -0.074892 0.956768 -0.354613
v -0.074680 0.956748 -0.350000
v -0.075178 0.952144 -0.354613
v -0.074964 0.952137 -0.350000
v -0.074890 0.953888 -0.350000
v -0.115758 0.953394 -0.399149
v -0.111264 0.953256 -0.398091
v -0.106887 0.953121 -0.396624
v -0.102664 0.952991 -0.394758
v -0.098632 0.952867 -0.392511
v -0.094823 0.952749 -0.389901
v -0.091272 0.952640 -0.386950
v -0.088008 0.952539 -0.383685
v -0.085059 0.952448 -0.380132
v -0.082450 0.952368 -0.376322
v -0.080204 0.952299 -0.372287
v -0.078339 0.952241 -0.368062
v -0.076872 0.952196 -0.363683
v -0.075815 0.952164 -0.359187
v -0.115758 0.946261 -0.399149
v -0.111264 0.946400 -0.398091
v -0.106887 0.946535 -0.396624
v -0.102664 0.946665 -0.394758
v -0.098632 0.946789 -0.392511
v -0.094823 0.946906 -0.389901
v -0.091272 0.947016 -0.386950
v -0.088008 0.947116 -0.383685
v -0.085059 0.947207 -0.380132
v -0.082450 0.947287 -0.376322
v -0.080204 0.947357 -0.372287
v -0.078339 0.947414 -0.368062
v -0.076872 0.947459 -0.363683
v -0.075815 0.947492 -0.359187
v -0.115318 0.939142 -0.399149
v -0.110842 0.939557 -0.398091
v -0.106482 0.939961 -0.396624
v -0.102275 0.940351 -0.394758
v -0.098257 0.940723 -0.392511
v -0.094464 0.941074 -0.389901
v -0.090926 0.941402 -0.386950
v -0.087674 0.941704 -0.383685
v -0.084736 0.941976 -0.380132
v -0.082137 0.942217 -0.376322
v -0.079900 0.942424 -0.372287
v -0.078042 0.942596 -0.368062
v -0.076581 0.942731 -0.363683
v -0.075528 0.942829 -0.359187
v -0.074892 0.942888 -0.354613
v -0.074680 0.942908 -0.350000
v -0.114442 0.932063 -0.399149
v -0.109999 0.932753 -0.398091
v -0.105672 0.933424 -0.396624
v -0.101498 0.934072 -0.394758
v -0.097511 0.934691 -0.392511
v -0.093746 0.935276 -0.389901
v -0.090235 0.935821 -0.386950
v -0.087008 0.936322 -0.383685
v -0.084092 0.936774 -0.380132
v -0.081513 0.937175 -0.376322
v -0.079292 0.937519 -0.372287
v -0.077449 0.937805 -0.368062
v -0.075999 0.938031 -0.363683
v -0.074954 0.938193 -0.359187
v -0.113131 0.925052 -0.399149
v -0.108740 0.926013 -0.398091
v -0.104462 0.926950 -0.396624
v -0.100335 0.927854 -0.394758
v -0.096394 0.928717 -0.392511
v -0.092672 0.929532 -0.389901
v -0.089201 0.930292 -0.386950
v -0.086011 0.930991 -0.383685
v -0.083129 0.931622 -0.380132
v -0.080579 0.932181 -0.376322
v -0.078384 0.932661 -0.372287
v -0.076562 0.933060 -0.368062
v -0.075128 0.933374 -0.363683
v -0.074095 0.933601 -0.359187
v -0.073472 0.933737 -0.354613
v -0.073264 0.933783 -0.350000
v -0.072342 0.929245 -0.354613
v -0.072137 0.929303 -0.350000
v -0.072266 0.929763 -0.350000
v -0.111391 0.918134 -0.399149
v -0.107067 0.919364 -0.398091
v -0.102856 0.920563 -0.396624
v -0.098792 0.921719 -0.394758
v -0.094911 0.922823 -0.392511
v -0.091247 0.923866 -0.389901
v -0.087829 0.924838 -0.386950
v -0.084688 0.925732 -0.383685
v -0.081851 0.926539 -0.380132
v -0.079340 0.927253 -0.376322
v -0.077179 0.927868 -0.372287
v -0.075384 0.928379 -0.368062
v -0.073973 0.928781 -0.363683
v -0.072956 0.929070 -0.359187
v -0.109229 0.911337 -0.399149
v -0.104989 0.912831 -0.398091
v -0.100859 0.914286 -0.396624
v -0.096874 0.915691 -0.394758
v -0.093069 0.917031 -0.392511
v -0.089475 0.918298 -0.389901
v -0.086124 0.919479 -0.386950
v -0.083044 0.920564 -0.383685
v -0.080262 0.921545 -0.380132
v -0.077800 0.922412 -0.376322
v -0.075680 0.923159 -0.372287
v -0.073921 0.923779 -0.368062
v -0.072537 0.924267 -0.363683
v -0.071540 0.924618 -0.359187
v -0.070938 0.924830 -0.354613
v -0.070737 0.924901 -0.350000
v -0.069264 0.920511 -0.354613
v -0.069068 0.920594 -0.350000
v -0.069673 0.922067 -0.350000
v -0.106652 0.904686 -0.399149
v -0.102512 0.906438 -0.398091
v -0.098480 0.908145 -0.396624
v -0.094589 0.909792 -0.394758
v -0.090873 0.911364 -0.392511
v -0.087365 0.912849 -0.389901
v -0.084093 0.914234 -0.386950
v -0.081085 0.915507 -0.383685
v -0.078368 0.916657 -0.380132
v -0.075965 0.917675 -0.376322
v -0.073895 0.918551 -0.372287
v -0.072177 0.919278 -0.368062
v -0.070826 0.919850 -0.363683
v -0.069852 0.920262 -0.359187
v -0.103671 0.898206 -0.399149
v -0.099647 0.900210 -0.398091
v -0.095727 0.902161 -0.396624
v -0.091945 0.904045 -0.394758
v -0.088333 0.905843 -0.392511
v -0.084923 0.907541 -0.389901
v -0.081742 0.909125 -0.386950
v -0.078819 0.910581 -0.383685
v -0.076178 0.911896 -0.380132
v -0.073841 0.913059 -0.376322
v -0.071830 0.914061 -0.372287
v -0.070160 0.914892 -0.368062
v -0.068846 0.915547 -0.363683
v -0.067899 0.916018 -0.359187
v -0.100297 0.891921 -0.399149
v -0.096403 0.894169 -0.398091
v -0.092611 0.896359 -0.396624
v -0.088952 0.898471 -0.394758
v -0.085458 0.900489 -0.392511
v -0.082158 0.902394 -0.389901
v -0.079081 0.904170 -0.386950
v -0.076253 0.905803 -0.383685
v -0.073698 0.907278 -0.380132
v -0.071438 0.908583 -0.376322
v -0.069491 0.909707 -0.372287
v -0.067876 0.910640 -0.368062
v -0.066605 0.911373 -0.363683
v -0.065689 0.911902 -0.359187
v -0.065137 0.912221 -0.354613
v -0.064952 0.912328 -0.350000
v -0.096542 0.885857 -0.399149
v -0.092794 0.888340 -0.398091
v -0.089144 0.890759 -0.396624
v -0.085622 0.893093 -0.394758
v -0.082259 0.895321 -0.392511
v -0.079082 0.897426 -0.389901
v -0.076121 0.899388 -0.386950
v -0.073398 0.901192 -0.383685
v -0.070939 0.902822 -0.380132
v -0.068763 0.904264 -0.376322
v -0.066890 0.905505 -0.372287
v -0.065335 0.906535 -0.368062
v -0.064111 0.907346 -0.363683
v -0.063230 0.907930 -0.359187
v -0.092420 0.880035 -0.399149
v -0.088833 0.882744 -0.398091
v -0.085338 0.885383 -0.396624
v -0.081967 0.887929 -0.394758
v -0.078747 0.890361 -0.392511
v -0.075707 0.892657 -0.389901
v -0.072871 0.894798 -0.386950
v -0.070265 0.896766 -0.383685
v -0.067911 0.898544 -0.380132
v -0.065828 0.900117 -0.376322
v -0.064034 0.901471 -0.372287
v -0.062546 0.902595 -0.368062
v -0.061374 0.903480 -0.363683
v -0.060531 0.904117 -0.359187
v -0.060022 0.904502 -0.354613
v -0.059851 0.904630 -0.350000
v -0.057117 0.900893 -0.354613
v -0.056955 0.901031 -0.350000
v -0.057162 0.901274 -0.350000
v -0.087949 0.874478 -0.399149
v -0.084535 0.877403 -0.398091
v -0.081209 0.880252 -0.396624
v -0.078001 0.883001 -0.394758
v -0.074937 0.885626 -0.392511
v -0.072043 0.888105 -0.389901
v -0.069345 0.890416 -0.386950
v -0.066865 0.892541 -0.383685
v -0.064625 0.894461 -0.380132
v -0.062643 0.896159 -0.376322
v -0.060936 0.897621 -0.372287
v -0.059519 0.898835 -0.368062
v -0.058405 0.899790 -0.363683
v -0.057602 0.900477 -0.359187
v -0.083143 0.869207 -0.399149
v -0.079916 0.872336 -0.398091
v -0.076772 0.875385 -0.396624
v -0.073739 0.878326 -0.394758
v -0.070842 0.881134 -0.392511
v -0.068107 0.883787 -0.389901
v -0.065556 0.886260 -0.386950
v -0.063212 0.888533 -0.383685
v -0.061094 0.890587 -0.380132
v -0.059220 0.892404 -0.376322
v -0.057607 0.893969 -0.372287
v -0.056267 0.895267 -0.368062
v -0.055214 0.896289 -0.363683
v -0.054455 0.897025 -0.359187
v -0.053997 0.897469 -0.354613
v -0.053843 0.897618 -0.350000
v -0.050671 0.894244 -0.354613
v -0.050527 0.894402 -0.350000
v -0.051577 0.895378 -0.350000
v -0.078022 0.864241 -0.399149
v -0.074994 0.867564 -0.398091
v -0.072044 0.870800 -0.396624
v -0.069197 0.873922 -0.394758
v -0.066479 0.876904 -0.392511
v -0.063912 0.879719 -0.389901
v -0.061519 0.882345 -0.386950
v -0.059319 0.884758 -0.383685
v -0.057331 0.886939 -0.380132
v -0.055573 0.888867 -0.376322
v -0.054059 0.890528 -0.372287
v -0.052802 0.891907 -0.368062
v -0.051813 0.892991 -0.363683
v -0.051101 0.893773 -0.359187
v -0.072606 0.859600 -0.399149
v -0.069787 0.863103 -0.398091
v -0.067042 0.866514 -0.396624
v -0.064393 0.869806 -0.394758
v -0.061864 0.872949 -0.392511
v -0.059475 0.875918 -0.389901
v -0.057248 0.878686 -0.386950
v -0.055200 0.881230 -0.383685
v -0.053351 0.883529 -0.380132
v -0.051714 0.885562 -0.376322
v -0.050306 0.887313 -0.372287
v -0.049136 0.888766 -0.368062
v -0.048216 0.889910 -0.363683
v -0.047553 0.890733 -0.359187
v -0.066913 0.855302 -0.399149
v -0.064316 0.858971 -0.398091
v -0.061786 0.862545 -0.396624
v -0.059345 0.865994 -0.394758
v -0.057014 0.869287 -0.392511
v -0.054812 0.872397 -0.389901
v -0.052760 0.875297 -0.386950
v -0.050873 0.877962 -0.383685
v -0.049168 0.880370 -0.380132
v -0.047660 0.882500 -0.376322
v -0.046362 0.884335 -0.372287
v -0.045284 0.885857 -0.368062
v -0.044436 0.887055 -0.363683
v -0.043825 0.887918 -0.359187
v -0.043456 0.888439 -0.354613
v -0.043333 0.888613 -0.350000
v -0.060967 0.851362 -0.399149
v -0.058601 0.855184 -0.398091
v -0.056296 0.858907 -0.396624
v -0.054071 0.862499 -0.394758
v -0.051947 0.865930 -0.392511
v -0.049942 0.869169 -0.389901
v -0.048071 0.872190 -0.386950
v -0.046352 0.874967 -0.383685
v -0.044799 0.877475 -0.380132
v -0.043425 0.879694 -0.376322
v -0.042242 0.881605 -0.372287
v -0.041260 0.883191 -0.368062
v -0.040487 0.884439 -0.363683
v -0.039931 0.885338 -0.359187
v -0.054790 0.847795 -0.399149
v -0.052663 0.851756 -0.398091
v -0.050592 0.855614 -0.396624
v -0.048593 0.859336 -0.394758
v -0.046684 0.862891 -0.392511
v -0.044882 0.866248 -0.389901
v -0.043201 0.869378 -0.386950
v -0.041656 0.872255 -0.383685
v -0.040260 0.874854 -0.380132
v -0.039025 0.877154 -0.376322
v -0.037962 0.879134 -0.372287
v -0.037079 0.880777 -0.368062
v -0.036385 0.882070 -0.363683
v -0.035885 0.883002 -0.359187
v -0.035583 0.883564 -0.354613
v -0.035482 0.883752 -0.350000
v -0.031436 0.881499 -0.354613
v -0.031347 0.881693 -0.350000
v -0.031492 0.881760 -0.350000
v -0.048405 0.844616 -0.399149
v -0.046526 0.848700 -0.398091
v -0.044696 0.852678 -0.396624
v -0.042930 0.856516 -0.394758
v -0.041244 0.860182 -0.392511
v -0.039651 0.863643 -0.389901
v -0.038166 0.866871 -0.386950
v -0.036801 0.869838 -0.383685
v -0.035568 0.872518 -0.380132
v -0.034477 0.874889 -0.376322
v -0.033538 0.876931 -0.372287
v -0.032758 0.878626 -0.368062
v -0.032145 0.879959 -0.363683
v -0.031703 0.880919 -0.359187
v -0.041836 0.841836 -0.399149
v -0.040212 0.846028 -0.398091
v -0.038630 0.850111 -0.396624
v -0.037104 0.854051 -0.394758
v -0.035647 0.857813 -0.392511
v -0.034270 0.861366 -0.389901
v -0.032987 0.864679 -0.386950
v -0.031807 0.867724 -0.383685
v -0.030741 0.870475 -0.380132
v -0.029799 0.872909 -0.376322
v -0.028987 0.875004 -0.372287
v -0.028313 0.876744 -0.368062
v -0.027783 0.878112 -0.363683
v -0.027401 0.879098 -0.359187
v -0.027170 0.879693 -0.354613
v -0.027093 0.879892 -0.350000
v -0.022801 0.878154 -0.354613
v -0.022736 0.878357 -0.350000
v -0.023948 0.878754 -0.350000
v -0.035109 0.839465 -0.399149
v -0.033746 0.843749 -0.398091
v -0.032419 0.847922 -0.396624
v -0.031138 0.851948 -0.394758
v -0.029915 0.855793 -0.392511
v -0.028760 0.859424 -0.389901
v -0.027682 0.862810 -0.386950
v -0.026692 0.865922 -0.383685
v -0.025798 0.868733 -0.380132
v -0.025007 0.871220 -0.376322
v -0.024326 0.873362 -0.372287
v -0.023760 0.875140 -0.368062
v -0.023315 0.876538 -0.363683
v -0.022995 0.877546 -0.359187
v -0.028248 0.837513 -0.399149
v -0.027152 0.841873 -0.398091
v -0.026084 0.846120 -0.396624
v -0.025053 0.850217 -0.394758
v -0.024069 0.854130 -0.392511
v -0.023140 0.857825 -0.389901
v -0.022273 0.861270 -0.386950
v -0.021476 0.864438 -0.383685
v -0.020757 0.867299 -0.380132
v -0.020120 0.869830 -0.376322
v -0.019572 0.872009 -0.372287
v -0.019117 0.873819 -0.368062
v -0.018759 0.875242 -0.363683
v -0.018501 0.876267 -0.359187
v -0.021280 0.835987 -0.399149
v -0.020454 0.840406 -0.398091
v -0.019650 0.844711 -0.396624
v -0.018873 0.848864 -0.394758
v -0.018132 0.852830 -0.392511
v -0.017432 0.856575 -0.389901
v -0.016779 0.860067 -0.386950
v -0.016179 0.863277 -0.383685
v -0.015637 0.866178 -0.380132
v -0.015157 0.868743 -0.376322
v -0.014744 0.870952 -0.372287
v -0.014402 0.872786 -0.368062
v -0.014132 0.874229 -0.363683
v -0.013938 0.875268 -0.359187
v -0.013820 0.875895 -0.354613
v -0.013781 0.876105 -0.350000
v -0.014232 0.834893 -0.399149
v -0.013680 0.839355 -0.398091
v -0.013141 0.843700 -0.396624
v -0.012622 0.847893 -0.394758
v -0.012126 0.851897 -0.392511
v -0.011658 0.855678 -0.389901
v -0.011222 0.859205 -0.386950
v -0.010820 0.862446 -0.383685
v -0.010458 0.865374 -0.380132
v -0.010137 0.867964 -0.376322
v -0.009861 0.870194 -0.372287
v -0.009632 0.872045 -0.368062
v -0.009451 0.873502 -0.363683
v -0.009321 0.874551 -0.359187
v -0.007130 0.834235 -0.399149
v -0.006853 0.838722 -0.398091
v -0.006583 0.843093 -0.396624
v -0.006323 0.847309 -0.394758
v -0.006075 0.851336 -0.392511
v -0.005840 0.855139 -0.389901
v -0.005621 0.858686 -0.386950
v -0.005420 0.861945 -0.383685
v -0.005239 0.864890 -0.380132
v -0.005078 0.867495 -0.376322
v -0.004940 0.869738 -0.372287
v -0.004825 0.871600 -0.368062
v -0.004735 0.873065 -0.363683
v -0.004669 0.874120 -0.359187
v -0.004630 0.874757 -0.354613
v -0.004617 0.874970 -0.350000
v 0.000000 0.834015 -0.399149
v 0.000000 0.838511 -0.398091
v 0.000000 0.842890 -0.396624
v 0.000000 0.847115 -0.394758
v 0.000000 0.851149 -0.392511
v 0.000000 0.854959 -0.389901
v 0.000000 0.858513 -0.386950
v 0.000000 0.861778 -0.383685
v 0.000000 0.864729 -0.380132
v 0.000000 0.867339 -0.376322
v 0.000000 0.869586 -0.372287
v 0.000000 0.871451 -0.368062
v 0.000000 0.872919 -0.363683
v 0.000000 0.873976 -0.359187
v 0.000000 0.874614 -0.354613
v 0.000000 0.874828 -0.350000
v 0.007130 0.834235 -0.399149
v 0.006853 0.838722 -0.398091
v 0.006583 0.843093 -0.396624
v 0.006323 0.847309 -0.394758
v 0.006075 0.851336 -0.392511
v 0.005840 0.855139 -0.389901
v 0.005621 0.858686 -0.386950
v 0.005420 0.861945 -0.383685
v 0.005239 0.864890 -0.380132
v 0.005078 0.867495 -0.376322
v 0.004940 0.869738 -0.372287
v 0.004825 0.871600 -0.368062
v 0.004735 0.873065 -0.363683
v 0.004669 0.874120 -0.359187
v 0.004630 0.874757 -0.354613
v 0.004617 0.874970 -0.350000
v 0.009243 0.875185 -0.354613
v 0.009217 0.875396 -0.350000
v 0.008109 0.875267 -0.350000
v 0.014232 0.834893 -0.399149
v 0.013680 0.839355 -0.398091
v 0.013141 0.843700 -0.396624
v 0.012622 0.847893 -0.394758
v 0.012126 0.851897 -0.392511
v 0.011658 0.855678 -0.389901
v 0.011222 0.859205 -0.386950
v 0.010820 0.862446 -0.383685
v 0.010458 0.865374 -0.380132
v 0.010137 0.867964 -0.376322
v 0.009861 0.870194 -0.372287
v 0.009632 0.872045 -0.368062
v 0.009451 0.873502 -0.363683
v 0.009321 0.874551 -0.359187
v 0.021280 0.835987 -0.399149
v 0.020454 0.840406 -0.398091
v 0.019650 0.844711 -0.396624
v 0.018873 0.848864 -0.394758
v 0.018132 0.852830 -0.392511
v 0.017432 0.856575 -0.389901
v 0.016779 0.860067 -0.386950
v 0.016179 0.863277 -0.383685
v 0.015637 0.866178 -0.380132
v 0.015157 0.868743 -0.376322
v 0.014744 0.870952 -0.372287
v 0.014402 0.872786 -0.368062
v 0.014132 0.874229 -0.363683
v 0.013938 0.875268 -0.359187
v 0.013820 0.875895 -0.354613
v 0.013781 0.876105 -0.350000
v 0.018346 0.876886 -0.354613
v 0.018294 0.877093 -0.350000
v 0.016123 0.876581 -0.350000
v 0.028248 0.837513 -0.399149
v 0.027152 0.841873 -0.398091
v 0.026084 0.846120 -0.396624
v 0.025053 0.850217 -0.394758
v 0.024069 0.854130 -0.392511
v 0.023140 0.857825 -0.389901
v 0.022273 0.861270 -0.386950
v 0.021476 0.864438 -0.383685
v 0.020757 0.867299 -0.380132
v 0.020120 0.869830 -0.376322
v 0.019572 0.872009 -0.372287
v 0.019117 0.873819 -0.368062
v 0.018759 0.875242 -0.363683
v 0.018501 0.876267 -0.359187
v 0.035109 0.839465 -0.399149
v 0.033746 0.843749 -0.398091
v 0.032419 0.847922 -0.396624
v 0.031138 0.851948 -0.394758
v 0.029915 0.855793 -0.392511
v 0.028760 0.859424 -0.389901
v 0.027682 0.862810 -0.386950
v 0.026692 0.865922 -0.383685
v 0.025798 0.868733 -0.380132
v 0.025007 0.871220 -0.376322
v 0.024326 0.873362 -0.372287
v 0.023760 0.875140 -0.368062
v 0.023315 0.876538 -0.363683
v 0.022995 0.877546 -0.359187
v 0.041836 0.841836 -0.399149
v 0.040212 0.846028 -0.398091
v 0.038630 0.850111 -0.396624
v 0.037104 0.854051 -0.394758
v 0.035647 0.857813 -0.392511
v 0.034270 0.861366 -0.389901
v 0.032987 0.864679 -0.386950
v 0.031807 0.867724 -0.383685
v 0.030741 0.870475 -0.380132
v 0.029799 0.872909 -0.376322
v 0.028987 0.875004 -0.372287
v 0.028313 0.876744 -0.368062
v 0.027783 0.878112 -0.363683
v 0.027401 0.879098 -0.359187
v 0.027170 0.879693 -0.354613
v 0.027093 0.879892 -0.350000
v 0.048405 0.844616 -0.399149
v 0.046526 0.848700 -0.398091
v 0.044696 0.852678 -0.396624
v 0.042930 0.856516 -0.394758
v 0.041244 0.860182 -0.392511
v 0.039651 0.863643 -0.389901
v 0.038166 0.866871 -0.386950
v 0.036801 0.869838 -0.383685
v 0.035568 0.872518 -0.380132
v 0.034477 0.874889 -0.376322
v 0.033538 0.876931 -0.372287
v 0.032758 0.878626 -0.368062
v 0.032145 0.879959 -0.363683
v 0.031703 0.880919 -0.359187
v 0.054790 0.847795 -0.399149
v 0.052663 0.851756 -0.398091
v 0.050592 0.855614 -0.396624
v 0.048593 0.859336 -0.394758
v 0.046684 0.862891 -0.392511
v 0.044882 0.866248 -0.389901
v 0.043201 0.869378 -0.386950
v 0.041656 0.872255 -0.383685
v 0.040260 0.874854 -0.380132
v 0.039025 0.877154 -0.376322
v 0.037962 0.879134 -0.372287
v 0.037079 0.880777 -0.368062
v 0.036385 0.882070 -0.363683
v 0.035885 0.883002 -0.359187
v 0.035583 0.883564 -0.354613
v 0.035482 0.883752 -0.350000
v 0.039595 0.885880 -0.354613
v 0.039482 0.886061 -0.350000
v 0.038667 0.885563 -0.350000
v 0.060967 0.851362 -0.399149
v 0.058601 0.855184 -0.398091
v 0.056296 0.858907 -0.396624
v 0.054071 0.862499 -0.394758
v 0.051947 0.865930 -0.392511
v 0.049942 0.869169 -0.389901
v 0.048071 0.872190 -0.386950
v 0.046352 0.874967 -0.383685
v 0.044799 0.877475 -0.380132
v 0.043425 0.879694 -0.376322
v 0.042242 0.881605 -0.372287
v 0.041260 0.883191 -0.368062
v 0.040487 0.884439 -0.363683
v 0.039931 0.885338 -0.359187
v 0.066913 0.855302 -0.399149
v 0.064316 0.858971 -0.398091
v 0.061786 0.862545 -0.396624
v 0.059345 0.865994 -0.394758
v 0.057014 0.869287 -0.392511
v 0.054812 0.872397 -0.389901
v 0.052760 0.875297 -0.386950
v 0.050873 0.877962 -0.383685
v 0.049168 0.880370 -0.380132
v 0.047660 0.882500 -0.376322
v 0.046362 0.884335 -0.372287
v 0.045284 0.885857 -0.368062
v 0.044436 0.887055 -0.363683
v 0.043825 0.887918 -0.359187
v 0.043456 0.888439 -0.354613
v 0.043333 0.888613 -0.350000
v 0.047153 0.891231 -0.354613
v 0.047019 0.891397 -0.350000
v 0.045388 0.890121 -0.350000
v 0.072606 0.859600 -0.399149
v 0.069787 0.863103 -0.398091
v 0.067042 0.866514 -0.396624
v 0.064393 0.869806 -0.394758
v 0.061864 0.872949 -0.392511
v 0.059475 0.875918 -0.389901
v 0.057248 0.878686 -0.386950
v 0.055200 0.881230 -0.383685
v 0.053351 0.883529 -0.380132
v 0.051714 0.885562 -0.376322
v 0.050306 0.887313 -0.372287
v 0.049136 0.888766 -0.368062
v 0.048216 0.889910 -0.363683
v 0.047553 0.890733 -0.359187
v 0.078022 0.864241 -0.399149
v 0.074994 0.867564 -0.398091
v 0.072044 0.870800 -0.396624
v 0.069197 0.873922 -0.394758
v 0.066479 0.876904 -0.392511
v 0.063912 0.879719 -0.389901
v 0.061519 0.882345 -0.386950
v 0.059319 0.884758 -0.383685
v 0.057331 0.886939 -0.380132
v 0.055573 0.888867 -0.376322
v 0.054059 0.890528 -0.372287
v 0.052802 0.891907 -0.368062
v 0.051813 0.892991 -0.363683
v 0.051101 0.893773 -0.359187
v 0.083143 0.869207 -0.399149
v 0.079916 0.872336 -0.398091
v 0.076772 0.875385 -0.396624
v 0.073739 0.878326 -0.394758
v 0.070842 0.881134 -0.392511
v 0.068107 0.883787 -0.389901
v 0.065556 0.886260 -0.386950
v 0.063212 0.888533 -0.383685
v 0.061094 0.890587 -0.380132
v 0.059220 0.892404 -0.376322
v 0.057607 0.893969 -0.372287
v 0.056267 0.895267 -0.368062
v 0.055214 0.896289 -0.363683
v 0.054455 0.897025 -0.359187
v 0.053997 0.897469 -0.354613
v 0.053843 0.897618 -0.350000
v 0.087949 0.874478 -0.399149
v 0.084535 0.877403 -0.398091
v 0.081209 0.880252 -0.396624
v 0.078001 0.883001 -0.394758
v 0.074937 0.885626 -0.392511
v 0.072043 0.888105 -0.389901
v 0.069345 0.890416 -0.386950
v 0.066865 0.892541 -0.383685
v 0.064625 0.894461 -0.380132
v 0.062643 0.896159 -0.376322
v 0.060936 0.897621 -0.372287
v 0.059519 0.898835 -0.368062
v 0.058405 0.899790 -0.363683
v 0.057602 0.900477 -0.359187
v 0.092420 0.880035 -0.399149
v 0.088833 0.882744 -0.398091
v 0.085338 0.885383 -0.396624
v 0.081967 0.887929 -0.394758
v 0.078747 0.890361 -0.392511
v 0.075707 0.892657 -0.389901
v 0.072871 0.894798 -0.386950
v 0.070265 0.896766 -0.383685
v 0.067911 0.898544 -0.380132
v 0.065828 0.900117 -0.376322
v 0.064034 0.901471 -0.372287
v 0.062546 0.902595 -0.368062
v 0.061374 0.903480 -0.363683
v 0.060531 0.904117 -0.359187
v 0.060022 0.904502 -0.354613
v 0.059851 0.904630 -0.350000
v 0.062698 0.908283 -0.354613
v 0.062520 0.908400 -0.350000
v 0.062077 0.907739 -0.350000
v 0.096542 0.885857 -0.399149
v 0.092794 0.888340 -0.398091
v 0.089144 0.890759 -0.396624
v 0.085622 0.893093 -0.394758
v 0.082259 0.895321 -0.392511
v 0.079082 0.897426 -0.389901
v 0.076121 0.899388 -0.386950
v 0.073398 0.901192 -0.383685
v 0.070939 0.902822 -0.380132
v 0.068763 0.904264 -0.376322
v 0.066890 0.905505 -0.372287
v 0.065335 0.906535 -0.368062
v 0.064111 0.907346 -0.363683
v 0.063230 0.907930 -0.359187
v 0.100297 0.891921 -0.399149
v 0.096403 0.894169 -0.398091
v 0.092611 0.896359 -0.396624
v 0.088952 0.898471 -0.394758
v 0.085458 0.900489 -0.392511
v 0.082158 0.902394 -0.389901
v 0.079081 0.904170 -0.386950
v 0.076253 0.905803 -0.383685
v 0.073698 0.907278 -0.380132
v 0.071438 0.908583 -0.376322
v 0.069491 0.909707 -0.372287
v 0.067876 0.910640 -0.368062
v 0.066605 0.911373 -0.363683
v 0.065689 0.911902 -0.359187
v 0.065137 0.912221 -0.354613
v 0.064952 0.912328 -0.350000
v 0.067328 0.916302 -0.354613
v 0.067137 0.916397 -0.350000
v 0.066263 0.914697 -0.350000
v 0.103671 0.898206 -0.399149
v 0.099647 0.900210 -0.398091
v 0.095727 0.902161 -0.396624
v 0.091945 0.904045 -0.394758
v 0.088333 0.905843 -0.392511
v 0.084923 0.907541 -0.389901
v 0.081742 0.909125 -0.386950
v 0.078819 0.910581 -0.383685
v 0.076178 0.911896 -0.380132
v 0.073841 0.913059 -0.376322
v 0.071830 0.914061 -0.372287
v 0.070160 0.914892 -0.368062
v 0.068846 0.915547 -0.363683
v 0.067899 0.916018 -0.359187
v 0.106652 0.904686 -0.399149
v 0.102512 0.906438 -0.398091
v 0.098480 0.908145 -0.396624
v 0.094589 0.909792 -0.394758
v 0.090873 0.911364 -0.392511
v 0.087365 0.912849 -0.389901
v 0.084093 0.914234 -0.386950
v 0.081085 0.915507 -0.383685
v 0.078368 0.916657 -0.380132
v 0.075965 0.917675 -0.376322
v 0.073895 0.918551 -0.372287
v 0.072177 0.919278 -0.368062
v 0.070826 0.919850 -0.363683
v 0.069852 0.920262 -0.359187
v 0.109229 0.911337 -0.399149
v 0.104989 0.912831 -0.398091
v 0.100859 0.914286 -0.396624
v 0.096874 0.915691 -0.394758
v 0.093069 0.917031 -0.392511
v 0.089475 0.918298 -0.389901
v 0.086124 0.919479 -0.386950
v 0.083044 0.920564 -0.383685
v 0.080262 0.921545 -0.380132
v 0.077800 0.922412 -0.376322
v 0.075680 0.923159 -0.372287
v 0.073921 0.923779 -0.368062
v 0.072537 0.924267 -0.363683
v 0.071540 0.924618 -0.359187
v 0.070938 0.924830 -0.354613
v 0.070737 0.924901 -0.350000
v 0.111391 0.918134 -0.399149
v 0.107067 0.919364 -0.398091
v 0.102856 0.920563 -0.396624
v 0.098792 0.921719 -0.394758
v 0.094911 0.922823 -0.392511
v 0.091247 0.923866 -0.389901
v 0.087829 0.924838 -0.386950
v 0.084688 0.925732 -0.383685
v 0.081851 0.926539 -0.380132
v 0.079340 0.927253 -0.376322
v 0.077179 0.927868 -0.372287
v 0.075384 0.928379 -0.368062
v 0.073973 0.928781 -0.363683
v 0.072956 0.929070 -0.359187
v 0.113131 0.925052 -0.399149
v 0.108740 0.926013 -0.398091
v 0.104462 0.926950 -0.396624
v 0.100335 0.927854 -0.394758
v 0.096394 0.928717 -0.392511
v 0.092672 0.929532 -0.389901
v 0.089201 0.930292 -0.386950
v 0.086011 0.930991 -0.383685
v 0.083129 0.931622 -0.380132
v 0.080579 0.932181 -0.376322
v 0.078384 0.932661 -0.372287
v 0.076562 0.933060 -0.368062
v 0.075128 0.933374 -0.363683
v 0.074095 0.933601 -0.359187
v 0.073472 0.933737 -0.354613
v 0.073264 0.933783 -0.350000
v 0.074323 0.938291 -0.354613
v 0.074112 0.938323 -0.350000
v 0.074012 0.937694 -0.350000
v 0.114442 0.932063 -0.399149
v 0.109999 0.932753 -0.398091
v 0.105672 0.933424 -0.396624
v 0.101498 0.934072 -0.394758
v 0.097511 0.934691 -0.392511
v 0.093746 0.935276 -0.389901
v 0.090235 0.935821 -0.386950
v 0.087008 0.936322 -0.383685
v 0.084092 0.936774 -0.380132
v 0.081513 0.937175 -0.376322
v 0.079292 0.937519 -0.372287
v 0.077449 0.937805 -0.368062
v 0.075999 0.938031 -0.363683
v 0.074954 0.938193 -0.359187
v 0.115318 0.939142 -0.399149
v 0.110842 0.939557 -0.398091
v 0.106482 0.939961 -0.396624
v 0.102275 0.940351 -0.394758
v 0.098257 0.940723 -0.392511
v 0.094464 0.941074 -0.389901
v 0.090926 0.941402 -0.386950
v 0.087674 0.941704 -0.383685
v 0.084736 0.941976 -0.380132
v 0.082137 0.942217 -0.376322
v 0.079900 0.942424 -0.372287
v 0.078042 0.942596 -0.368062
v 0.076581 0.942731 -0.363683
v 0.075528 0.942829 -0.359187
v 0.074892 0.942888 -0.354613
v 0.074680 0.942908 -0.350000
v 0.075178 0.947512 -0.354613
v 0.074964 0.947518 -0.350000
v 0.074890 0.945767 -0.350000
v 0.115758 0.946261 -0.399149
v 0.111264 0.946400 -0.398091
v 0.106887 0.946535 -0.396624
v 0.102664 0.946665 -0.394758
v 0.098632 0.946789 -0.392511
v 0.094823 0.946906 -0.389901
v 0.091272 0.947016 -0.386950
v 0.088008 0.947116 -0.383685
v 0.085059 0.947207 -0.380132
v 0.082450 0.947287 -0.376322
v 0.080204 0.947357 -0.372287
v 0.078339 0.947414 -0.368062
v 0.076872 0.947459 -0.363683
v 0.075815 0.947492 -0.359187
v 0.115758 0.953394 -0.399149
v 0.111264 0.953256 -0.398091
v 0.106887 0.953121 -0.396624
v 0.102664 0.952991 -0.394758
v 0.098632 0.952867 -0.392511
v 0.094823 0.952749 -0.389901
v 0.091272 0.952640 -0.386950
v 0.088008 0.952539 -0.383685
v 0.085059 0.952448 -0.380132
v 0.082450 0.952368 -0.376322
v 0.080204 0.952299 -0.372287
v 0.078339 0.952241 -0.368062
v 0.076872 0.952196 -0.363683
v 0.075815 0.952164 -0.359187
v 0.115318 0.960514 -0.399149
v 0.110842 0.960099 -0.398091
v 0.106482 0.959695 -0.396624
v 0.102275 0.959305 -0.394758
v 0.098257 0.958933 -0.392511
v 0.094464 0.958581 -0.389901
v 0.090926 0.958253 -0.386950
v 0.087674 0.957952 -0.383685
v 0.084736 0.957680 -0.380132
v 0.082137 0.957439 -0.376322
v 0.079900 0.957232 -0.372287
v 0.078042 0.957059 -0.368062
v 0.076581 0.956924 -0.363683
v 0.075528 0.956826 -0.359187
v 0.074892 0.956768 -0.354613
v 0.074680 0.956748 -0.350000
v 0.114442 0.967592 -0.399149
v 0.109999 0.966903 -0.398091
v 0.105672 0.966231 -0.396624
v 0.101498 0.965583 -0.394758
v 0.097511 0.964964 -0.392511
v 0.093746 0.964380 -0.389901
v 0.090235 0.963835 -0.386950
v 0.087008 0.963334 -0.383685
v 0.084092 0.962881 -0.380132
v 0.081513 0.962481 -0.376322
v 0.079292 0.962136 -0.372287
v 0.077449 0.961850 -0.368062
v 0.075999 0.961625 -0.363683
v 0.074954 0.961463 -0.359187
v 0.113131 0.974604 -0.399149
v 0.108740 0.973642 -0.398091
v 0.104462 0.972705 -0.396624
v 0.100335 0.971801 -0.394758
v 0.096394 0.970938 -0.392511
v 0.092672 0.970123 -0.389901
v 0.089201 0.969363 -0.386950
v 0.086011 0.968664 -0.383685
v 0.083129 0.968033 -0.380132
v 0.080579 0.967475 -0.376322
v 0.078384 0.966994 -0.372287
v 0.076562 0.966595 -0.368062
v 0.075128 0.966281 -0.363683
v 0.074095 0.966055 -0.359187
v 0.073472 0.965918 -0.354613
v 0.073264 0.965873 -0.350000
v 0.072342 0.970411 -0.354613
v 0.072137 0.970352 -0.350000
v 0.072266 0.969892 -0.350000
v 0.111391 0.981521 -0.399149
v 0.107067 0.980291 -0.398091
v 0.102856 0.979093 -0.396624
v 0.098792 0.977937 -0.394758
v 0.094911 0.976832 -0.392511
v 0.091247 0.975790 -0.389901
v 0.087829 0.974817 -0.386950
v 0.084688 0.973924 -0.383685
v 0.081851 0.973116 -0.380132
v 0.079340 0.972402 -0.376322
v 0.077179 0.971787 -0.372287
v 0.075384 0.971276 -0.368062
v 0.073973 0.970875 -0.363683
v 0.072956 0.970585 -0.359187
v 0.109229 0.988319 -0.399149
v 0.104989 0.986824 -0.398091
v 0.100859 0.985369 -0.396624
v 0.096874 0.983965 -0.394758
v 0.093069 0.982624 -0.392511
v 0.089475 0.981358 -0.389901
v 0.086124 0.980177 -0.386950
v 0.083044 0.979091 -0.383685
v 0.080262 0.978111 -0.380132
v 0.077800 0.977243 -0.376322
v 0.075680 0.976497 -0.372287
v 0.073921 0.975877 -0.368062
v 0.072537 0.975389 -0.363683
v 0.071540 0.975037 -0.359187
v 0.070938 0.974825 -0.354613
v 0.070737 0.974754 -0.350000
v 0.069264 0.979145 -0.354613
v 0.069068 0.979062 -0.350000
v 0.069673 0.977588 -0.350000
v 0.106652 0.994970 -0.399149
v 0.102512 0.993217 -0.398091
v 0.098480 0.991511 -0.396624
v 0.094589 0.989864 -0.394758
v 0.090873 0.988291 -0.392511
v 0.087365 0.986806 -0.389901
v 0.084093 0.985421 -0.386950
v 0.081085 0.984148 -0.383685
v 0.078368 0.982998 -0.380132
v 0.075965 0.981981 -0.376322
v 0.073895 0.981105 -0.372287
v 0.072177 0.980378 -0.368062
v 0.070826 0.979806 -0.363683
v 0.069852 0.979394 -0.359187
v 0.103671 1.001450 -0.399149
v 0.099647 0.999446 -0.398091
v 0.095727 0.997494 -0.396624
v 0.091945 0.995611 -0.394758
v 0.088333 0.993813 -0.392511
v 0.084923 0.992114 -0.389901
v 0.081742 0.990530 -0.386950
v 0.078819 0.989075 -0.383685
v 0.076178 0.987760 -0.380132
v 0.073841 0.986596 -0.376322
v 0.071830 0.985595 -0.372287
v 0.070160 0.984763 -0.368062
v 0.068846 0.984109 -0.363683
v 0.067899 0.983638 -0.359187
v 0.100297 1.007734 -0.399149
v 0.096403 1.005486 -0.398091
v 0.092611 1.003297 -0.396624
v 0.088952 1.001184 -0.394758
v 0.085458 0.999167 -0.392511
v 0.082158 0.997262 -0.389901
v 0.079081 0.995485 -0.386950
v 0.076253 0.993852 -0.383685
v 0.073698 0.992377 -0.380132
v 0.071438 0.991072 -0.376322
v 0.069491 0.989949 -0.372287
v 0.067876 0.989016 -0.368062
v 0.066605 0.988282 -0.363683
v 0.065689 0.987753 -0.359187
v 0.065137 0.987434 -0.354613
v 0.064952 0.987328 -0.350000
v 0.096542 1.013798 -0.399149
v 0.092794 1.011315 -0.398091
v 0.089144 1.008896 -0.396624
v 0.085622 1.006563 -0.394758
v 0.082259 1.004334 -0.392511
v 0.079082 1.002230 -0.389901
v 0.076121 1.000267 -0.386950
v 0.073398 0.998463 -0.383685
v 0.070939 0.996834 -0.380132
v 0.068763 0.995392 -0.376322
v 0.066890 0.994151 -0.372287
v 0.065335 0.993120 -0.368062
v 0.064111 0.992309 -0.363683
v 0.063230 0.991725 -0.359187
v 0.092420 1.019620 -0.399149
v 0.088833 1.016911 -0.398091
v 0.085338 1.014272 -0.396624
v 0.081967 1.011726 -0.394758
v 0.078747 1.009295 -0.392511
v 0.075707 1.006999 -0.389901
v 0.072871 1.004857 -0.386950
v 0.070265 1.002889 -0.383685
v 0.067911 1.001111 -0.380132
v 0.065828 0.999539 -0.376322
v 0.064034 0.998184 -0.372287
v 0.062546 0.997060 -0.368062
v 0.061374 0.996176 -0.363683
v 0.060531 0.995538 -0.359187
v 0.060022 0.995154 -0.354613
v 0.059851 0.995025 -0.350000
v 0.057117 0.998763 -0.354613
v 0.056955 0.998624 -0.350000
v 0.057162 0.998382 -0.350000
v 0.087949 1.025177 -0.399149
v 0.084535 1.022253 -0.398091
v 0.081209 1.019403 -0.396624
v 0.078001 1.016655 -0.394758
v 0.074937 1.014030 -0.392511
v 0.072043 1.011551 -0.389901
v 0.069345 1.009239 -0.386950
v 0.066865 1.007114 -0.383685
v 0.064625 1.005195 -0.380132
v 0.062643 1.003497 -0.376322
v 0.060936 1.002035 -0.372287
v 0.059519 1.000821 -0.368062
v 0.058405 0.999866 -0.363683
v 0.057602 0.999178 -0.359187
v 0.083143 1.030449 -0.399149
v 0.079916 1.027319 -0.398091
v 0.076772 1.024271 -0.396624
v 0.073739 1.021330 -0.394758
v 0.070842 1.018521 -0.392511
v 0.068107 1.015869 -0.389901
v 0.065556 1.013395 -0.386950
v 0.063212 1.011122 -0.383685
v 0.061094 1.009068 -0.380132
v 0.059220 1.007251 -0.376322
v 0.057607 1.005687 -0.372287
v 0.056267 1.004388 -0.368062
v 0.055214 1.003366 -0.363683
v 0.054455 1.002630 -0.359187
v 0.053997 1.002186 -0.354613
v 0.053843 1.002038 -0.350000
v 0.050671 1.005411 -0.354613
v 0.050527 1.005253 -0.350000
v 0.051577 1.004277 -0.350000
v 0.078022 1.035414 -0.399149
v 0.074994 1.032092 -0.398091
v 0.072044 1.028856 -0.396624
v 0.069197 1.025734 -0.394758
v 0.066479 1.022752 -0.392511
v 0.063912 1.019936 -0.389901
v 0.061519 1.017311 -0.386950
v 0.059319 1.014897 -0.383685
v 0.057331 1.012717 -0.380132
v 0.055573 1.010788 -0.376322
v 0.054059 1.009127 -0.372287
v 0.052802 1.007749 -0.368062
v 0.051813 1.006664 -0.363683
v 0.051101 1.005883 -0.359187
v 0.072606 1.040055 -0.399149
v 0.069787 1.036553 -0.398091
v 0.067042 1.033141 -0.396624
v 0.064393 1.029850 -0.394758
v 0.061864 1.026706 -0.392511
v 0.059475 1.023738 -0.389901
v 0.057248 1.020970 -0.386950
v 0.055200 1.018425 -0.383685
v 0.053351 1.016127 -0.380132
v 0.051714 1.014093 -0.376322
v 0.050306 1.012343 -0.372287
v 0.049136 1.010889 -0.368062
v 0.048216 1.009746 -0.363683
v 0.047553 1.008922 -0.359187
v 0.066913 1.044354 -0.399149
v 0.064316 1.040684 -0.398091
v 0.061786 1.037110 -0.396624
v 0.059345 1.033662 -0.394758
v 0.057014 1.030369 -0.392511
v 0.054812 1.027259 -0.389901
v 0.052760 1.024359 -0.386950
v 0.050873 1.021693 -0.383685
v 0.049168 1.019285 -0.380132
v 0.047660 1.017155 -0.376322
v 0.046362 1.015321 -0.372287
v 0.045284 1.013798 -0.368062
v 0.044436 1.012600 -0.363683
v 0.043825 1.011737 -0.359187
v 0.043456 1.011217 -0.354613
v 0.043333 1.011042 -0.350000
v 0.060967 1.048293 -0.399149
v 0.058601 1.044471 -0.398091
v 0.056296 1.040748 -0.396624
v 0.054071 1.037156 -0.394758
v 0.051947 1.033726 -0.392511
v 0.049942 1.030486 -0.389901
v 0.048071 1.027465 -0.386950
v 0.046352 1.024689 -0.383685
v 0.044799 1.022180 -0.380132
v 0.043425 1.019961 -0.376322
v 0.042242 1.018051 -0.372287
v 0.041260 1.016465 -0.368062
v 0.040487 1.015217 -0.363683
v 0.039931 1.014318 -0.359187
v 0.054790 1.051860 -0.399149
v 0.052663 1.047899 -0.398091
v 0.050592 1.044041 -0.396624
v 0.048593 1.040319 -0.394758
v 0.046684 1.036765 -0.392511
v 0.044882 1.033408 -0.389901
v 0.043201 1.030277 -0.386950
v 0.041656 1.027400 -0.383685
v 0.040260 1.024801 -0.380132
v 0.039025 1.022502 -0.376322
v 0.037962 1.020522 -0.372287
v 0.037079 1.018878 -0.368062
v 0.036385 1.017585 -0.363683
v 0.035885 1.016654 -0.359187
v 0.035583 1.016092 -0.354613
v 0.035482 1.015904 -0.350000
v 0.031436 1.018156 -0.354613
v 0.031347 1.017963 -0.350000
v 0.031492 1.017896 -0.350000
v 0.048405 1.055039 -0.399149
v 0.046526 1.050955 -0.398091
v 0.044696 1.046977 -0.396624
v 0.042930 1.043139 -0.394758
v 0.041244 1.039474 -0.392511
v 0.039651 1.036012 -0.389901
v 0.038166 1.032784 -0.386950
v 0.036801 1.029818 -0.383685
v 0.035568 1.027137 -0.380132
v 0.034477 1.024766 -0.376322
v 0.033538 1.022725 -0.372287
v 0.032758 1.021030 -0.368062
v 0.032145 1.019697 -0.363683
v 0.031703 1.018736 -0.359187
v 0.041836 1.057820 -0.399149
v 0.040212 1.053628 -0.398091
v 0.038630 1.049544 -0.396624
v 0.037104 1.045605 -0.394758
v 0.035647 1.041843 -0.392511
v 0.034270 1.038290 -0.389901
v 0.032987 1.034977 -0.386950
v 0.031807 1.031932 -0.383685
v 0.030741 1.029180 -0.380132
v 0.029799 1.026747 -0.376322
v 0.028987 1.024651 -0.372287
v 0.028313 1.022912 -0.368062
v 0.027783 1.021543 -0.363683
v 0.027401 1.020557 -0.359187
v 0.027170 1.019962 -0.354613
v 0.027093 1.019763 -0.350000
v 0.022801 1.021502 -0.354613
v 0.022736 1.021298 -0.350000
v 0.023948 1.020902 -0.350000
v 0.035109 1.060190 -0.399149
v 0.033746 1.055906 -0.398091
v 0.032419 1.051733 -0.396624
v 0.031138 1.047707 -0.394758
v 0.029915 1.043862 -0.392511
v 0.028760 1.040232 -0.389901
v 0.027682 1.036846 -0.386950
v 0.026692 1.033734 -0.383685
v 0.025798 1.030922 -0.380132
v 0.025007 1.028435 -0.376322
v 0.024326 1.026294 -0.372287
v 0.023760 1.024516 -0.368062
v 0.023315 1.023117 -0.363683
v 0.022995 1.022110 -0.359187
v 0.028248 1.062142 -0.399149
v 0.027152 1.057782 -0.398091
v 0.026084 1.053536 -0.396624
v 0.025053 1.049439 -0.394758
v 0.024069 1.045526 -0.392511
v 0.023140 1.041831 -0.389901
v 0.022273 1.038385 -0.386950
v 0.021476 1.035218 -0.383685
v 0.020757 1.032357 -0.380132
v 0.020120 1.029825 -0.376322
v 0.019572 1.027646 -0.372287
v 0.019117 1.025837 -0.368062
v 0.018759 1.024414 -0.363683
v 0.018501 1.023388 -0.359187
v 0.021280 1.063668 -0.399149
v 0.020454 1.059249 -0.398091
v 0.019650 1.054945 -0.396624
v 0.018873 1.050792 -0.394758
v 0.018132 1.046826 -0.392511
v 0.017432 1.043081 -0.389901
v 0.016779 1.039588 -0.386950
v 0.016179 1.036378 -0.383685
v 0.015637 1.033478 -0.380132
v 0.015157 1.030912 -0.376322
v 0.014744 1.028703 -0.372287
v 0.014402 1.026870 -0.368062
v 0.014132 1.025427 -0.363683
v 0.013938 1.024388 -0.359187
v 0.013820 1.023760 -0.354613
v 0.013781 1.023551 -0.350000
v 0.014232 1.064762 -0.399149
v 0.013680 1.060301 -0.398091
v 0.013141 1.055955 -0.396624
v 0.012622 1.051762 -0.394758
v 0.012126 1.047758 -0.392511
v 0.011658 1.043977 -0.389901
v 0.011222 1.040451 -0.386950
v 0.010820 1.037210 -0.383685
v 0.010458 1.034282 -0.380132
v 0.010137 1.031692 -0.376322
v 0.009861 1.029461 -0.372287
v 0.009632 1.027610 -0.368062
v 0.009451 1.026154 -0.363683
v 0.009321 1.025104 -0.359187
v 0.007130 1.065421 -0.399149
v 0.006853 1.060933 -0.398091
v 0.006583 1.056563 -0.396624
v 0.006323 1.052346 -0.394758
v 0.006075 1.048319 -0.392511
v 0.005840 1.044516 -0.389901
v 0.005621 1.040970 -0.386950
v 0.005420 1.037710 -0.383685
v 0.005239 1.034765 -0.380132
v 0.005078 1.032160 -0.376322
v 0.004940 1.029917 -0.372287
v 0.004825 1.028055 -0.368062
v 0.004735 1.026591 -0.363683
v 0.004669 1.025535 -0.359187
v 0.004630 1.024898 -0.354613
v 0.004617 1.024686 -0.350000
v 0.049937 0.447328 -0.050000
v -0.049937 0.447328 -0.050000
v -0.016007 0.402459 -0.050000
v -0.021048 0.404474 -0.050000
v -0.025841 0.407023 -0.050000
v -0.030329 0.410077 -0.050000
v -0.034460 0.413599 -0.050000
v -0.038185 0.417549 -0.050000
v -0.041459 0.421879 -0.050000
v -0.048225 0.436623 -0.050000
v -0.049372 0.441929 -0.050000
v 0.005421 0.400122 -0.050000
v -0.000000 0.399828 -0.050000
v 0.048225 0.436623 -0.050000
v 0.034460 0.413599 -0.050000
v 0.030329 0.410077 -0.050000
v -0.044245 0.426538 -0.050000
v -0.046509 0.431472 -0.050000
v -0.005421 0.400122 -0.050000
v -0.010777 0.401003 -0.050000
v 0.021048 0.404474 -0.050000
v 0.016007 0.402459 -0.050000
v 0.010777 0.401003 -0.050000
v 0.046509 0.431472 -0.050000
v 0.044245 0.426538 -0.050000
v 0.038185 0.417549 -0.050000
v 0.041459 0.421879 -0.050000
v 0.049372 0.441929 -0.050000
v 0.025841 0.407023 -0.050000
v -0.150000 0.799828 -0.400000
v -0.250000 0.699828 -0.408749
v 0.004325 0.489593 0.005000
v 0.008599 0.488893 0.005000
v 0.012772 0.487734 0.005000
v 0.016796 0.486131 0.005000
v 0.020622 0.484102 0.005000
v 0.024207 0.481671 0.005000
v 0.027508 0.478868 0.005000
v 0.030486 0.475723 0.005000
v 0.033108 0.472275 0.005000
v 0.035340 0.468564 0.005000
v 0.037159 0.464633 0.005000
v 0.038542 0.460529 0.005000
v 0.039473 0.456299 0.005000
v 0.039941 0.451993 0.005000
v 0.039941 0.447662 0.005000
v 0.039473 0.443356 0.005000
v 0.038542 0.439127 0.005000
v 0.037159 0.435022 0.005000
v 0.035340 0.431091 0.005000
v 0.033108 0.427380 0.005000
v 0.030486 0.423932 0.005000
v 0.027508 0.420788 0.005000
v 0.024207 0.417984 0.005000
v 0.020622 0.415553 0.005000
v 0.016796 0.413525 0.005000
v 0.012772 0.411922 0.005000
v 0.008599 0.410763 0.005000
v 0.004325 0.410062 0.005000
v 0.000000 0.409828 0.005000
v -0.004325 0.410062 0.005000
v -0.008599 0.410763 0.005000
v -0.012772 0.411922 0.005000
v -0.016796 0.413525 0.005000
v -0.020622 0.415553 0.005000
v -0.024207 0.417984 0.005000
v -0.027508 0.420788 0.005000
v -0.030486 0.423932 0.005000
v -0.033108 0.427380 0.005000
v -0.035340 0.431091 0.005000
v -0.037159 0.435022 0.005000
v -0.038542 0.439127 0.005000
v -0.039473 0.443356 0.005000
v -0.039941 0.447662 0.005000
v -0.039941 0.451993 0.005000
v -0.039473 0.456299 0.005000
v -0.038542 0.460529 0.005000
v -0.037159 0.464633 0.005000
v -0.035340 0.468564 0.005000
v -0.033108 0.472275 0.005000
v -0.030486 0.475723 0.005000
v -0.027508 0.478868 0.005000
v -0.024207 0.481671 0.005000
v -0.020622 0.484102 0.005000
v -0.016796 0.486131 0.005000
v -0.012772 0.487734 0.005000
v -0.008599 0.488893 0.005000
v -0.004325 0.489593 0.005000
v 0.000000 0.489828 0.005000
v -0.250000 0.699828 -0.420000
v 0.000000 0.449828 0.005000
v -0.250000 1.199828 -0.420000
v 0.000000 0.949828 -0.420000
vn -0.8803 -0.3110 -0.3582
vn -0.7454 -0.3847 -0.5444
vn -0.5148 -0.3623 -0.7770
vn -0.1895 -0.1765 -0.9659
vn -0.0358 -0.0382 -0.9986
vn -0.4868 -0.3073 -0.8177
vn -0.6369 -0.3317 -0.6960
vn -0.7219 -0.3223 -0.6123
vn -0.8677 -0.2649 -0.4206
vn -0.9245 -0.2155 -0.3145
vn -0.9232 -0.2193 -0.3155
vn -0.9451 -0.1952 -0.2619
vn -0.9785 -0.1374 -0.1538
vn 0.7178 -0.3110 -0.6230
vn 0.3043 -0.2472 -0.9199
vn 0.1421 -0.1514 -0.9782
vn 0.2230 -0.1855 -0.9570
vn 0.7586 -0.3112 -0.5724
vn 0.8330 -0.2844 -0.4746
vn 0.8673 -0.2648 -0.4216
vn 0.8955 -0.2449 -0.3717
vn 0.9785 -0.1365 -0.1548
vn 0.9850 -0.1646 -0.0523
vn 0.9783 -0.1374 -0.1548
vn 0.9892 -0.1388 -0.0478
vn 0.9896 -0.1307 -0.0598
vn 0.9986 -0.0521 -0.0038
vn 0.9986 -0.0521 -0.0036
vn 0.9961 -0.0770 -0.0432
vn 0.9962 -0.0749 -0.0434
vn -0.9986 -0.0521 -0.0038
vn -0.8929 -0.2724 -0.3584
vn -0.8952 -0.2489 -0.3698
vn -0.9307 -0.2587 -0.2587
vn -0.9398 -0.2230 -0.2588
vn -0.9444 -0.1948 -0.2648
vn -0.8002 -0.2904 -0.5248
vn -0.7975 -0.2976 -0.5248
vn -0.7998 -0.2997 -0.5201
vn -0.7659 -0.3419 -0.5445
vn -0.7632 -0.3299 -0.5556
vn -0.8180 -0.3536 -0.4538
vn -0.8344 -0.3126 -0.4539
vn -0.8336 -0.2945 -0.4673
vn -0.8688 -0.2592 -0.4219
vn -0.8674 -0.2639 -0.4219
vn -0.5868 -0.3030 -0.7509
vn -0.5783 -0.3183 -0.7512
vn -0.5807 -0.3210 -0.7482
vn -0.5323 -0.3358 -0.7771
vn -0.5306 -0.3215 -0.7843
vn -0.6049 -0.3666 -0.7069
vn -0.6189 -0.3420 -0.7071
vn -0.6238 -0.3234 -0.7116
vn -0.3527 -0.2862 -0.8909
vn -0.3736 -0.2585 -0.8908
vn -0.3782 -0.2696 -0.8856
vn -0.1183 -0.1102 -0.9868
vn -0.1283 -0.1090 -0.9857
vn -0.1948 -0.1704 -0.9659
vn -0.2004 -0.1592 -0.9667
vn -0.2251 -0.1873 -0.9562
vn -0.0373 -0.0367 -0.9986
vn -0.0463 -0.0137 -0.9988
vn -0.0497 -0.0476 -0.9976
vn -0.0331 -0.0406 -0.9986
vn -0.1070 -0.1143 -0.9877
vn -0.1132 -0.1081 -0.9877
vn -0.1058 -0.0773 -0.9914
vn -0.0302 -0.0427 -0.9986
vn -0.0989 -0.1213 -0.9877
vn -0.1770 -0.1890 -0.9659
vn -0.2624 -0.2444 -0.9335
vn -0.2756 -0.2291 -0.9336
vn -0.2737 -0.2220 -0.9358
vn -0.3326 -0.2073 -0.9200
vn -0.3029 -0.2423 -0.9217
vn -0.0272 -0.0447 -0.9986
vn -0.0904 -0.1278 -0.9877
vn -0.1636 -0.2007 -0.9659
vn -0.1770 -0.1891 -0.9659
vn -0.2450 -0.2617 -0.9335
vn -0.3323 -0.3096 -0.8909
vn -0.4231 -0.3433 -0.8385
vn -0.4437 -0.3161 -0.8386
vn -0.4415 -0.3106 -0.8418
vn -0.4850 -0.2761 -0.8298
vn -0.4704 -0.2956 -0.8315
vn -0.0241 -0.0465 -0.9986
vn -0.0814 -0.1337 -0.9877
vn -0.1495 -0.2114 -0.9659
vn -0.2266 -0.2779 -0.9335
vn -0.2450 -0.2618 -0.9335
vn -0.3104 -0.3316 -0.8909
vn -0.3987 -0.3714 -0.8385
vn -0.4889 -0.3966 -0.7770
vn -0.5149 -0.3623 -0.7770
vn -0.5785 -0.4070 -0.7069
vn -0.6049 -0.3665 -0.7069
vn -0.6648 -0.4028 -0.6291
vn -0.6894 -0.3590 -0.6291
vn -0.6877 -0.3549 -0.6334
vn -0.7193 -0.3075 -0.6229
vn -0.7148 -0.3175 -0.6231
vn 0.2036 -0.1603 -0.9658
vn 0.1895 -0.1765 -0.9659
vn 0.2624 -0.2444 -0.9335
vn 0.2450 -0.2618 -0.9335
vn 0.3104 -0.3316 -0.8909
vn 0.2870 -0.3520 -0.8909
vn 0.3443 -0.4223 -0.8385
vn 0.3146 -0.4448 -0.8385
vn 0.3635 -0.5140 -0.7770
vn 0.3276 -0.5376 -0.7770
vn 0.3680 -0.6040 -0.7069
vn 0.3259 -0.6278 -0.7069
vn 0.3581 -0.6899 -0.6291
vn 0.3101 -0.7128 -0.6291
vn 0.3347 -0.7692 -0.5444
vn 0.2813 -0.7902 -0.5444
vn 0.2989 -0.8395 -0.4538
vn -0.0141 -0.0504 -0.9986
vn -0.0176 -0.0493 -0.9986
vn -0.0525 -0.1475 -0.9877
vn -0.0625 -0.1435 -0.9877
vn -0.1033 -0.2374 -0.9659
vn -0.1193 -0.2298 -0.9659
vn -0.1652 -0.3182 -0.9335
vn -0.1866 -0.3062 -0.9335
vn -0.2363 -0.3879 -0.8909
vn -0.2623 -0.3708 -0.8909
vn -0.3146 -0.4448 -0.8385
vn -0.3443 -0.4223 -0.8385
vn -0.3978 -0.4879 -0.7770
vn -0.4302 -0.4596 -0.7770
vn -0.4834 -0.5164 -0.7069
vn -0.5175 -0.4821 -0.7069
vn -0.5688 -0.5298 -0.6291
vn -0.6036 -0.4897 -0.6291
vn -0.6514 -0.5285 -0.5444
vn -0.6860 -0.4827 -0.5444
vn -0.7288 -0.5128 -0.4538
vn 0.2757 -0.2291 -0.9335
vn 0.3323 -0.3096 -0.8909
vn 0.3724 -0.3978 -0.8385
vn 0.3978 -0.4879 -0.7770
vn 0.4084 -0.5775 -0.7069
vn 0.4044 -0.6638 -0.6291
vn 0.3865 -0.7445 -0.5444
vn 0.3555 -0.8171 -0.4538
vn 0.3131 -0.8796 -0.3582
vn 0.0176 -0.0493 -0.9986
vn 0.0141 -0.0504 -0.9986
vn 0.0423 -0.1507 -0.9877
vn 0.0319 -0.1532 -0.9877
vn 0.0528 -0.2535 -0.9659
vn 0.0353 -0.2566 -0.9659
vn 0.0489 -0.3552 -0.9335
vn 0.0245 -0.3577 -0.9335
vn 0.0310 -0.4531 -0.8909
vn -0.0000 -0.4542 -0.8909
vn -0.0000 -0.5448 -0.8385
vn -0.0372 -0.5436 -0.8385
vn -0.0430 -0.6281 -0.7770
vn -0.0859 -0.6237 -0.7770
vn -0.0965 -0.7007 -0.7069
vn -0.1441 -0.6925 -0.7069
vn -0.1584 -0.7610 -0.6291
vn -0.2100 -0.7484 -0.6291
vn -0.2267 -0.8076 -0.5444
vn -0.2813 -0.7902 -0.5444
vn -0.2989 -0.8395 -0.4538
vn -0.3555 -0.8171 -0.4538
vn -0.3725 -0.8561 -0.3582
vn -0.0107 -0.0512 -0.9986
vn -0.0423 -0.1507 -0.9877
vn -0.0868 -0.2440 -0.9659
vn -0.1033 -0.2375 -0.9659
vn -0.1431 -0.3288 -0.9335
vn -0.2093 -0.4031 -0.8909
vn -0.2835 -0.4653 -0.8385
vn -0.3635 -0.5140 -0.7770
vn -0.4470 -0.5482 -0.7069
vn -0.5312 -0.5675 -0.6291
vn -0.5688 -0.5299 -0.6291
vn -0.6138 -0.5718 -0.5444
vn -0.6920 -0.5614 -0.4538
vn -0.7636 -0.5373 -0.3582
vn 0.3279 -0.2085 -0.9214
vn 0.2737 -0.2221 -0.9358
vn 0.3527 -0.2862 -0.8909
vn 0.3987 -0.3714 -0.8385
vn 0.4302 -0.4596 -0.7770
vn 0.4470 -0.5482 -0.7069
vn 0.4489 -0.6346 -0.6291
vn 0.4364 -0.7163 -0.5444
vn 0.4106 -0.7909 -0.4538
vn 0.3725 -0.8561 -0.3582
vn 0.3240 -0.9100 -0.2587
vn 0.0209 -0.0480 -0.9986
vn 0.0525 -0.1475 -0.9877
vn 0.0700 -0.2493 -0.9659
vn 0.0731 -0.3510 -0.9335
vn 0.0619 -0.4500 -0.8909
vn 0.0372 -0.5436 -0.8385
vn -0.0000 -0.5449 -0.8385
vn -0.0000 -0.6295 -0.7770
vn -0.0430 -0.6280 -0.7770
vn -0.0483 -0.7057 -0.7069
vn -0.1060 -0.7701 -0.6291
vn -0.1709 -0.8212 -0.5444
vn -0.2408 -0.8580 -0.4538
vn -0.3131 -0.8796 -0.3582
vn -0.3854 -0.8857 -0.2587
vn -0.0071 -0.0519 -0.9986
vn -0.0107 -0.0513 -0.9986
vn -0.0319 -0.1532 -0.9877
vn -0.0700 -0.2493 -0.9659
vn -0.1203 -0.3378 -0.9335
vn -0.1812 -0.4165 -0.8909
vn -0.2510 -0.4836 -0.8385
vn -0.3275 -0.5376 -0.7770
vn -0.4084 -0.5775 -0.7069
vn -0.4912 -0.6024 -0.6291
vn -0.5732 -0.6124 -0.5444
vn -0.6520 -0.6074 -0.4538
vn -0.7251 -0.5882 -0.3582
vn -0.7900 -0.5559 -0.2587
vn 0.9307 -0.2587 -0.2587
vn 0.3732 -0.2590 -0.8909
vn 0.4231 -0.3433 -0.8385
vn 0.4606 -0.4291 -0.7770
vn 0.4834 -0.5164 -0.7069
vn 0.4912 -0.6025 -0.6291
vn 0.4844 -0.6848 -0.5444
vn 0.4637 -0.7610 -0.4538
vn 0.4302 -0.8287 -0.3582
vn 0.3854 -0.8857 -0.2587
vn 0.3313 -0.9305 -0.1563
vn 0.1968 -0.9457 -0.2587
vn 0.0241 -0.0465 -0.9986
vn 0.0625 -0.1435 -0.9877
vn 0.0868 -0.2440 -0.9659
vn 0.0969 -0.3452 -0.9335
vn 0.0926 -0.4447 -0.8909
vn 0.0619 -0.4499 -0.8909
vn 0.0743 -0.5398 -0.8385
vn 0.0430 -0.6281 -0.7770
vn -0.0000 -0.7073 -0.7069
vn -0.0531 -0.7755 -0.6291
vn -0.1144 -0.8310 -0.5444
vn -0.1816 -0.8724 -0.4538
vn -0.2523 -0.8989 -0.3582
vn -0.3240 -0.9100 -0.2587
vn -0.3941 -0.9057 -0.1563
vn -0.5026 -0.8249 -0.2587
vn -0.0036 -0.0522 -0.9986
vn -0.0213 -0.1551 -0.9877
vn -0.0319 -0.1533 -0.9877
vn -0.0528 -0.2535 -0.9659
vn -0.0969 -0.3452 -0.9335
vn -0.1523 -0.4279 -0.8909
vn -0.2174 -0.4996 -0.8385
vn -0.2900 -0.5588 -0.7770
vn -0.3276 -0.5376 -0.7770
vn -0.3680 -0.6040 -0.7069
vn -0.4489 -0.6346 -0.6291
vn -0.4912 -0.6025 -0.6291
vn -0.5301 -0.6501 -0.5444
vn -0.6090 -0.6505 -0.4538
vn -0.6832 -0.6364 -0.3582
vn -0.7501 -0.6086 -0.2587
vn -0.8078 -0.5684 -0.1563
vn -0.8584 -0.4430 -0.2587
vn -0.0209 -0.0480 -0.9986
vn -0.0721 -0.1389 -0.9877
vn -0.1347 -0.2211 -0.9659
vn -0.2070 -0.2927 -0.9335
vn -0.2870 -0.3520 -0.8909
vn -0.3724 -0.3978 -0.8385
vn -0.4606 -0.4291 -0.7770
vn -0.5493 -0.4456 -0.7069
vn -0.6357 -0.4473 -0.6291
vn -0.7174 -0.4347 -0.5444
vn -0.7919 -0.4086 -0.4538
vn -0.8570 -0.3704 -0.3582
vn -0.9108 -0.3218 -0.2587
vn -0.9516 -0.2646 -0.1563
vn -0.9673 -0.1997 -0.1563
vn -0.9672 -0.1989 -0.1580
vn -0.9785 -0.1365 -0.1548
vn -0.9784 -0.1373 -0.1548
vn 0.9516 -0.2646 -0.1563
vn 0.9313 -0.3290 -0.1563
vn 0.8676 -0.2633 -0.4219
vn 0.8549 -0.3020 -0.4218
vn 0.8803 -0.3110 -0.3582
vn 0.8570 -0.3704 -0.3582
vn 0.8867 -0.3833 -0.2587
vn 0.8584 -0.4429 -0.2587
vn 0.8777 -0.4529 -0.1563
vn 0.8447 -0.5119 -0.1563
vn 0.7227 -0.6732 -0.1563
vn 0.7670 -0.6223 -0.1563
vn 0.7501 -0.6086 -0.2587
vn 0.7900 -0.5559 -0.2587
vn 0.7636 -0.5373 -0.3582
vn 0.7985 -0.4838 -0.3582
vn 0.7621 -0.4618 -0.4538
vn 0.7919 -0.4086 -0.4538
vn 0.7454 -0.3847 -0.5444
vn 0.7660 -0.3417 -0.5445
vn 0.7158 -0.3197 -0.6208
vn 0.5318 -0.8453 -0.0523
vn 0.5767 -0.8153 -0.0523
vn 0.5704 -0.8064 -0.1563
vn 0.6241 -0.7655 -0.1563
vn 0.6104 -0.7487 -0.2587
vn 0.6601 -0.7052 -0.2587
vn 0.6381 -0.6816 -0.3582
vn 0.6832 -0.6364 -0.3582
vn 0.6520 -0.6074 -0.4538
vn 0.6920 -0.5614 -0.4538
vn 0.6514 -0.5285 -0.5444
vn 0.6860 -0.4827 -0.5444
vn 0.6357 -0.4473 -0.6291
vn 0.6648 -0.4028 -0.6291
vn 0.6049 -0.3665 -0.7069
vn 0.6270 -0.3273 -0.7070
vn 0.5860 -0.3239 -0.7428
vn 0.4551 -0.8766 -0.1563
vn 0.5139 -0.8435 -0.1563
vn 0.5026 -0.8249 -0.2587
vn 0.5578 -0.7886 -0.2587
vn 0.5391 -0.7623 -0.3582
vn 0.5900 -0.7236 -0.3582
vn 0.5631 -0.6907 -0.4538
vn 0.6090 -0.6505 -0.4538
vn 0.5732 -0.6124 -0.5444
vn 0.6138 -0.5718 -0.5444
vn 0.5688 -0.5298 -0.6291
vn 0.6037 -0.4897 -0.6291
vn 0.5493 -0.4456 -0.7069
vn 0.5785 -0.4070 -0.7069
vn 0.5149 -0.3623 -0.7770
vn 0.5373 -0.3280 -0.7770
vn 0.4667 -0.3004 -0.8319
vn 0.2013 -0.9670 -0.1563
vn 0.1347 -0.9785 -0.1563
vn 0.0171 -0.9985 -0.0523
vn 0.0683 -0.9963 -0.0523
vn 0.0675 -0.9854 -0.1563
vn 0.1317 -0.9569 -0.2587
vn 0.1902 -0.9141 -0.3582
vn -0.0675 -0.9854 -0.1563
vn -0.0000 -0.9877 -0.1563
vn -0.0000 -0.9660 -0.2587
vn 0.0660 -0.9637 -0.2587
vn 0.0638 -0.9315 -0.3582
vn 0.1273 -0.9249 -0.3582
vn 0.1215 -0.8828 -0.4538
vn 0.1816 -0.8724 -0.4538
vn 0.1709 -0.8212 -0.5444
vn 0.2267 -0.8076 -0.5444
vn 0.2100 -0.7484 -0.6291
vn 0.2607 -0.7323 -0.6291
vn 0.2372 -0.6664 -0.7069
vn 0.2822 -0.6486 -0.7069
vn 0.2512 -0.5773 -0.7770
vn 0.2900 -0.5588 -0.7770
vn 0.2510 -0.4836 -0.8385
vn 0.2835 -0.4653 -0.8385
vn 0.2363 -0.3879 -0.8909
vn 0.2623 -0.3708 -0.8909
vn 0.2070 -0.2927 -0.9335
vn 0.2266 -0.2779 -0.9335
vn 0.1636 -0.2007 -0.9659
vn 0.1770 -0.1890 -0.9659
vn 0.1070 -0.1143 -0.9877
vn 0.1131 -0.1081 -0.9877
vn 0.0708 -0.0678 -0.9952
vn 0.0331 -0.0406 -0.9986
vn 0.0302 -0.0427 -0.9986
vn 0.0904 -0.1278 -0.9877
vn 0.0814 -0.1337 -0.9877
vn 0.1347 -0.2211 -0.9659
vn 0.1193 -0.2298 -0.9659
vn 0.1652 -0.3182 -0.9335
vn 0.1431 -0.3288 -0.9335
vn 0.1812 -0.4165 -0.8909
vn 0.1523 -0.4279 -0.8909
vn 0.1827 -0.5133 -0.8385
vn 0.1472 -0.5246 -0.8385
vn 0.1701 -0.6061 -0.7770
vn 0.1283 -0.6163 -0.7770
vn 0.1441 -0.6925 -0.7069
vn 0.0965 -0.7007 -0.7069
vn 0.1060 -0.7701 -0.6291
vn 0.0531 -0.7755 -0.6291
vn 0.0573 -0.8369 -0.5444
vn -0.0000 -0.8388 -0.5444
vn -0.0000 -0.8911 -0.4538
vn -0.0609 -0.8890 -0.4538
vn -0.0638 -0.9315 -0.3582
vn -0.1273 -0.9249 -0.3582
vn -0.1317 -0.9569 -0.2587
vn -0.1968 -0.9457 -0.2587
vn -0.2013 -0.9670 -0.1563
vn -0.2669 -0.9510 -0.1563
vn -0.5139 -0.8435 -0.1563
vn -0.5704 -0.8064 -0.1563
vn 0.0071 -0.0519 -0.9986
vn 0.0036 -0.0522 -0.9986
vn 0.0107 -0.1562 -0.9877
vn -0.0000 -0.1565 -0.9877
vn -0.0000 -0.2589 -0.9659
vn -0.0177 -0.2584 -0.9659
vn -0.0245 -0.3577 -0.9335
vn -0.0489 -0.3552 -0.9335
vn -0.0619 -0.4500 -0.8909
vn -0.0926 -0.4447 -0.8909
vn -0.1110 -0.5334 -0.8385
vn -0.1472 -0.5246 -0.8385
vn -0.1701 -0.6061 -0.7770
vn -0.2111 -0.5931 -0.7770
vn -0.2372 -0.6664 -0.7069
vn -0.2822 -0.6486 -0.7069
vn -0.3101 -0.7128 -0.6291
vn -0.3581 -0.6899 -0.6291
vn -0.3865 -0.7445 -0.5444
vn -0.4364 -0.7163 -0.5444
vn -0.4637 -0.7610 -0.4538
vn -0.5146 -0.7275 -0.4538
vn -0.5391 -0.7622 -0.3582
vn -0.5900 -0.7236 -0.3582
vn -0.6104 -0.7487 -0.2587
vn -0.6601 -0.7052 -0.2587
vn -0.6750 -0.7211 -0.1563
vn -0.7227 -0.6732 -0.1563
vn -0.8777 -0.4529 -0.1563
vn -0.8777 -0.4529 -0.1564
vn -0.9066 -0.3919 -0.1563
vn -0.9575 -0.2837 -0.0523
vn -0.9416 -0.3326 -0.0523
vn -0.9313 -0.3290 -0.1563
vn -0.8867 -0.3832 -0.2587
vn -0.8297 -0.4281 -0.3582
vn 0.9237 -0.2194 -0.3140
vn 0.9442 -0.2038 -0.2587
vn 0.9446 -0.1951 -0.2641
vn 0.9673 -0.1995 -0.1563
vn 0.9673 -0.1989 -0.1575
vn 0.9782 -0.2011 -0.0523
vn 0.8927 -0.4477 -0.0523
vn 0.9167 -0.3962 -0.0523
vn 0.9066 -0.3919 -0.1563
vn 0.9108 -0.3217 -0.2587
vn 0.9142 -0.2542 -0.3158
vn 0.9233 -0.2193 -0.3154
vn 0.9158 -0.3988 -0.0470
vn 0.9287 -0.3671 -0.0523
vn 0.9416 -0.3326 -0.0523
vn 0.9621 -0.2675 -0.0523
vn 0.9586 -0.2841 -0.0191
vn 0.9666 -0.2508 -0.0523
vn 0.8930 -0.2722 -0.3584
vn 0.9108 -0.3218 -0.2587
vn 0.8867 -0.3832 -0.2587
vn 0.8880 -0.4582 -0.0373
vn 0.7792 -0.6246 -0.0523
vn 0.8167 -0.5747 -0.0523
vn 0.8078 -0.5684 -0.1563
vn 0.8261 -0.5006 -0.2587
vn 0.8584 -0.4430 -0.2587
vn 0.8297 -0.4281 -0.3582
vn 0.8180 -0.3536 -0.4538
vn 0.8345 -0.3124 -0.4539
vn 0.7971 -0.2988 -0.5248
vn 0.8124 -0.5820 -0.0358
vn 0.8312 -0.5534 -0.0523
vn 0.8541 -0.5175 -0.0523
vn 0.8768 -0.4779 -0.0523
vn 0.7984 -0.2950 -0.5249
vn 0.7814 -0.3378 -0.5247
vn 0.8180 -0.3535 -0.4538
vn 0.7985 -0.4839 -0.3582
vn 0.7759 -0.6294 -0.0429
vn 0.6728 -0.7394 -0.0246
vn 0.6969 -0.7152 -0.0523
vn 0.7307 -0.6807 -0.0523
vn 0.7573 -0.6509 -0.0523
vn 0.7193 -0.3075 -0.6229
vn 0.6878 -0.3549 -0.6332
vn 0.7174 -0.4347 -0.5444
vn 0.7288 -0.5128 -0.4538
vn 0.7251 -0.5882 -0.3582
vn 0.7068 -0.6584 -0.2587
vn 0.6750 -0.7211 -0.1563
vn 0.6825 -0.7290 -0.0523
vn 0.6310 -0.7740 -0.0523
vn 0.6831 -0.6364 -0.3582
vn 0.6895 -0.3589 -0.6291
vn 0.6269 -0.3266 -0.7073
vn 0.5666 -0.3135 -0.7620
vn 0.5361 -0.3248 -0.7792
vn 0.6049 -0.3666 -0.7069
vn 0.6036 -0.4897 -0.6291
vn 0.6090 -0.6506 -0.4538
vn 0.5200 -0.8534 -0.0360
vn 0.3430 -0.9379 -0.0523
vn 0.3984 -0.9157 -0.0523
vn 0.3941 -0.9057 -0.1563
vn 0.4450 -0.8573 -0.2587
vn 0.4858 -0.7973 -0.3582
vn 0.5391 -0.7622 -0.3582
vn 0.5146 -0.7275 -0.4538
vn 0.5301 -0.6501 -0.5444
vn 0.5312 -0.5675 -0.6291
vn 0.5175 -0.4821 -0.7069
vn 0.4889 -0.3966 -0.7770
vn 0.5148 -0.3623 -0.7770
vn 0.4415 -0.3106 -0.8418
vn 0.4850 -0.2761 -0.8298
vn 0.3935 -0.9184 -0.0413
vn 0.4244 -0.9040 -0.0523
vn 0.4601 -0.8863 -0.0523
vn 0.5025 -0.8630 -0.0523
vn 0.3107 -0.9491 -0.0523
vn 0.3351 -0.9413 -0.0397
vn 0.4301 -0.8287 -0.3582
vn 0.4636 -0.7610 -0.4538
vn 0.4437 -0.3162 -0.8386
vn 0.3827 -0.2728 -0.8827
vn 0.2408 -0.8580 -0.4538
vn 0.2523 -0.8989 -0.3582
vn 0.2610 -0.9300 -0.2587
vn 0.2669 -0.9510 -0.1563
vn 0.2698 -0.9615 -0.0523
vn 0.1051 -0.9931 -0.0523
vn 0.1362 -0.9896 -0.0472
vn 0.1390 -0.9889 -0.0523
vn 0.2035 -0.9777 -0.0523
vn 0.1925 -0.9808 -0.0300
vn 0.2257 -0.9728 -0.0523
vn 0.1624 -0.1002 -0.9816
vn 0.1123 -0.1046 -0.9882
vn 0.1770 -0.1891 -0.9659
vn 0.3275 -0.5376 -0.7770
vn 0.2900 -0.5587 -0.7770
vn 0.1903 -0.9141 -0.3582
vn -0.0000 -0.9994 -0.0356
vn -0.1924 -0.9799 -0.0523
vn -0.1362 -0.9893 -0.0523
vn -0.1347 -0.9785 -0.1563
vn -0.0660 -0.9637 -0.2587
vn -0.0000 -0.9337 -0.3582
vn 0.0609 -0.8890 -0.4538
vn 0.1144 -0.8310 -0.5444
vn 0.1584 -0.7610 -0.6291
vn 0.1911 -0.6810 -0.7069
vn 0.2372 -0.6663 -0.7069
vn 0.2111 -0.5931 -0.7770
vn 0.2174 -0.4996 -0.8385
vn 0.2093 -0.4031 -0.8909
vn 0.1866 -0.3062 -0.9335
vn 0.2071 -0.2927 -0.9335
vn 0.1495 -0.2114 -0.9659
vn 0.0989 -0.1213 -0.9877
vn 0.0358 -0.0382 -0.9986
vn 0.0397 -0.0343 -0.9986
vn 0.0334 -0.0329 -0.9989
vn -0.1391 -0.9892 -0.0467
vn -0.1051 -0.9931 -0.0523
vn -0.0683 -0.9963 -0.0523
vn -0.0171 -0.9985 -0.0523
vn -0.0000 -0.9336 -0.3582
vn -0.2036 -0.9783 -0.0375
vn -0.3933 -0.9179 -0.0523
vn -0.3349 -0.9408 -0.0523
vn -0.3313 -0.9305 -0.1563
vn -0.2610 -0.9300 -0.2587
vn -0.1902 -0.9141 -0.3582
vn -0.1215 -0.8828 -0.4538
vn -0.0573 -0.8369 -0.5444
vn -0.0000 -0.7773 -0.6291
vn 0.0483 -0.7057 -0.7069
vn 0.0859 -0.6237 -0.7770
vn 0.1110 -0.5334 -0.8385
vn 0.1227 -0.4373 -0.8909
vn 0.1203 -0.3378 -0.9335
vn 0.1033 -0.2375 -0.9659
vn 0.0721 -0.1389 -0.9877
vn 0.0272 -0.0447 -0.9986
vn 0.0302 -0.0428 -0.9986
vn -0.3432 -0.9386 -0.0355
vn -0.3107 -0.9491 -0.0523
vn -0.2698 -0.9615 -0.0523
vn -0.2257 -0.9728 -0.0523
vn -0.4244 -0.9040 -0.0523
vn -0.3986 -0.9161 -0.0431
vn 0.0859 -0.6236 -0.7770
vn 0.1033 -0.2374 -0.9659
vn -0.4301 -0.8287 -0.3582
vn -0.4450 -0.8573 -0.2587
vn -0.4551 -0.8766 -0.1563
vn -0.4551 -0.8766 -0.1564
vn -0.4601 -0.8863 -0.0523
vn -0.6721 -0.7386 -0.0523
vn -0.6310 -0.7740 -0.0523
vn -0.6241 -0.7655 -0.1563
vn -0.5578 -0.7886 -0.2587
vn -0.4858 -0.7973 -0.3582
vn -0.4302 -0.8287 -0.3582
vn -0.4105 -0.7909 -0.4538
vn -0.3347 -0.7692 -0.5444
vn -0.2607 -0.7323 -0.6291
vn -0.1911 -0.6810 -0.7069
vn -0.1283 -0.6163 -0.7770
vn -0.0743 -0.5398 -0.8385
vn -0.0310 -0.4531 -0.8909
vn -0.0000 -0.3586 -0.9335
vn 0.0177 -0.2584 -0.9659
vn 0.0353 -0.2565 -0.9659
vn 0.0213 -0.1551 -0.9877
vn 0.0107 -0.0513 -0.9986
vn -0.6311 -0.7739 -0.0521
vn -0.6049 -0.7946 -0.0523
vn -0.5767 -0.8153 -0.0523
vn -0.5196 -0.8528 -0.0523
vn -0.5323 -0.8462 -0.0242
vn -0.5025 -0.8630 -0.0523
vn 0.0177 -0.2583 -0.9659
vn -0.0000 -0.2590 -0.9659
vn -0.0245 -0.3578 -0.9335
vn -0.0310 -0.4532 -0.8909
vn -0.0619 -0.4499 -0.8909
vn -0.2372 -0.6663 -0.7069
vn -0.4106 -0.7909 -0.4538
vn -0.4636 -0.7610 -0.4538
vn -0.5391 -0.7623 -0.3582
vn -0.6829 -0.7296 -0.0361
vn -0.8118 -0.5815 -0.0523
vn -0.7755 -0.6292 -0.0523
vn -0.7670 -0.6223 -0.1563
vn -0.7068 -0.6584 -0.2587
vn -0.6381 -0.6816 -0.3582
vn -0.5631 -0.6907 -0.4538
vn -0.4844 -0.6848 -0.5444
vn -0.4044 -0.6638 -0.6291
vn -0.3259 -0.6278 -0.7069
vn -0.2512 -0.5773 -0.7770
vn -0.1827 -0.5133 -0.8385
vn -0.1227 -0.4373 -0.8909
vn -0.0731 -0.3510 -0.9335
vn -0.0353 -0.2565 -0.9659
vn -0.0177 -0.2583 -0.9659
vn -0.0107 -0.1562 -0.9877
vn -0.0000 -0.0524 -0.9986
vn -0.7796 -0.6250 -0.0409
vn -0.7573 -0.6509 -0.0523
vn -0.7307 -0.6807 -0.0523
vn -0.6970 -0.7152 -0.0523
vn -0.8312 -0.5534 -0.0523
vn -0.8172 -0.5750 -0.0399
vn -0.6090 -0.6506 -0.4538
vn -0.5631 -0.6906 -0.4538
vn -0.4045 -0.6638 -0.6291
vn -0.2900 -0.5587 -0.7770
vn -0.7621 -0.4618 -0.4538
vn -0.7985 -0.4838 -0.3582
vn -0.7985 -0.4839 -0.3582
vn -0.8261 -0.5006 -0.2587
vn -0.8447 -0.5119 -0.1563
vn -0.8541 -0.5175 -0.0523
vn -0.9287 -0.3671 -0.0523
vn -0.9169 -0.3963 -0.0475
vn -0.9156 -0.3987 -0.0523
vn -0.8874 -0.4579 -0.0523
vn -0.8935 -0.4481 -0.0297
vn -0.8768 -0.4779 -0.0523
vn -0.1347 -0.2212 -0.9659
vn -0.6037 -0.4897 -0.6291
vn -0.8867 -0.3833 -0.2587
vn -0.9628 -0.2677 -0.0356
vn -0.9986 -0.0521 -0.0036
vn -0.9961 -0.0770 -0.0434
vn -0.9962 -0.0749 -0.0434
vn -0.9896 -0.1307 -0.0599
vn -0.9892 -0.1389 -0.0478
vn -0.9850 -0.1646 -0.0523
vn -0.9782 -0.2011 -0.0523
vn -0.9666 -0.2508 -0.0523
vn -0.0000 0.0872 0.9962
vn 0.0872 -0.0000 0.9962
vn -0.0000 -0.0000 1.0000
vn 1.0000 -0.0000 -0.0000
vn 0.1154 0.9922 0.0462
vn 0.2292 0.9723 0.0462
vn 0.5204 0.8526 0.0462
vn 0.6154 0.7868 0.0462
vn 0.8298 0.5562 0.0462
vn 0.8885 0.4566 0.0462
vn 0.9865 0.1574 0.0462
vn 0.9980 0.0424 0.0462
vn 0.9617 -0.2703 0.0462
vn 0.9240 -0.3796 0.0462
vn 0.7600 -0.6483 0.0462
vn 0.6800 -0.7318 0.0462
vn 0.4184 -0.9071 0.0462
vn 0.3109 -0.9493 0.0462
vn -0.1154 -0.9922 0.0462
vn -0.2292 -0.9723 0.0462
vn -0.5204 -0.8526 0.0462
vn -0.6154 -0.7868 0.0462
vn -0.8298 -0.5562 0.0462
vn -0.8885 -0.4566 0.0462
vn -0.9865 -0.1574 0.0462
vn -0.9980 -0.0424 0.0462
vn -0.9617 0.2703 0.0462
vn -0.9240 0.3796 0.0462
vn -0.7600 0.6483 0.0462
vn -0.6800 0.7318 0.0462
vn -0.4184 0.9071 0.0462
vn -0.3109 0.9493 0.0462
vn 0.0014 0.0462 0.9989
vn 0.0043 0.0460 0.9989
vn 0.0071 0.0457 0.9989
vn 0.0099 0.0451 0.9989
vn 0.0126 0.0444 0.9989
vn 0.0154 0.0436 0.9989
vn 0.0180 0.0426 0.9989
vn 0.0206 0.0414 0.9989
vn 0.0231 0.0400 0.9989
vn 0.0255 0.0385 0.9989
vn 0.0278 0.0369 0.9989
vn 0.0301 0.0351 0.9989
vn 0.0322 0.0332 0.9989
vn 0.0341 0.0311 0.9989
vn 0.0360 0.0290 0.9989
vn 0.0377 0.0267 0.9989
vn 0.0393 0.0243 0.9989
vn 0.0407 0.0219 0.9989
vn 0.0420 0.0193 0.9989
vn 0.0431 0.0167 0.9989
vn 0.0440 0.0140 0.9989
vn 0.0448 0.0113 0.9989
vn 0.0454 0.0085 0.9989
vn 0.0459 0.0057 0.9989
vn 0.0461 0.0028 0.9989
vn 0.0462 -0.0000 0.9989
vn 0.0461 -0.0028 0.9989
vn 0.0459 -0.0057 0.9989
vn 0.0454 -0.0085 0.9989
vn 0.0448 -0.0113 0.9989
vn 0.0440 -0.0140 0.9989
vn 0.0431 -0.0167 0.9989
vn 0.0420 -0.0193 0.9989
vn 0.0407 -0.0219 0.9989
vn 0.0393 -0.0243 0.9989
vn 0.0377 -0.0267 0.9989
vn 0.0360 -0.0290 0.9989
vn 0.0341 -0.0311 0.9989
vn 0.0322 -0.0332 0.9989
vn 0.0301 -0.0351 0.9989
vn 0.0278 -0.0369 0.9989
vn 0.0255 -0.0385 0.9989
vn 0.0231 -0.0400 0.9989
vn 0.0206 -0.0414 0.9989
vn 0.0180 -0.0426 0.9989
vn 0.0154 -0.0436 0.9989
vn 0.0126 -0.0444 0.9989
vn 0.0099 -0.0451 0.9989
vn 0.0071 -0.0457 0.9989
vn 0.0043 -0.0460 0.9989
vn 0.0014 -0.0462 0.9989
vn -0.0014 -0.0462 0.9989
vn -0.0043 -0.0460 0.9989
vn -0.0071 -0.0457 0.9989
vn -0.0099 -0.0451 0.9989
vn -0.0126 -0.0444 0.9989
vn -0.0154 -0.0436 0.9989
vn -0.0180 -0.0426 0.9989
vn -0.0206 -0.0414 0.9989
vn -0.0231 -0.0400 0.9989
vn -0.0255 -0.0385 0.9989
vn -0.0278 -0.0369 0.9989
vn -0.0301 -0.0351 0.9989
vn -0.0322 -0.0332 0.9989
vn -0.0341 -0.0311 0.9989
vn -0.0360 -0.0290 0.9989
vn -0.0377 -0.0267 0.9989
vn -0.0393 -0.0243 0.9989
vn -0.0407 -0.0219 0.9989
vn -0.0420 -0.0193 0.9989
vn -0.0431 -0.0167 0.9989
vn -0.0440 -0.0140 0.9989
vn -0.0448 -0.0113 0.9989
vn -0.0454 -0.0085 0.9989
vn -0.0459 -0.0057 0.9989
vn -0.0461 -0.0028 0.9989
vn -0.0462 -0.0000 0.9989
vn -0.0461 0.0028 0.9989
vn -0.0459 0.0057 0.9989
vn -0.0454 0.0085 0.9989
vn -0.0448 0.0113 0.9989
vn -0.0440 0.0140 0.9989
vn -0.0431 0.0167 0.9989
vn -0.0420 0.0193 0.9989
vn -0.0407 0.0219 0.9989
vn -0.0393 0.0243 0.9989
vn -0.0377 0.0267 0.9989
vn -0.0360 0.0290 0.9989
vn -0.0341 0.0311 0.9989
vn -0.0322 0.0332 0.9989
vn -0.0301 0.0351 0.9989
vn -0.0278 0.0369 0.9989
vn -0.0255 0.0385 0.9989
vn -0.0231 0.0400 0.9989
vn -0.0206 0.0414 0.9989
vn -0.0180 0.0426 0.9989
vn -0.0154 0.0436 0.9989
vn -0.0126 0.0444 0.9989
vn -0.0099 0.0451 0.9989
vn -0.0071 0.0457 0.9989
vn -0.0043 0.0460 0.9989
vn -0.0014 0.0462 0.9989
vn -0.0043 0.1382 0.9904
vn -0.0071 0.2289 0.9734
vn -0.0098 0.3178 0.9481
vn -0.0124 0.4039 0.9147
vn -0.0150 0.4865 0.8735
vn -0.0174 0.5651 0.8249
vn -0.0197 0.6387 0.7692
vn -0.0218 0.7069 0.7069
vn -0.0237 0.7691 0.6387
vn -0.0254 0.8247 0.5650
vn -0.0269 0.8733 0.4864
vn -0.0282 0.9144 0.4038
vn -0.0292 0.9478 0.3177
vn -0.0300 0.9730 0.2288
vn -0.0305 0.9899 0.1381
vn -0.0308 0.9985 0.0462
vn -0.1154 0.9922 0.0462
vn -0.0128 0.1376 0.9904
vn -0.0211 0.2281 0.9734
vn -0.0293 0.3166 0.9481
vn -0.0373 0.4024 0.9147
vn -0.0449 0.4847 0.8735
vn -0.0522 0.5629 0.8249
vn -0.0590 0.6363 0.7692
vn -0.0653 0.7043 0.7069
vn -0.0710 0.7662 0.6387
vn -0.0761 0.8216 0.5650
vn -0.0806 0.8700 0.4864
vn -0.0844 0.9110 0.4038
vn -0.0875 0.9442 0.3177
vn -0.0898 0.9693 0.2288
vn -0.0914 0.9862 0.1381
vn -0.0922 0.9949 0.0405
vn -0.0848 0.9953 0.0462
vn -0.0212 0.1366 0.9904
vn -0.0351 0.2263 0.9734
vn -0.0488 0.3142 0.9481
vn -0.0620 0.3993 0.9147
vn -0.0747 0.4810 0.8735
vn -0.0867 0.5586 0.8249
vn -0.0980 0.6315 0.7692
vn -0.1085 0.6989 0.7069
vn -0.1180 0.7604 0.6387
vn -0.1266 0.8154 0.5650
vn -0.1340 0.8634 0.4864
vn -0.1403 0.9040 0.4038
vn -0.1454 0.9370 0.3177
vn -0.1493 0.9619 0.2288
vn -0.1519 0.9787 0.1381
vn -0.1532 0.9871 0.0462
vn -0.2292 0.9723 0.0462
vn -0.0296 0.1350 0.9904
vn -0.0490 0.2237 0.9734
vn -0.0680 0.3106 0.9481
vn -0.0864 0.3947 0.9147
vn -0.1041 0.4755 0.8735
vn -0.1209 0.5522 0.8249
vn -0.1367 0.6242 0.7692
vn -0.1513 0.6909 0.7069
vn -0.1646 0.7517 0.6387
vn -0.1765 0.8060 0.5650
vn -0.1869 0.8535 0.4864
vn -0.1957 0.8937 0.4038
vn -0.2029 0.9263 0.3177
vn -0.2083 0.9509 0.2288
vn -0.2119 0.9675 0.1381
vn -0.2138 0.9761 0.0385
vn -0.1992 0.9789 0.0462
vn -0.0378 0.1329 0.9904
vn -0.0627 0.2203 0.9734
vn -0.0870 0.3058 0.9481
vn -0.1106 0.3887 0.9147
vn -0.1332 0.4682 0.8735
vn -0.1547 0.5437 0.8249
vn -0.1749 0.6146 0.7692
vn -0.1936 0.6803 0.7069
vn -0.2106 0.7401 0.6387
vn -0.2258 0.7936 0.5650
vn -0.2391 0.8404 0.4864
vn -0.2504 0.8799 0.4038
vn -0.2595 0.9120 0.3177
vn -0.2664 0.9363 0.2288
vn -0.2710 0.9526 0.1381
vn -0.2734 0.9608 0.0462
vn -0.0459 0.1304 0.9904
vn -0.0761 0.2160 0.9734
vn -0.1057 0.2999 0.9481
vn -0.1343 0.3811 0.9147
vn -0.1618 0.4591 0.8735
vn -0.1879 0.5332 0.8249
vn -0.2124 0.6027 0.7692
vn -0.2351 0.6671 0.7069
vn -0.2557 0.7257 0.6387
vn -0.2742 0.7782 0.5650
vn -0.2904 0.8241 0.4864
vn -0.3041 0.8629 0.4038
vn -0.3151 0.8943 0.3177
vn -0.3235 0.9181 0.2288
vn -0.3292 0.9341 0.1381
vn -0.3320 0.9421 0.0462
vn -0.3401 0.9396 0.0377
vn -0.0539 0.1273 0.9904
vn -0.0893 0.2109 0.9734
vn -0.1239 0.2928 0.9481
vn -0.1575 0.3721 0.9147
vn -0.1897 0.4483 0.8735
vn -0.2204 0.5206 0.8249
vn -0.2491 0.5885 0.7692
vn -0.2757 0.6513 0.7069
vn -0.2999 0.7086 0.6387
vn -0.3216 0.7599 0.5650
vn -0.3406 0.8046 0.4864
vn -0.3566 0.8425 0.4038
vn -0.3696 0.8732 0.3177
vn -0.3794 0.8965 0.2288
vn -0.3860 0.9121 0.1381
vn -0.3861 0.9121 0.1381
vn -0.3894 0.9199 0.0462
vn -0.0616 0.1237 0.9904
vn -0.1021 0.2050 0.9734
vn -0.1417 0.2846 0.9481
vn -0.1801 0.3617 0.9147
vn -0.2170 0.4357 0.8735
vn -0.2520 0.5061 0.8249
vn -0.2848 0.5720 0.7692
vn -0.3153 0.6331 0.7069
vn -0.3430 0.6888 0.6387
vn -0.3678 0.7386 0.5650
vn -0.3895 0.7821 0.4864
vn -0.3894 0.7821 0.4864
vn -0.4078 0.8190 0.4038
vn -0.4227 0.8488 0.3177
vn -0.4339 0.8714 0.2288
vn -0.4415 0.8866 0.1381
vn -0.4453 0.8942 0.0462
vn -0.4462 0.8938 0.0451
vn -0.5204 0.8526 0.0462
vn -0.0691 0.1197 0.9904
vn -0.1145 0.1984 0.9734
vn -0.1590 0.2753 0.9481
vn -0.2020 0.3499 0.9147
vn -0.2434 0.4216 0.8735
vn -0.2827 0.4896 0.8249
vn -0.3195 0.5534 0.7692
vn -0.3536 0.6125 0.7069
vn -0.3847 0.6664 0.6387
vn -0.4126 0.7146 0.5650
vn -0.4369 0.7567 0.4864
vn -0.4574 0.7923 0.4038
vn -0.4741 0.8212 0.3177
vn -0.4867 0.8430 0.2288
vn -0.4952 0.8577 0.1381
vn -0.4996 0.8653 0.0411
vn -0.4939 0.8683 0.0462
vn -0.0763 0.1152 0.9904
vn -0.0764 0.1152 0.9904
vn -0.1265 0.1909 0.9734
vn -0.1756 0.2650 0.9481
vn -0.2232 0.3368 0.9147
vn -0.2689 0.4058 0.8735
vn -0.3123 0.4713 0.8249
vn -0.3530 0.5327 0.7692
vn -0.3907 0.5896 0.7069
vn -0.4250 0.6414 0.6387
vn -0.4558 0.6878 0.5650
vn -0.4826 0.7283 0.4864
vn -0.5053 0.7626 0.4038
vn -0.5238 0.7904 0.3177
vn -0.5377 0.8115 0.2288
vn -0.5471 0.8256 0.1381
vn -0.5518 0.8327 0.0462
vn -0.6154 0.7868 0.0462
vn -0.0833 0.1103 0.9904
vn -0.1380 0.1828 0.9734
vn -0.1916 0.2537 0.9481
vn -0.2435 0.3225 0.9147
vn -0.2934 0.3885 0.8735
vn -0.2933 0.3885 0.8735
vn -0.3407 0.4511 0.8249
vn -0.3851 0.5100 0.7692
vn -0.4262 0.5644 0.7069
vn -0.4637 0.6141 0.6387
vn -0.4972 0.6585 0.5650
vn -0.5265 0.6972 0.4864
vn -0.5513 0.7301 0.4038
vn -0.5714 0.7567 0.3177
vn -0.5866 0.7768 0.2288
vn -0.5969 0.7904 0.1381
vn -0.6022 0.7974 0.0386
vn -0.5909 0.8054 0.0462
vn -0.0899 0.1050 0.9904
vn -0.1490 0.1739 0.9734
vn -0.2068 0.2414 0.9481
vn -0.2629 0.3069 0.9147
vn -0.3167 0.3697 0.8735
vn -0.3678 0.4293 0.8249
vn -0.4158 0.4853 0.7692
vn -0.4602 0.5371 0.7069
vn -0.5006 0.5843 0.6387
vn -0.5006 0.5844 0.6387
vn -0.5368 0.6266 0.5650
vn -0.5685 0.6635 0.4864
vn -0.5952 0.6948 0.4038
vn -0.6169 0.7201 0.3177
vn -0.6334 0.7393 0.2288
vn -0.6444 0.7521 0.1381
vn -0.6499 0.7586 0.0462
vn -0.0962 0.0992 0.9904
vn -0.1595 0.1644 0.9734
vn -0.1594 0.1644 0.9734
vn -0.2213 0.2282 0.9481
vn -0.2813 0.2901 0.9147
vn -0.3389 0.3495 0.8735
vn -0.3935 0.4059 0.8249
vn -0.3935 0.4058 0.8249
vn -0.4448 0.4588 0.7692
vn -0.4449 0.4588 0.7692
vn -0.4924 0.5078 0.7069
vn -0.5357 0.5524 0.6387
vn -0.5744 0.5924 0.5650
vn -0.6082 0.6273 0.4864
vn -0.6369 0.6568 0.4038
vn -0.6601 0.6807 0.3177
vn -0.6777 0.6989 0.2288
vn -0.6895 0.7110 0.1381
vn -0.6954 0.7171 0.0462
vn -0.7025 0.7107 0.0366
vn -0.1021 0.0931 0.9904
vn -0.1693 0.1543 0.9734
vn -0.2350 0.2142 0.9481
vn -0.2986 0.2722 0.9147
vn -0.3597 0.3279 0.8735
vn -0.4178 0.3809 0.8249
vn -0.4722 0.4305 0.7692
vn -0.5227 0.4765 0.7069
vn -0.5687 0.5184 0.6387
vn -0.6098 0.5559 0.5650
vn -0.6457 0.5886 0.4864
vn -0.6761 0.6163 0.4038
vn -0.7007 0.6388 0.3177
vn -0.7194 0.6558 0.2288
vn -0.7319 0.6672 0.1381
vn -0.7382 0.6730 0.0462
vn -0.1077 0.0867 0.9904
vn -0.1784 0.1436 0.9734
vn -0.2477 0.1993 0.9481
vn -0.3148 0.2533 0.9147
vn -0.3792 0.3052 0.8735
vn -0.4404 0.3544 0.8249
vn -0.4979 0.4006 0.7692
vn -0.5510 0.4434 0.7069
vn -0.5995 0.4824 0.6387
vn -0.6428 0.5173 0.5650
vn -0.6807 0.5478 0.4864
vn -0.7128 0.5736 0.4038
vn -0.7387 0.5945 0.3177
vn -0.7584 0.6103 0.2288
vn -0.7716 0.6209 0.1381
vn -0.7783 0.6263 0.0462
vn -0.7797 0.6247 0.0440
vn -0.8298 0.5562 0.0462
vn -0.1128 0.0799 0.9904
vn -0.1870 0.1323 0.9734
vn -0.1869 0.1323 0.9734
vn -0.2595 0.1837 0.9481
vn -0.3298 0.2335 0.9147
vn -0.3973 0.2812 0.8735
vn -0.4614 0.3266 0.8249
vn -0.5216 0.3692 0.7692
vn -0.5773 0.4086 0.7069
vn -0.6281 0.4446 0.6387
vn -0.6280 0.4446 0.6387
vn -0.6735 0.4767 0.5650
vn -0.7131 0.5048 0.4864
vn -0.7467 0.5286 0.4038
vn -0.7739 0.5478 0.3177
vn -0.7945 0.5624 0.2288
vn -0.8084 0.5722 0.1381
vn -0.8155 0.5773 0.0418
vn -0.8123 0.5815 0.0462
vn -0.1175 0.0728 0.9904
vn -0.1947 0.1206 0.9734
vn -0.2703 0.1674 0.9481
vn -0.3436 0.2127 0.9147
vn -0.4139 0.2563 0.8735
vn -0.4806 0.2976 0.8249
vn -0.5433 0.3364 0.7692
vn -0.6013 0.3723 0.7069
vn -0.6542 0.4051 0.6387
vn -0.7015 0.4344 0.5650
vn -0.7429 0.4600 0.4864
vn -0.7778 0.4816 0.4038
vn -0.8062 0.4992 0.3177
vn -0.8277 0.5125 0.2288
vn -0.8421 0.5214 0.1381
vn -0.8493 0.5259 0.0462
vn -0.8885 0.4566 0.0462
vn -0.1218 0.0654 0.9904
vn -0.2018 0.1084 0.9734
vn -0.2801 0.1504 0.9481
vn -0.3560 0.1912 0.9147
vn -0.4289 0.2303 0.8735
vn -0.4981 0.2675 0.8249
vn -0.4980 0.2674 0.8249
vn -0.5630 0.3023 0.7692
vn -0.6231 0.3346 0.7069
vn -0.6779 0.3640 0.6387
vn -0.7269 0.3904 0.5650
vn -0.7698 0.4134 0.4864
vn -0.8060 0.4328 0.4038
vn -0.8354 0.4486 0.3177
vn -0.8576 0.4605 0.2288
vn -0.8576 0.4605 0.2289
vn -0.8726 0.4686 0.1381
vn -0.8804 0.4727 0.0387
vn -0.8740 0.4838 0.0462
vn -0.1256 0.0578 0.9904
vn -0.2081 0.0957 0.9734
vn -0.2888 0.1329 0.9481
vn -0.3671 0.1689 0.9147
vn -0.4422 0.2035 0.8735
vn -0.5136 0.2363 0.8249
vn -0.5805 0.2671 0.7692
vn -0.6425 0.2956 0.7069
vn -0.6991 0.3216 0.6387
vn -0.6990 0.3216 0.6387
vn -0.7496 0.3449 0.5650
vn -0.7937 0.3652 0.4864
vn -0.8311 0.3824 0.4038
vn -0.8614 0.3963 0.3177
vn -0.8844 0.4069 0.2288
vn -0.8998 0.4140 0.1381
vn -0.9075 0.4175 0.0462
vn -0.1289 0.0499 0.9904
vn -0.2136 0.0827 0.9734
vn -0.2965 0.1148 0.9481
vn -0.3768 0.1460 0.9147
vn -0.4539 0.1758 0.8735
vn -0.5271 0.2042 0.8249
vn -0.5959 0.2308 0.7692
vn -0.6595 0.2555 0.7069
vn -0.7175 0.2780 0.6387
vn -0.7694 0.2981 0.5650
vn -0.8147 0.3156 0.4864
vn -0.8531 0.3305 0.4038
vn -0.8842 0.3425 0.3177
vn -0.9077 0.3517 0.2288
vn -0.9235 0.3578 0.1381
vn -0.9315 0.3609 0.0462
vn -0.9357 0.3511 0.0355
vn -0.1317 0.0419 0.9904
vn -0.2183 0.0694 0.9734
vn -0.3030 0.0964 0.9481
vn -0.3851 0.1225 0.9147
vn -0.4639 0.1476 0.8735
vn -0.5387 0.1714 0.8249
vn -0.6090 0.1937 0.7692
vn -0.6740 0.2144 0.7069
vn -0.7333 0.2333 0.6387
vn -0.7863 0.2501 0.5650
vn -0.8326 0.2649 0.4864
vn -0.8718 0.2773 0.4038
vn -0.9036 0.2875 0.3177
vn -0.9277 0.2951 0.2288
vn -0.9438 0.3002 0.1381
vn -0.9519 0.3028 0.0462
vn -0.1340 0.0337 0.9904
vn -0.2221 0.0559 0.9734
vn -0.3083 0.0775 0.9481
vn -0.3919 0.0986 0.9147
vn -0.4721 0.1187 0.8735
vn -0.5482 0.1379 0.8249
vn -0.6197 0.1559 0.7692
vn -0.6859 0.1725 0.7069
vn -0.7462 0.1877 0.6387
vn -0.8002 0.2013 0.5650
vn -0.8473 0.2131 0.4864
vn -0.8872 0.2231 0.4038
vn -0.9196 0.2313 0.3177
vn -0.9441 0.2374 0.2288
vn -0.9605 0.2416 0.1381
vn -0.9688 0.2437 0.0462
vn -0.9697 0.2406 0.0430
vn -0.9865 0.1574 0.0462
vn -0.1359 0.0254 0.9904
vn -0.2251 0.0421 0.9734
vn -0.2252 0.0421 0.9734
vn -0.3125 0.0584 0.9481
vn -0.3972 0.0743 0.9147
vn -0.3972 0.0742 0.9147
vn -0.4785 0.0894 0.8735
vn -0.5557 0.1039 0.8249
vn -0.6281 0.1174 0.7692
vn -0.6282 0.1174 0.7692
vn -0.6952 0.1300 0.7069
vn -0.7564 0.1414 0.6387
vn -0.8111 0.1516 0.5650
vn -0.8588 0.1605 0.4864
vn -0.8993 0.1681 0.4038
vn -0.9321 0.1742 0.3177
vn -0.9569 0.1789 0.2288
vn -0.9736 0.1820 0.1381
vn -0.9821 0.1836 0.0425
vn -0.9811 0.1877 0.0462
vn -0.1372 0.0170 0.9904
vn -0.2273 0.0281 0.9734
vn -0.3155 0.0391 0.9481
vn -0.4010 0.0497 0.9147
vn -0.4831 0.0598 0.8735
vn -0.5610 0.0695 0.8249
vn -0.6342 0.0785 0.7692
vn -0.7019 0.0869 0.7069
vn -0.7637 0.0946 0.6387
vn -0.8189 0.1014 0.5650
vn -0.8671 0.1074 0.4864
vn -0.9079 0.1124 0.4038
vn -0.9410 0.1165 0.3177
vn -0.9661 0.1196 0.2288
vn -0.9829 0.1217 0.1381
vn -0.9914 0.1228 0.0462
vn -0.9980 0.0424 0.0462
vn -0.1380 0.0085 0.9904
vn -0.2286 0.0141 0.9734
vn -0.3173 0.0196 0.9481
vn -0.4033 0.0249 0.9147
vn -0.4859 0.0300 0.8735
vn -0.5642 0.0348 0.8249
vn -0.6378 0.0393 0.7692
vn -0.7059 0.0435 0.7069
vn -0.7680 0.0474 0.6387
vn -0.8236 0.0508 0.5650
vn -0.8721 0.0538 0.4864
vn -0.9131 0.0563 0.4038
vn -0.9464 0.0584 0.3177
vn -0.9716 0.0599 0.2288
vn -0.9885 0.0610 0.1381
vn -0.9973 0.0615 0.0389
vn -0.9963 0.0731 0.0462
vn -0.1382 -0.0000 0.9904
vn -0.2291 -0.0000 0.9734
vn -0.2290 -0.0000 0.9734
vn -0.3179 -0.0000 0.9481
vn -0.4041 -0.0000 0.9147
vn -0.4868 -0.0000 0.8735
vn -0.5653 -0.0000 0.8249
vn -0.6390 -0.0000 0.7692
vn -0.7073 -0.0000 0.7069
vn -0.7695 -0.0000 0.6387
vn -0.8251 -0.0000 0.5650
vn -0.8737 -0.0000 0.4864
vn -0.9149 -0.0000 0.4038
vn -0.9482 -0.0000 0.3177
vn -0.9735 -0.0000 0.2288
vn -0.9904 -0.0000 0.1381
vn -0.9989 -0.0000 0.0462
vn -0.1380 -0.0085 0.9904
vn -0.2286 -0.0141 0.9734
vn -0.3173 -0.0196 0.9481
vn -0.4033 -0.0249 0.9147
vn -0.4859 -0.0300 0.8735
vn -0.5642 -0.0348 0.8249
vn -0.6378 -0.0393 0.7692
vn -0.7059 -0.0435 0.7069
vn -0.7680 -0.0474 0.6387
vn -0.8236 -0.0508 0.5650
vn -0.8721 -0.0538 0.4864
vn -0.9131 -0.0563 0.4038
vn -0.9464 -0.0584 0.3177
vn -0.9716 -0.0599 0.2288
vn -0.9885 -0.0610 0.1381
vn -0.9970 -0.0615 0.0462
vn -0.9967 -0.0732 0.0345
vn -0.1372 -0.0170 0.9904
vn -0.2273 -0.0281 0.9734
vn -0.3155 -0.0391 0.9481
vn -0.4010 -0.0497 0.9147
vn -0.4831 -0.0598 0.8735
vn -0.5610 -0.0695 0.8249
vn -0.6342 -0.0785 0.7692
vn -0.7019 -0.0869 0.7069
vn -0.7637 -0.0946 0.6387
vn -0.8189 -0.1014 0.5650
vn -0.8671 -0.1074 0.4864
vn -0.9079 -0.1124 0.4038
vn -0.9410 -0.1165 0.3177
vn -0.9661 -0.1196 0.2288
vn -0.9829 -0.1217 0.1381
vn -0.9914 -0.1228 0.0462
vn -0.1359 -0.0254 0.9904
vn -0.2252 -0.0421 0.9734
vn -0.3125 -0.0584 0.9481
vn -0.3972 -0.0743 0.9147
vn -0.3972 -0.0742 0.9147
vn -0.4785 -0.0894 0.8735
vn -0.5557 -0.1039 0.8249
vn -0.6281 -0.1174 0.7692
vn -0.6952 -0.1300 0.7069
vn -0.7564 -0.1414 0.6387
vn -0.8111 -0.1516 0.5650
vn -0.8588 -0.1605 0.4864
vn -0.8993 -0.1681 0.4038
vn -0.9321 -0.1742 0.3177
vn -0.9569 -0.1789 0.2288
vn -0.9736 -0.1820 0.1381
vn -0.9819 -0.1836 0.0462
vn -0.9813 -0.1878 0.0419
vn -0.9617 -0.2703 0.0462
vn -0.1340 -0.0337 0.9904
vn -0.2221 -0.0559 0.9734
vn -0.3083 -0.0775 0.9481
vn -0.3919 -0.0986 0.9147
vn -0.4721 -0.1187 0.8735
vn -0.5482 -0.1379 0.8249
vn -0.6197 -0.1559 0.7692
vn -0.6859 -0.1725 0.7069
vn -0.7462 -0.1877 0.6387
vn -0.8002 -0.2013 0.5650
vn -0.8473 -0.2131 0.4864
vn -0.8872 -0.2231 0.4038
vn -0.9196 -0.2313 0.3177
vn -0.9441 -0.2374 0.2288
vn -0.9605 -0.2416 0.1381
vn -0.9689 -0.2437 0.0433
vn -0.9695 -0.2406 0.0462
vn -0.1317 -0.0419 0.9904
vn -0.2183 -0.0694 0.9734
vn -0.3030 -0.0964 0.9481
vn -0.3851 -0.1225 0.9147
vn -0.4639 -0.1476 0.8735
vn -0.5387 -0.1714 0.8249
vn -0.6090 -0.1937 0.7692
vn -0.6740 -0.2144 0.7069
vn -0.7333 -0.2333 0.6387
vn -0.7863 -0.2501 0.5650
vn -0.8326 -0.2649 0.4864
vn -0.8718 -0.2773 0.4038
vn -0.9036 -0.2875 0.3177
vn -0.9277 -0.2951 0.2288
vn -0.9438 -0.3002 0.1381
vn -0.9519 -0.3028 0.0462
vn -0.9240 -0.3796 0.0462
vn -0.1289 -0.0499 0.9904
vn -0.2136 -0.0827 0.9734
vn -0.2965 -0.1148 0.9481
vn -0.3768 -0.1460 0.9147
vn -0.4539 -0.1758 0.8735
vn -0.5271 -0.2042 0.8249
vn -0.5959 -0.2308 0.7692
vn -0.6595 -0.2555 0.7069
vn -0.7175 -0.2780 0.6387
vn -0.7694 -0.2981 0.5650
vn -0.8147 -0.3156 0.4864
vn -0.8531 -0.3305 0.4038
vn -0.8842 -0.3425 0.3177
vn -0.9077 -0.3517 0.2288
vn -0.9235 -0.3578 0.1381
vn -0.9318 -0.3610 0.0392
vn -0.9353 -0.3509 0.0462
vn -0.1256 -0.0578 0.9904
vn -0.2081 -0.0957 0.9734
vn -0.2888 -0.1329 0.9481
vn -0.3671 -0.1689 0.9147
vn -0.4422 -0.2035 0.8735
vn -0.5136 -0.2363 0.8249
vn -0.5805 -0.2671 0.7692
vn -0.6425 -0.2956 0.7069
vn -0.6991 -0.3216 0.6387
vn -0.6990 -0.3216 0.6387
vn -0.7496 -0.3449 0.5650
vn -0.7937 -0.3652 0.4864
vn -0.8311 -0.3824 0.4038
vn -0.8614 -0.3963 0.3177
vn -0.8844 -0.4069 0.2288
vn -0.8844 -0.4069 0.2289
vn -0.8998 -0.4140 0.1381
vn -0.9075 -0.4175 0.0462
vn -0.1218 -0.0654 0.9904
vn -0.2018 -0.1084 0.9734
vn -0.2801 -0.1504 0.9481
vn -0.3560 -0.1912 0.9147
vn -0.4289 -0.2303 0.8735
vn -0.4981 -0.2674 0.8249
vn -0.5630 -0.3023 0.7692
vn -0.6231 -0.3346 0.7069
vn -0.6779 -0.3640 0.6387
vn -0.7269 -0.3904 0.5650
vn -0.7698 -0.4134 0.4864
vn -0.8060 -0.4328 0.4038
vn -0.8354 -0.4486 0.3177
vn -0.8576 -0.4605 0.2288
vn -0.8726 -0.4686 0.1381
vn -0.8801 -0.4726 0.0462
vn -0.8744 -0.4840 0.0334
vn -0.1175 -0.0728 0.9904
vn -0.1947 -0.1206 0.9734
vn -0.2703 -0.1674 0.9481
vn -0.3436 -0.2127 0.9147
vn -0.4139 -0.2563 0.8735
vn -0.4806 -0.2976 0.8249
vn -0.5433 -0.3364 0.7692
vn -0.6013 -0.3723 0.7069
vn -0.6542 -0.4051 0.6387
vn -0.7015 -0.4344 0.5650
vn -0.7429 -0.4600 0.4864
vn -0.7778 -0.4816 0.4038
vn -0.8062 -0.4992 0.3177
vn -0.8277 -0.5125 0.2288
vn -0.8421 -0.5214 0.1381
vn -0.8493 -0.5259 0.0462
vn -0.1128 -0.0799 0.9904
vn -0.1870 -0.1323 0.9734
vn -0.1869 -0.1323 0.9734
vn -0.2595 -0.1837 0.9481
vn -0.3298 -0.2335 0.9147
vn -0.3973 -0.2812 0.8735
vn -0.4614 -0.3266 0.8249
vn -0.5216 -0.3692 0.7692
vn -0.5773 -0.4086 0.7069
vn -0.6280 -0.4446 0.6387
vn -0.6281 -0.4446 0.6387
vn -0.6735 -0.4767 0.5650
vn -0.7131 -0.5048 0.4864
vn -0.7467 -0.5286 0.4038
vn -0.7739 -0.5478 0.3177
vn -0.7945 -0.5624 0.2288
vn -0.8084 -0.5722 0.1381
vn -0.8153 -0.5772 0.0462
vn -0.8124 -0.5816 0.0408
vn -0.7600 -0.6483 0.0462
vn -0.1077 -0.0867 0.9904
vn -0.1784 -0.1436 0.9734
vn -0.2477 -0.1993 0.9481
vn -0.3148 -0.2533 0.9147
vn -0.3792 -0.3052 0.8735
vn -0.4404 -0.3544 0.8249
vn -0.4979 -0.4006 0.7692
vn -0.5510 -0.4434 0.7069
vn -0.5995 -0.4824 0.6387
vn -0.6428 -0.5173 0.5650
vn -0.6807 -0.5478 0.4864
vn -0.7128 -0.5736 0.4038
vn -0.7387 -0.5945 0.3177
vn -0.7584 -0.6103 0.2288
vn -0.7716 -0.6209 0.1381
vn -0.7783 -0.6263 0.0442
vn -0.7796 -0.6246 0.0462
vn -0.1021 -0.0931 0.9904
vn -0.1693 -0.1543 0.9734
vn -0.2350 -0.2142 0.9481
vn -0.2986 -0.2722 0.9147
vn -0.3597 -0.3279 0.8735
vn -0.4178 -0.3809 0.8249
vn -0.4722 -0.4305 0.7692
vn -0.5227 -0.4765 0.7069
vn -0.5687 -0.5184 0.6387
vn -0.6098 -0.5559 0.5650
vn -0.6457 -0.5886 0.4864
vn -0.6761 -0.6163 0.4038
vn -0.7007 -0.6388 0.3177
vn -0.7194 -0.6558 0.2288
vn -0.7319 -0.6672 0.1381
vn -0.7382 -0.6730 0.0462
vn -0.6800 -0.7318 0.0462
vn -0.0962 -0.0992 0.9904
vn -0.1595 -0.1644 0.9734
vn -0.1594 -0.1644 0.9734
vn -0.2213 -0.2282 0.9481
vn -0.2813 -0.2901 0.9147
vn -0.3389 -0.3495 0.8735
vn -0.3935 -0.4058 0.8249
vn -0.4448 -0.4588 0.7692
vn -0.4449 -0.4588 0.7692
vn -0.4924 -0.5078 0.7069
vn -0.5357 -0.5524 0.6387
vn -0.5744 -0.5924 0.5650
vn -0.6082 -0.6273 0.4864
vn -0.6369 -0.6568 0.4038
vn -0.6601 -0.6807 0.3177
vn -0.6777 -0.6989 0.2288
vn -0.6895 -0.7110 0.1381
vn -0.6956 -0.7173 0.0396
vn -0.7022 -0.7105 0.0462
vn -0.0899 -0.1050 0.9904
vn -0.1490 -0.1739 0.9734
vn -0.2068 -0.2414 0.9481
vn -0.2069 -0.2414 0.9481
vn -0.2629 -0.3069 0.9147
vn -0.3167 -0.3697 0.8735
vn -0.3678 -0.4293 0.8249
vn -0.4158 -0.4853 0.7692
vn -0.4602 -0.5371 0.7069
vn -0.5006 -0.5844 0.6387
vn -0.5006 -0.5843 0.6387
vn -0.5368 -0.6266 0.5650
vn -0.5685 -0.6635 0.4864
vn -0.5952 -0.6948 0.4038
vn -0.6169 -0.7201 0.3177
vn -0.6334 -0.7393 0.2288
vn -0.6444 -0.7521 0.1381
vn -0.6499 -0.7586 0.0462
vn -0.0833 -0.1103 0.9904
vn -0.1380 -0.1828 0.9734
vn -0.1916 -0.2537 0.9481
vn -0.2435 -0.3225 0.9147
vn -0.2934 -0.3885 0.8735
vn -0.2933 -0.3885 0.8735
vn -0.3407 -0.4511 0.8249
vn -0.3851 -0.5100 0.7692
vn -0.4262 -0.5644 0.7069
vn -0.4637 -0.6141 0.6387
vn -0.4972 -0.6585 0.5650
vn -0.5265 -0.6972 0.4864
vn -0.5513 -0.7301 0.4038
vn -0.5714 -0.7567 0.3177
vn -0.5866 -0.7768 0.2288
vn -0.5969 -0.7904 0.1381
vn -0.6020 -0.7972 0.0462
vn -0.5912 -0.8058 0.0323
vn -0.0764 -0.1152 0.9904
vn -0.1265 -0.1909 0.9734
vn -0.1756 -0.2650 0.9481
vn -0.2232 -0.3368 0.9147
vn -0.2689 -0.4058 0.8735
vn -0.3123 -0.4713 0.8249
vn -0.3530 -0.5327 0.7692
vn -0.3907 -0.5896 0.7069
vn -0.4250 -0.6414 0.6387
vn -0.4558 -0.6878 0.5650
vn -0.4826 -0.7283 0.4864
vn -0.5053 -0.7626 0.4038
vn -0.5238 -0.7904 0.3177
vn -0.5377 -0.8115 0.2288
vn -0.5471 -0.8256 0.1381
vn -0.5518 -0.8327 0.0462
vn -0.0691 -0.1197 0.9904
vn -0.1145 -0.1984 0.9734
vn -0.1590 -0.2753 0.9481
vn -0.2020 -0.3499 0.9147
vn -0.2434 -0.4216 0.8735
vn -0.2827 -0.4896 0.8249
vn -0.3195 -0.5534 0.7692
vn -0.3536 -0.6125 0.7069
vn -0.3847 -0.6664 0.6387
vn -0.4126 -0.7146 0.5650
vn -0.4369 -0.7567 0.4864
vn -0.4574 -0.7923 0.4038
vn -0.4741 -0.8212 0.3177
vn -0.4867 -0.8430 0.2288
vn -0.4952 -0.8577 0.1381
vn -0.4995 -0.8651 0.0462
vn -0.4941 -0.8685 0.0398
vn -0.4184 -0.9071 0.0462
vn -0.0616 -0.1237 0.9904
vn -0.1021 -0.2050 0.9734
vn -0.1417 -0.2846 0.9481
vn -0.1801 -0.3617 0.9147
vn -0.2170 -0.4357 0.8735
vn -0.2520 -0.5061 0.8249
vn -0.2848 -0.5720 0.7692
vn -0.3153 -0.6331 0.7069
vn -0.3430 -0.6888 0.6387
vn -0.3678 -0.7386 0.5650
vn -0.3894 -0.7821 0.4864
vn -0.4078 -0.8190 0.4038
vn -0.4227 -0.8488 0.3177
vn -0.4339 -0.8714 0.2288
vn -0.4415 -0.8866 0.1381
vn -0.4453 -0.8942 0.0451
vn -0.4462 -0.8937 0.0462
vn -0.0539 -0.1273 0.9904
vn -0.0893 -0.2109 0.9734
vn -0.1239 -0.2928 0.9481
vn -0.1575 -0.3721 0.9147
vn -0.1897 -0.4483 0.8735
vn -0.2204 -0.5206 0.8249
vn -0.2491 -0.5885 0.7692
vn -0.2757 -0.6513 0.7069
vn -0.2999 -0.7086 0.6387
vn -0.3216 -0.7599 0.5650
vn -0.3406 -0.8046 0.4864
vn -0.3566 -0.8425 0.4038
vn -0.3696 -0.8732 0.3177
vn -0.3794 -0.8965 0.2288
vn -0.3861 -0.9121 0.1381
vn -0.3860 -0.9121 0.1381
vn -0.3894 -0.9199 0.0462
vn -0.3109 -0.9493 0.0462
vn -0.0459 -0.1304 0.9904
vn -0.0761 -0.2160 0.9734
vn -0.1057 -0.2999 0.9481
vn -0.1343 -0.3811 0.9147
vn -0.1618 -0.4591 0.8735
vn -0.1879 -0.5332 0.8249
vn -0.2124 -0.6027 0.7692
vn -0.2351 -0.6671 0.7069
vn -0.2557 -0.7257 0.6387
vn -0.2742 -0.7782 0.5650
vn -0.2904 -0.8241 0.4864
vn -0.3041 -0.8629 0.4038
vn -0.3151 -0.8943 0.3177
vn -0.3235 -0.9181 0.2288
vn -0.3292 -0.9341 0.1381
vn -0.3321 -0.9424 0.0400
vn -0.3400 -0.9393 0.0462
vn -0.0378 -0.1329 0.9904
vn -0.0627 -0.2203 0.9734
vn -0.0870 -0.3058 0.9481
vn -0.1106 -0.3887 0.9147
vn -0.1332 -0.4682 0.8735
vn -0.1547 -0.5437 0.8249
vn -0.1749 -0.6146 0.7692
vn -0.1936 -0.6803 0.7069
vn -0.2106 -0.7401 0.6387
vn -0.2258 -0.7936 0.5650
vn -0.2391 -0.8404 0.4864
vn -0.2504 -0.8799 0.4038
vn -0.2595 -0.9120 0.3177
vn -0.2664 -0.9363 0.2288
vn -0.2710 -0.9526 0.1381
vn -0.2734 -0.9608 0.0462
vn -0.0296 -0.1350 0.9904
vn -0.0490 -0.2237 0.9734
vn -0.0680 -0.3106 0.9481
vn -0.0864 -0.3947 0.9147
vn -0.1041 -0.4755 0.8735
vn -0.1209 -0.5522 0.8249
vn -0.1367 -0.6242 0.7692
vn -0.1513 -0.6909 0.7069
vn -0.1646 -0.7517 0.6387
vn -0.1765 -0.8060 0.5650
vn -0.1869 -0.8535 0.4864
vn -0.1957 -0.8937 0.4038
vn -0.2029 -0.9263 0.3177
vn -0.2083 -0.9509 0.2288
vn -0.2119 -0.9675 0.1381
vn -0.2137 -0.9758 0.0462
vn -0.1993 -0.9794 0.0313
vn -0.0212 -0.1366 0.9904
vn -0.0351 -0.2263 0.9734
vn -0.0488 -0.3142 0.9481
vn -0.0620 -0.3993 0.9147
vn -0.0747 -0.4810 0.8735
vn -0.0867 -0.5586 0.8249
vn -0.0980 -0.6315 0.7692
vn -0.1085 -0.6989 0.7069
vn -0.1180 -0.7604 0.6387
vn -0.1266 -0.8154 0.5650
vn -0.1340 -0.8634 0.4864
vn -0.1403 -0.9040 0.4038
vn -0.1454 -0.9370 0.3177
vn -0.1493 -0.9619 0.2288
vn -0.1519 -0.9787 0.1381
vn -0.1532 -0.9871 0.0462
vn -0.0128 -0.1376 0.9904
vn -0.0211 -0.2281 0.9734
vn -0.0293 -0.3166 0.9481
vn -0.0373 -0.4024 0.9147
vn -0.0449 -0.4847 0.8735
vn -0.0522 -0.5629 0.8249
vn -0.0590 -0.6363 0.7692
vn -0.0653 -0.7043 0.7069
vn -0.0710 -0.7662 0.6387
vn -0.0761 -0.8216 0.5650
vn -0.0806 -0.8700 0.4864
vn -0.0844 -0.9110 0.4038
vn -0.0875 -0.9442 0.3177
vn -0.0898 -0.9693 0.2288
vn -0.0914 -0.9862 0.1381
vn -0.0922 -0.9947 0.0462
vn -0.0848 -0.9956 0.0387
vn -0.0043 -0.1382 0.9904
vn -0.0071 -0.2289 0.9734
vn -0.0098 -0.3178 0.9481
vn -0.0124 -0.4039 0.9147
vn -0.0150 -0.4865 0.8735
vn -0.0174 -0.5651 0.8249
vn -0.0197 -0.6387 0.7692
vn -0.0218 -0.7069 0.7069
vn -0.0237 -0.7691 0.6387
vn -0.0254 -0.8247 0.5650
vn -0.0269 -0.8733 0.4864
vn -0.0282 -0.9144 0.4038
vn -0.0292 -0.9478 0.3177
vn -0.0300 -0.9730 0.2288
vn -0.0305 -0.9899 0.1381
vn -0.0308 -0.9985 0.0462
vn 0.0043 -0.1382 0.9904
vn 0.0071 -0.2289 0.9734
vn 0.0098 -0.3178 0.9481
vn 0.0124 -0.4039 0.9147
vn 0.0150 -0.4865 0.8735
vn 0.0174 -0.5651 0.8249
vn 0.0197 -0.6387 0.7692
vn 0.0218 -0.7069 0.7069
vn 0.0237 -0.7691 0.6387
vn 0.0254 -0.8247 0.5650
vn 0.0269 -0.8733 0.4864
vn 0.0282 -0.9144 0.4038
vn 0.0292 -0.9478 0.3177
vn 0.0300 -0.9730 0.2288
vn 0.0305 -0.9899 0.1381
vn 0.0308 -0.9985 0.0462
vn 0.1154 -0.9922 0.0462
vn 0.0128 -0.1376 0.9904
vn 0.0211 -0.2281 0.9734
vn 0.0293 -0.3166 0.9481
vn 0.0373 -0.4024 0.9147
vn 0.0449 -0.4847 0.8735
vn 0.0522 -0.5629 0.8249
vn 0.0590 -0.6363 0.7692
vn 0.0653 -0.7043 0.7069
vn 0.0710 -0.7662 0.6387
vn 0.0761 -0.8216 0.5650
vn 0.0806 -0.8700 0.4864
vn 0.0844 -0.9110 0.4038
vn 0.0875 -0.9442 0.3177
vn 0.0898 -0.9693 0.2288
vn 0.0914 -0.9862 0.1381
vn 0.0922 -0.9949 0.0405
vn 0.0848 -0.9953 0.0462
vn 0.0212 -0.1366 0.9904
vn 0.0351 -0.2263 0.9734
vn 0.0488 -0.3142 0.9481
vn 0.0620 -0.3993 0.9147
vn 0.0747 -0.4810 0.8735
vn 0.0867 -0.5586 0.8249
vn 0.0980 -0.6315 0.7692
vn 0.1085 -0.6989 0.7069
vn 0.1180 -0.7604 0.6387
vn 0.1266 -0.8154 0.5650
vn 0.1340 -0.8634 0.4864
vn 0.1403 -0.9040 0.4038
vn 0.1454 -0.9370 0.3177
vn 0.1493 -0.9619 0.2288
vn 0.1519 -0.9787 0.1381
vn 0.1532 -0.9871 0.0462
vn 0.2292 -0.9723 0.0462
vn 0.0296 -0.1350 0.9904
vn 0.0490 -0.2237 0.9734
vn 0.0680 -0.3106 0.9481
vn 0.0864 -0.3947 0.9147
vn 0.1041 -0.4755 0.8735
vn 0.1209 -0.5522 0.8249
vn 0.1367 -0.6242 0.7692
vn 0.1513 -0.6909 0.7069
vn 0.1646 -0.7517 0.6387
vn 0.1765 -0.8060 0.5650
vn 0.1869 -0.8535 0.4864
vn 0.1957 -0.8937 0.4038
vn 0.2029 -0.9263 0.3177
vn 0.2083 -0.9509 0.2288
vn 0.2119 -0.9675 0.1381
vn 0.2138 -0.9761 0.0385
vn 0.1992 -0.9789 0.0462
vn 0.0378 -0.1329 0.9904
vn 0.0627 -0.2203 0.9734
vn 0.0870 -0.3058 0.9481
vn 0.1106 -0.3887 0.9147
vn 0.1332 -0.4682 0.8735
vn 0.1547 -0.5437 0.8249
vn 0.1749 -0.6146 0.7692
vn 0.1936 -0.6803 0.7069
vn 0.2106 -0.7401 0.6387
vn 0.2258 -0.7936 0.5650
vn 0.2391 -0.8404 0.4864
vn 0.2504 -0.8799 0.4038
vn 0.2595 -0.9120 0.3177
vn 0.2664 -0.9363 0.2288
vn 0.2710 -0.9526 0.1381
vn 0.2734 -0.9608 0.0462
vn 0.0459 -0.1304 0.9904
vn 0.0761 -0.2160 0.9734
vn 0.1057 -0.2999 0.9481
vn 0.1343 -0.3811 0.9147
vn 0.1618 -0.4591 0.8735
vn 0.1879 -0.5332 0.8249
vn 0.2124 -0.6027 0.7692
vn 0.2351 -0.6671 0.7069
vn 0.2557 -0.7257 0.6387
vn 0.2742 -0.7782 0.5650
vn 0.2904 -0.8241 0.4864
vn 0.3041 -0.8629 0.4038
vn 0.3151 -0.8943 0.3177
vn 0.3235 -0.9181 0.2288
vn 0.3292 -0.9341 0.1381
vn 0.3320 -0.9421 0.0462
vn 0.3401 -0.9396 0.0377
vn 0.0539 -0.1273 0.9904
vn 0.0893 -0.2109 0.9734
vn 0.1239 -0.2928 0.9481
vn 0.1575 -0.3721 0.9147
vn 0.1897 -0.4483 0.8735
vn 0.2204 -0.5206 0.8249
vn 0.2491 -0.5885 0.7692
vn 0.2757 -0.6513 0.7069
vn 0.2999 -0.7086 0.6387
vn 0.3216 -0.7599 0.5650
vn 0.3406 -0.8046 0.4864
vn 0.3566 -0.8425 0.4038
vn 0.3696 -0.8732 0.3177
vn 0.3794 -0.8965 0.2288
vn 0.3860 -0.9121 0.1381
vn 0.3861 -0.9121 0.1381
vn 0.3894 -0.9199 0.0462
vn 0.0616 -0.1237 0.9904
vn 0.1021 -0.2050 0.9734
vn 0.1417 -0.2846 0.9481
vn 0.1801 -0.3617 0.9147
vn 0.2170 -0.4357 0.8735
vn 0.2520 -0.5061 0.8249
vn 0.2848 -0.5720 0.7692
vn 0.3153 -0.6331 0.7069
vn 0.3430 -0.6888 0.6387
vn 0.3678 -0.7386 0.5650
vn 0.3895 -0.7821 0.4864
vn 0.3894 -0.7821 0.4864
vn 0.4078 -0.8190 0.4038
vn 0.4227 -0.8488 0.3177
vn 0.4339 -0.8714 0.2288
vn 0.4415 -0.8866 0.1381
vn 0.4453 -0.8942 0.0462
vn 0.4462 -0.8938 0.0451
vn 0.5204 -0.8526 0.0462
vn 0.0691 -0.1197 0.9904
vn 0.1145 -0.1984 0.9734
vn 0.1590 -0.2753 0.9481
vn 0.2020 -0.3499 0.9147
vn 0.2434 -0.4216 0.8735
vn 0.2827 -0.4896 0.8249
vn 0.3195 -0.5534 0.7692
vn 0.3536 -0.6125 0.7069
vn 0.3847 -0.6664 0.6387
vn 0.4126 -0.7146 0.5650
vn 0.4369 -0.7567 0.4864
vn 0.4574 -0.7923 0.4038
vn 0.4741 -0.8212 0.3177
vn 0.4867 -0.8430 0.2288
vn 0.4952 -0.8577 0.1381
vn 0.4996 -0.8653 0.0411
vn 0.4939 -0.8683 0.0462
vn 0.0763 -0.1152 0.9904
vn 0.0764 -0.1152 0.9904
vn 0.1265 -0.1909 0.9734
vn 0.1756 -0.2650 0.9481
vn 0.2232 -0.3368 0.9147
vn 0.2689 -0.4058 0.8735
vn 0.3123 -0.4713 0.8249
vn 0.3530 -0.5327 0.7692
vn 0.3907 -0.5896 0.7069
vn 0.4250 -0.6414 0.6387
vn 0.4558 -0.6878 0.5650
vn 0.4826 -0.7283 0.4864
vn 0.5053 -0.7626 0.4038
vn 0.5238 -0.7904 0.3177
vn 0.5377 -0.8115 0.2288
vn 0.5471 -0.8256 0.1381
vn 0.5518 -0.8327 0.0462
vn 0.6154 -0.7868 0.0462
vn 0.0833 -0.1103 0.9904
vn 0.1380 -0.1828 0.9734
vn 0.1916 -0.2537 0.9481
vn 0.2435 -0.3225 0.9147
vn 0.2934 -0.3885 0.8735
vn 0.2933 -0.3885 0.8735
vn 0.3407 -0.4511 0.8249
vn 0.3851 -0.5100 0.7692
vn 0.4262 -0.5644 0.7069
vn 0.4637 -0.6141 0.6387
vn 0.4972 -0.6585 0.5650
vn 0.5265 -0.6972 0.4864
vn 0.5513 -0.7301 0.4038
vn 0.5714 -0.7567 0.3177
vn 0.5866 -0.7768 0.2288
vn 0.5969 -0.7904 0.1381
vn 0.6022 -0.7974 0.0386
vn 0.5909 -0.8054 0.0462
vn 0.0899 -0.1050 0.9904
vn 0.1490 -0.1739 0.9734
vn 0.2068 -0.2414 0.9481
vn 0.2629 -0.3069 0.9147
vn 0.3167 -0.3697 0.8735
vn 0.3678 -0.4293 0.8249
vn 0.4158 -0.4853 0.7692
vn 0.4602 -0.5371 0.7069
vn 0.5006 -0.5843 0.6387
vn 0.5006 -0.5844 0.6387
vn 0.5368 -0.6266 0.5650
vn 0.5685 -0.6635 0.4864
vn 0.5952 -0.6948 0.4038
vn 0.6169 -0.7201 0.3177
vn 0.6334 -0.7393 0.2288
vn 0.6444 -0.7521 0.1381
vn 0.6499 -0.7586 0.0462
vn 0.0962 -0.0992 0.9904
vn 0.1595 -0.1644 0.9734
vn 0.1594 -0.1644 0.9734
vn 0.2213 -0.2282 0.9481
vn 0.2813 -0.2901 0.9147
vn 0.3389 -0.3495 0.8735
vn 0.3935 -0.4059 0.8249
vn 0.3935 -0.4058 0.8249
vn 0.4448 -0.4588 0.7692
vn 0.4449 -0.4588 0.7692
vn 0.4924 -0.5078 0.7069
vn 0.5357 -0.5524 0.6387
vn 0.5744 -0.5924 0.5650
vn 0.6082 -0.6273 0.4864
vn 0.6369 -0.6568 0.4038
vn 0.6601 -0.6807 0.3177
vn 0.6777 -0.6989 0.2288
vn 0.6895 -0.7110 0.1381
vn 0.6954 -0.7171 0.0462
vn 0.7025 -0.7107 0.0366
vn 0.1021 -0.0931 0.9904
vn 0.1693 -0.1543 0.9734
vn 0.2350 -0.2142 0.9481
vn 0.2986 -0.2722 0.9147
vn 0.3597 -0.3279 0.8735
vn 0.4178 -0.3809 0.8249
vn 0.4722 -0.4305 0.7692
vn 0.5227 -0.4765 0.7069
vn 0.5687 -0.5184 0.6387
vn 0.6098 -0.5559 0.5650
vn 0.6457 -0.5886 0.4864
vn 0.6761 -0.6163 0.4038
vn 0.7007 -0.6388 0.3177
vn 0.7194 -0.6558 0.2288
vn 0.7319 -0.6672 0.1381
vn 0.7382 -0.6730 0.0462
vn 0.1077 -0.0867 0.9904
vn 0.1784 -0.1436 0.9734
vn 0.2477 -0.1993 0.9481
vn 0.3148 -0.2533 0.9147
vn 0.3792 -0.3052 0.8735
vn 0.4404 -0.3544 0.8249
vn 0.4979 -0.4006 0.7692
vn 0.5510 -0.4434 0.7069
vn 0.5995 -0.4824 0.6387
vn 0.6428 -0.5173 0.5650
vn 0.6807 -0.5478 0.4864
vn 0.7128 -0.5736 0.4038
vn 0.7387 -0.5945 0.3177
vn 0.7584 -0.6103 0.2288
vn 0.7716 -0.6209 0.1381
vn 0.7782 -0.6263 0.0462
vn 0.7797 -0.6247 0.0440
vn 0.8298 -0.5562 0.0462
vn 0.1128 -0.0799 0.9904
vn 0.1870 -0.1323 0.9734
vn 0.1869 -0.1323 0.9734
vn 0.2595 -0.1837 0.9481
vn 0.3298 -0.2335 0.9147
vn 0.3973 -0.2812 0.8735
vn 0.4614 -0.3266 0.8249
vn 0.5216 -0.3692 0.7692
vn 0.5773 -0.4086 0.7069
vn 0.6281 -0.4446 0.6387
vn 0.6280 -0.4446 0.6387
vn 0.6735 -0.4767 0.5650
vn 0.7131 -0.5048 0.4864
vn 0.7467 -0.5286 0.4038
vn 0.7739 -0.5478 0.3177
vn 0.7945 -0.5624 0.2288
vn 0.8084 -0.5722 0.1381
vn 0.8155 -0.5773 0.0418
vn 0.8123 -0.5815 0.0462
vn 0.1175 -0.0728 0.9904
vn 0.1947 -0.1206 0.9734
vn 0.2703 -0.1674 0.9481
vn 0.3436 -0.2127 0.9147
vn 0.4139 -0.2563 0.8735
vn 0.4806 -0.2976 0.8249
vn 0.5433 -0.3364 0.7692
vn 0.6013 -0.3723 0.7069
vn 0.6542 -0.4051 0.6387
vn 0.7015 -0.4344 0.5650
vn 0.7429 -0.4600 0.4864
vn 0.7778 -0.4816 0.4038
vn 0.8062 -0.4992 0.3177
vn 0.8277 -0.5125 0.2288
vn 0.8421 -0.5214 0.1381
vn 0.8493 -0.5259 0.0462
vn 0.8885 -0.4566 0.0462
vn 0.1218 -0.0654 0.9904
vn 0.2018 -0.1084 0.9734
vn 0.2801 -0.1504 0.9481
vn 0.3560 -0.1912 0.9147
vn 0.4289 -0.2303 0.8735
vn 0.4981 -0.2675 0.8249
vn 0.4980 -0.2674 0.8249
vn 0.5630 -0.3023 0.7692
vn 0.6231 -0.3346 0.7069
vn 0.6779 -0.3640 0.6387
vn 0.7269 -0.3904 0.5650
vn 0.7698 -0.4134 0.4864
vn 0.8060 -0.4328 0.4038
vn 0.8354 -0.4486 0.3177
vn 0.8576 -0.4605 0.2288
vn 0.8576 -0.4605 0.2289
vn 0.8726 -0.4686 0.1381
vn 0.8804 -0.4727 0.0387
vn 0.8740 -0.4838 0.0462
vn 0.1256 -0.0578 0.9904
vn 0.2081 -0.0957 0.9734
vn 0.2888 -0.1329 0.9481
vn 0.3671 -0.1689 0.9147
vn 0.4422 -0.2035 0.8735
vn 0.5136 -0.2363 0.8249
vn 0.5805 -0.2671 0.7692
vn 0.6425 -0.2956 0.7069
vn 0.6991 -0.3216 0.6387
vn 0.6990 -0.3216 0.6387
vn 0.7496 -0.3449 0.5650
vn 0.7937 -0.3652 0.4864
vn 0.8311 -0.3824 0.4038
vn 0.8614 -0.3963 0.3177
vn 0.8844 -0.4069 0.2288
vn 0.8998 -0.4140 0.1381
vn 0.9075 -0.4175 0.0462
vn 0.1289 -0.0499 0.9904
vn 0.2136 -0.0827 0.9734
vn 0.2965 -0.1148 0.9481
vn 0.3768 -0.1460 0.9147
vn 0.4539 -0.1758 0.8735
vn 0.5271 -0.2042 0.8249
vn 0.5959 -0.2308 0.7692
vn 0.6595 -0.2555 0.7069
vn 0.7175 -0.2780 0.6387
vn 0.7694 -0.2981 0.5650
vn 0.8147 -0.3156 0.4864
vn 0.8531 -0.3305 0.4038
vn 0.8842 -0.3425 0.3177
vn 0.9077 -0.3517 0.2288
vn 0.9235 -0.3578 0.1381
vn 0.9315 -0.3609 0.0462
vn 0.9357 -0.3511 0.0355
vn 0.1317 -0.0419 0.9904
vn 0.2183 -0.0694 0.9734
vn 0.3030 -0.0964 0.9481
vn 0.3851 -0.1225 0.9147
vn 0.4639 -0.1476 0.8735
vn 0.5387 -0.1714 0.8249
vn 0.6090 -0.1937 0.7692
vn 0.6740 -0.2144 0.7069
vn 0.7333 -0.2333 0.6387
vn 0.7863 -0.2501 0.5650
vn 0.8326 -0.2649 0.4864
vn 0.8718 -0.2773 0.4038
vn 0.9036 -0.2875 0.3177
vn 0.9277 -0.2951 0.2288
vn 0.9438 -0.3002 0.1381
vn 0.9519 -0.3028 0.0462
vn 0.1340 -0.0337 0.9904
vn 0.2221 -0.0559 0.9734
vn 0.3083 -0.0775 0.9481
vn 0.3919 -0.0986 0.9147
vn 0.4721 -0.1187 0.8735
vn 0.5482 -0.1379 0.8249
vn 0.6197 -0.1559 0.7692
vn 0.6859 -0.1725 0.7069
vn 0.7462 -0.1877 0.6387
vn 0.8002 -0.2013 0.5650
vn 0.8473 -0.2131 0.4864
vn 0.8872 -0.2231 0.4038
vn 0.9196 -0.2313 0.3177
vn 0.9441 -0.2374 0.2288
vn 0.9605 -0.2416 0.1381
vn 0.9688 -0.2437 0.0462
vn 0.9697 -0.2406 0.0430
vn 0.9865 -0.1574 0.0462
vn 0.1359 -0.0254 0.9904
vn 0.2251 -0.0421 0.9734
vn 0.2252 -0.0421 0.9734
vn 0.3125 -0.0584 0.9481
vn 0.3972 -0.0743 0.9147
vn 0.3972 -0.0742 0.9147
vn 0.4785 -0.0894 0.8735
vn 0.5557 -0.1039 0.8249
vn 0.6281 -0.1174 0.7692
vn 0.6282 -0.1174 0.7692
vn 0.6952 -0.1300 0.7069
vn 0.7564 -0.1414 0.6387
vn 0.8111 -0.1516 0.5650
vn 0.8588 -0.1605 0.4864
vn 0.8993 -0.1681 0.4038
vn 0.9321 -0.1742 0.3177
vn 0.9569 -0.1789 0.2288
vn 0.9736 -0.1820 0.1381
vn 0.9821 -0.1836 0.0425
vn 0.9811 -0.1877 0.0462
vn 0.1372 -0.0170 0.9904
vn 0.2273 -0.0281 0.9734
vn 0.3155 -0.0391 0.9481
vn 0.4010 -0.0497 0.9147
vn 0.4831 -0.0598 0.8735
vn 0.5610 -0.0695 0.8249
vn 0.6342 -0.0785 0.7692
vn 0.7019 -0.0869 0.7069
vn 0.7637 -0.0946 0.6387
vn 0.8189 -0.1014 0.5650
vn 0.8671 -0.1074 0.4864
vn 0.9079 -0.1124 0.4038
vn 0.9410 -0.1165 0.3177
vn 0.9661 -0.1196 0.2288
vn 0.9829 -0.1217 0.1381
vn 0.9914 -0.1228 0.0462
vn 0.9980 -0.0424 0.0462
vn 0.1380 -0.0085 0.9904
vn 0.2286 -0.0141 0.9734
vn 0.3173 -0.0196 0.9481
vn 0.4033 -0.0249 0.9147
vn 0.4859 -0.0300 0.8735
vn 0.5642 -0.0348 0.8249
vn 0.6378 -0.0393 0.7692
vn 0.7059 -0.0435 0.7069
vn 0.7680 -0.0474 0.6387
vn 0.8236 -0.0508 0.5650
vn 0.8721 -0.0538 0.4864
vn 0.9131 -0.0563 0.4038
vn 0.9464 -0.0584 0.3177
vn 0.9716 -0.0599 0.2288
vn 0.9885 -0.0610 0.1381
vn 0.9973 -0.0615 0.0389
vn 0.9963 -0.0731 0.0462
vn 0.1382 -0.0000 0.9904
vn 0.2291 -0.0000 0.9734
vn 0.2290 -0.0000 0.9734
vn 0.3179 -0.0000 0.9481
vn 0.4041 -0.0000 0.9147
vn 0.4868 -0.0000 0.8735
vn 0.5653 -0.0000 0.8249
vn 0.6390 -0.0000 0.7692
vn 0.7073 -0.0000 0.7069
vn 0.7695 -0.0000 0.6387
vn 0.8251 -0.0000 0.5650
vn 0.8737 -0.0000 0.4864
vn 0.9149 -0.0000 0.4038
vn 0.9482 -0.0000 0.3177
vn 0.9735 -0.0000 0.2288
vn 0.9904 -0.0000 0.1381
vn 0.9989 -0.0000 0.0462
vn 0.1380 0.0085 0.9904
vn 0.2286 0.0141 0.9734
vn 0.3173 0.0196 0.9481
vn 0.4033 0.0249 0.9147
vn 0.4859 0.0300 0.8735
vn 0.5642 0.0348 0.8249
vn 0.6378 0.0393 0.7692
vn 0.7059 0.0435 0.7069
vn 0.7680 0.0474 0.6387
vn 0.8236 0.0508 0.5650
vn 0.8721 0.0538 0.4864
vn 0.9131 0.0563 0.4038
vn 0.9464 0.0584 0.3177
vn 0.9716 0.0599 0.2288
vn 0.9885 0.0610 0.1381
vn 0.9970 0.0615 0.0462
vn 0.9967 0.0732 0.0345
vn 0.1372 0.0170 0.9904
vn 0.2273 0.0281 0.9734
vn 0.3155 0.0391 0.9481
vn 0.4010 0.0497 0.9147
vn 0.4831 0.0598 0.8735
vn 0.5610 0.0695 0.8249
vn 0.6342 0.0785 0.7692
vn 0.7019 0.0869 0.7069
vn 0.7637 0.0946 0.6387
vn 0.8189 0.1014 0.5650
vn 0.8671 0.1074 0.4864
vn 0.9079 0.1124 0.4038
vn 0.9410 0.1165 0.3177
vn 0.9661 0.1196 0.2288
vn 0.9829 0.1217 0.1381
vn 0.9914 0.1228 0.0462
vn 0.1359 0.0254 0.9904
vn 0.2251 0.0421 0.9734
vn 0.2252 0.0421 0.9734
vn 0.3125 0.0584 0.9481
vn 0.3972 0.0743 0.9147
vn 0.3972 0.0742 0.9147
vn 0.4785 0.0894 0.8735
vn 0.5557 0.1039 0.8249
vn 0.6281 0.1174 0.7692
vn 0.6952 0.1300 0.7069
vn 0.7564 0.1414 0.6387
vn 0.8111 0.1516 0.5650
vn 0.8588 0.1605 0.4864
vn 0.8993 0.1681 0.4038
vn 0.9321 0.1742 0.3177
vn 0.9569 0.1789 0.2288
vn 0.9736 0.1820 0.1381
vn 0.9819 0.1836 0.0462
vn 0.9813 0.1878 0.0419
vn 0.9617 0.2703 0.0462
vn 0.1340 0.0337 0.9904
vn 0.2221 0.0559 0.9734
vn 0.3083 0.0775 0.9481
vn 0.3919 0.0986 0.9147
vn 0.4721 0.1187 0.8735
vn 0.5482 0.1379 0.8249
vn 0.6197 0.1559 0.7692
vn 0.6859 0.1725 0.7069
vn 0.7462 0.1877 0.6387
vn 0.8002 0.2013 0.5650
vn 0.8473 0.2131 0.4864
vn 0.8872 0.2231 0.4038
vn 0.9196 0.2313 0.3177
vn 0.9441 0.2374 0.2288
vn 0.9605 0.2416 0.1381
vn 0.9689 0.2437 0.0433
vn 0.9695 0.2406 0.0462
vn 0.1317 0.0419 0.9904
vn 0.2183 0.0694 0.9734
vn 0.3030 0.0964 0.9481
vn 0.3851 0.1225 0.9147
vn 0.4639 0.1476 0.8735
vn 0.5387 0.1714 0.8249
vn 0.6090 0.1937 0.7692
vn 0.6740 0.2144 0.7069
vn 0.7333 0.2333 0.6387
vn 0.7863 0.2501 0.5650
vn 0.8326 0.2649 0.4864
vn 0.8718 0.2773 0.4038
vn 0.9036 0.2875 0.3177
vn 0.9277 0.2951 0.2288
vn 0.9438 0.3002 0.1381
vn 0.9519 0.3028 0.0462
vn 0.9240 0.3796 0.0462
vn 0.1289 0.0499 0.9904
vn 0.2136 0.0827 0.9734
vn 0.2965 0.1148 0.9481
vn 0.3768 0.1460 0.9147
vn 0.4539 0.1758 0.8735
vn 0.5271 0.2042 0.8249
vn 0.5959 0.2308 0.7692
vn 0.6595 0.2555 0.7069
vn 0.7175 0.2780 0.6387
vn 0.7694 0.2981 0.5650
vn 0.8147 0.3156 0.4864
vn 0.8531 0.3305 0.4038
vn 0.8842 0.3425 0.3177
vn 0.9077 0.3517 0.2288
vn 0.9235 0.3578 0.1381
vn 0.9318 0.3610 0.0392
vn 0.9353 0.3509 0.0462
vn 0.1256 0.0578 0.9904
vn 0.2081 0.0957 0.9734
vn 0.2888 0.1329 0.9481
vn 0.3671 0.1689 0.9147
vn 0.4422 0.2035 0.8735
vn 0.5136 0.2363 0.8249
vn 0.5805 0.2671 0.7692
vn 0.6425 0.2956 0.7069
vn 0.6991 0.3216 0.6387
vn 0.6990 0.3216 0.6387
vn 0.7496 0.3449 0.5650
vn 0.7937 0.3652 0.4864
vn 0.8311 0.3824 0.4038
vn 0.8614 0.3963 0.3177
vn 0.8844 0.4069 0.2288
vn 0.8844 0.4069 0.2289
vn 0.8998 0.4140 0.1381
vn 0.9075 0.4175 0.0462
vn 0.1218 0.0654 0.9904
vn 0.2018 0.1084 0.9734
vn 0.2801 0.1504 0.9481
vn 0.3560 0.1912 0.9147
vn 0.4289 0.2303 0.8735
vn 0.4981 0.2674 0.8249
vn 0.5630 0.3023 0.7692
vn 0.6231 0.3346 0.7069
vn 0.6779 0.3640 0.6387
vn 0.7269 0.3904 0.5650
vn 0.7698 0.4134 0.4864
vn 0.8060 0.4328 0.4038
vn 0.8354 0.4486 0.3177
vn 0.8576 0.4605 0.2288
vn 0.8726 0.4686 0.1381
vn 0.8801 0.4726 0.0462
vn 0.8744 0.4840 0.0334
vn 0.1175 0.0728 0.9904
vn 0.1947 0.1206 0.9734
vn 0.2703 0.1674 0.9481
vn 0.3436 0.2127 0.9147
vn 0.4139 0.2563 0.8735
vn 0.4806 0.2976 0.8249
vn 0.5433 0.3364 0.7692
vn 0.6013 0.3723 0.7069
vn 0.6542 0.4051 0.6387
vn 0.7015 0.4344 0.5650
vn 0.7429 0.4600 0.4864
vn 0.7778 0.4816 0.4038
vn 0.8062 0.4992 0.3177
vn 0.8277 0.5125 0.2288
vn 0.8421 0.5214 0.1381
vn 0.8493 0.5259 0.0462
vn 0.1128 0.0799 0.9904
vn 0.1870 0.1323 0.9734
vn 0.1869 0.1323 0.9734
vn 0.2595 0.1837 0.9481
vn 0.3298 0.2335 0.9147
vn 0.3973 0.2812 0.8735
vn 0.4614 0.3266 0.8249
vn 0.5216 0.3692 0.7692
vn 0.5773 0.4086 0.7069
vn 0.6280 0.4446 0.6387
vn 0.6281 0.4446 0.6387
vn 0.6735 0.4767 0.5650
vn 0.7131 0.5048 0.4864
vn 0.7467 0.5286 0.4038
vn 0.7739 0.5478 0.3177
vn 0.7945 0.5624 0.2288
vn 0.8084 0.5722 0.1381
vn 0.8153 0.5772 0.0462
vn 0.8124 0.5816 0.0408
vn 0.7600 0.6483 0.0462
vn 0.1077 0.0867 0.9904
vn 0.1784 0.1436 0.9734
vn 0.2477 0.1993 0.9481
vn 0.3148 0.2533 0.9147
vn 0.3792 0.3052 0.8735
vn 0.4404 0.3544 0.8249
vn 0.4979 0.4006 0.7692
vn 0.5510 0.4434 0.7069
vn 0.5995 0.4824 0.6387
vn 0.6428 0.5173 0.5650
vn 0.6807 0.5478 0.4864
vn 0.7128 0.5736 0.4038
vn 0.7387 0.5945 0.3177
vn 0.7584 0.6103 0.2288
vn 0.7716 0.6209 0.1381
vn 0.7783 0.6263 0.0442
vn 0.7796 0.6246 0.0462
vn 0.1021 0.0931 0.9904
vn 0.1693 0.1543 0.9734
vn 0.2350 0.2142 0.9481
vn 0.2986 0.2722 0.9147
vn 0.3597 0.3279 0.8735
vn 0.4178 0.3809 0.8249
vn 0.4722 0.4305 0.7692
vn 0.5227 0.4765 0.7069
vn 0.5687 0.5184 0.6387
vn 0.6098 0.5559 0.5650
vn 0.6457 0.5886 0.4864
vn 0.6761 0.6163 0.4038
vn 0.7007 0.6388 0.3177
vn 0.7194 0.6558 0.2288
vn 0.7319 0.6672 0.1381
vn 0.7382 0.6730 0.0462
vn 0.6800 0.7318 0.0462
vn 0.0962 0.0992 0.9904
vn 0.1595 0.1644 0.9734
vn 0.1594 0.1644 0.9734
vn 0.2213 0.2282 0.9481
vn 0.2813 0.2901 0.9147
vn 0.3389 0.3495 0.8735
vn 0.3935 0.4058 0.8249
vn 0.4448 0.4588 0.7692
vn 0.4449 0.4588 0.7692
vn 0.4924 0.5078 0.7069
vn 0.5357 0.5524 0.6387
vn 0.5744 0.5924 0.5650
vn 0.6082 0.6273 0.4864
vn 0.6369 0.6568 0.4038
vn 0.6601 0.6807 0.3177
vn 0.6777 0.6989 0.2288
vn 0.6895 0.7110 0.1381
vn 0.6956 0.7173 0.0396
vn 0.7022 0.7105 0.0462
vn 0.0899 0.1050 0.9904
vn 0.1490 0.1739 0.9734
vn 0.2068 0.2414 0.9481
vn 0.2069 0.2414 0.9481
vn 0.2629 0.3069 0.9147
vn 0.3167 0.3697 0.8735
vn 0.3678 0.4293 0.8249
vn 0.4158 0.4853 0.7692
vn 0.4602 0.5371 0.7069
vn 0.5006 0.5844 0.6387
vn 0.5006 0.5843 0.6387
vn 0.5368 0.6266 0.5650
vn 0.5685 0.6635 0.4864
vn 0.5952 0.6948 0.4038
vn 0.6169 0.7201 0.3177
vn 0.6334 0.7393 0.2288
vn 0.6444 0.7521 0.1381
vn 0.6499 0.7586 0.0462
vn 0.0833 0.1103 0.9904
vn 0.1380 0.1828 0.9734
vn 0.1916 0.2537 0.9481
vn 0.2435 0.3225 0.9147
vn 0.2934 0.3885 0.8735
vn 0.2933 0.3885 0.8735
vn 0.3407 0.4511 0.8249
vn 0.3851 0.5100 0.7692
vn 0.4262 0.5644 0.7069
vn 0.4637 0.6141 0.6387
vn 0.4972 0.6585 0.5650
vn 0.5265 0.6972 0.4864
vn 0.5513 0.7301 0.4038
vn 0.5714 0.7567 0.3177
vn 0.5866 0.7768 0.2288
vn 0.5969 0.7904 0.1381
vn 0.6020 0.7972 0.0462
vn 0.5912 0.8058 0.0323
vn 0.0764 0.1152 0.9904
vn 0.1265 0.1909 0.9734
vn 0.1756 0.2650 0.9481
vn 0.2232 0.3368 0.9147
vn 0.2689 0.4058 0.8735
vn 0.3123 0.4713 0.8249
vn 0.3530 0.5327 0.7692
vn 0.3907 0.5896 0.7069
vn 0.4250 0.6414 0.6387
vn 0.4558 0.6878 0.5650
vn 0.4826 0.7283 0.4864
vn 0.5053 0.7626 0.4038
vn 0.5238 0.7904 0.3177
vn 0.5377 0.8115 0.2288
vn 0.5471 0.8256 0.1381
vn 0.5518 0.8327 0.0462
vn 0.0691 0.1197 0.9904
vn 0.1145 0.1984 0.9734
vn 0.1590 0.2753 0.9481
vn 0.2020 0.3499 0.9147
vn 0.2434 0.4216 0.8735
vn 0.2827 0.4896 0.8249
vn 0.3195 0.5534 0.7692
vn 0.3536 0.6125 0.7069
vn 0.3847 0.6664 0.6387
vn 0.4126 0.7146 0.5650
vn 0.4369 0.7567 0.4864
vn 0.4574 0.7923 0.4038
vn 0.4741 0.8212 0.3177
vn 0.4867 0.8430 0.2288
vn 0.4952 0.8577 0.1381
vn 0.4995 0.8651 0.0462
vn 0.4941 0.8685 0.0398
vn 0.4184 0.9071 0.0462
vn 0.0616 0.1237 0.9904
vn 0.1021 0.2050 0.9734
vn 0.1417 0.2846 0.9481
vn 0.1801 0.3617 0.9147
vn 0.2170 0.4357 0.8735
vn 0.2520 0.5061 0.8249
vn 0.2848 0.5720 0.7692
vn 0.3153 0.6331 0.7069
vn 0.3430 0.6888 0.6387
vn 0.3678 0.7386 0.5650
vn 0.3894 0.7821 0.4864
vn 0.4078 0.8190 0.4038
vn 0.4227 0.8488 0.3177
vn 0.4339 0.8714 0.2288
vn 0.4415 0.8866 0.1381
vn 0.4453 0.8942 0.0451
vn 0.4462 0.8937 0.0462
vn 0.0539 0.1273 0.9904
vn 0.0893 0.2109 0.9734
vn 0.1239 0.2928 0.9481
vn 0.1575 0.3721 0.9147
vn 0.1897 0.4483 0.8735
vn 0.2204 0.5206 0.8249
vn 0.2491 0.5885 0.7692
vn 0.2757 0.6513 0.7069
vn 0.2999 0.7086 0.6387
vn 0.3216 0.7599 0.5650
vn 0.3406 0.8046 0.4864
vn 0.3566 0.8425 0.4038
vn 0.3696 0.8732 0.3177
vn 0.3794 0.8965 0.2288
vn 0.3861 0.9121 0.1381
vn 0.3860 0.9121 0.1381
vn 0.3894 0.9199 0.0462
vn 0.3109 0.9493 0.0462
vn 0.0459 0.1304 0.9904
vn 0.0761 0.2160 0.9734
vn 0.1057 0.2999 0.9481
vn 0.1343 0.3811 0.9147
vn 0.1618 0.4591 0.8735
vn 0.1879 0.5332 0.8249
vn 0.2124 0.6027 0.7692
vn 0.2351 0.6671 0.7069
vn 0.2557 0.7257 0.6387
vn 0.2742 0.7782 0.5650
vn 0.2904 0.8241 0.4864
vn 0.3041 0.8629 0.4038
vn 0.3151 0.8943 0.3177
vn 0.3235 0.9181 0.2288
vn 0.3292 0.9341 0.1381
vn 0.3321 0.9424 0.0400
vn 0.3400 0.9393 0.0462
vn 0.0378 0.1329 0.9904
vn 0.0627 0.2203 0.9734
vn 0.0870 0.3058 0.9481
vn 0.1106 0.3887 0.9147
vn 0.1332 0.4682 0.8735
vn 0.1547 0.5437 0.8249
vn 0.1749 0.6146 0.7692
vn 0.1936 0.6803 0.7069
vn 0.2106 0.7401 0.6387
vn 0.2258 0.7936 0.5650
vn 0.2391 0.8404 0.4864
vn 0.2504 0.8799 0.4038
vn 0.2595 0.9120 0.3177
vn 0.2664 0.9363 0.2288
vn 0.2710 0.9526 0.1381
vn 0.2734 0.9608 0.0462
vn 0.0296 0.1350 0.9904
vn 0.0490 0.2237 0.9734
vn 0.0680 0.3106 0.9481
vn 0.0864 0.3947 0.9147
vn 0.1041 0.4755 0.8735
vn 0.1209 0.5522 0.8249
vn 0.1367 0.6242 0.7692
vn 0.1513 0.6909 0.7069
vn 0.1646 0.7517 0.6387
vn 0.1765 0.8060 0.5650
vn 0.1869 0.8535 0.4864
vn 0.1957 0.8937 0.4038
vn 0.2029 0.9263 0.3177
vn 0.2083 0.9509 0.2288
vn 0.2119 0.9675 0.1381
vn 0.2137 0.9758 0.0462
vn 0.1993 0.9794 0.0313
vn 0.0212 0.1366 0.9904
vn 0.0351 0.2263 0.9734
vn 0.0488 0.3142 0.9481
vn 0.0620 0.3993 0.9147
vn 0.0747 0.4810 0.8735
vn 0.0867 0.5586 0.8249
vn 0.0980 0.6315 0.7692
vn 0.1085 0.6989 0.7069
vn 0.1180 0.7604 0.6387
vn 0.1266 0.8154 0.5650
vn 0.1340 0.8634 0.4864
vn 0.1403 0.9040 0.4038
vn 0.1454 0.9370 0.3177
vn 0.1493 0.9619 0.2288
vn 0.1519 0.9787 0.1381
vn 0.1532 0.9871 0.0462
vn 0.0128 0.1376 0.9904
vn 0.0211 0.2281 0.9734
vn 0.0293 0.3166 0.9481
vn 0.0373 0.4024 0.9147
vn 0.0449 0.4847 0.8735
vn 0.0522 0.5629 0.8249
vn 0.0590 0.6363 0.7692
vn 0.0653 0.7043 0.7069
vn 0.0710 0.7662 0.6387
vn 0.0761 0.8216 0.5650
vn 0.0806 0.8700 0.4864
vn 0.0844 0.9110 0.4038
vn 0.0875 0.9442 0.3177
vn 0.0898 0.9693 0.2288
vn 0.0914 0.9862 0.1381
vn 0.0922 0.9947 0.0462
vn 0.0848 0.9956 0.0387
vn 0.0043 0.1382 0.9904
vn 0.0071 0.2289 0.9734
vn 0.0098 0.3178 0.9481
vn 0.0124 0.4039 0.9147
vn 0.0150 0.4865 0.8735
vn 0.0174 0.5651 0.8249
vn 0.0197 0.6387 0.7692
vn 0.0218 0.7069 0.7069
vn 0.0237 0.7691 0.6387
vn 0.0254 0.8247 0.5650
vn 0.0269 0.8733 0.4864
vn 0.0282 0.9144 0.4038
vn 0.0292 0.9478 0.3177
vn 0.0300 0.9730 0.2288
vn 0.0305 0.9899 0.1381
vn 0.0308 0.9985 0.0462
vn -0.0000 -0.0000 -1.0000
vn 0.9987 -0.0500 -0.0000
vn 0.9988 -0.0500 -0.0000
vn 0.9987 -0.0501 -0.0000
vn 0.9946 -0.1041 -0.0000
vn 0.9774 -0.2114 -0.0000
vn 0.9487 -0.3161 -0.0000
vn 0.9089 -0.4171 -0.0000
vn 0.8583 -0.5131 -0.0000
vn 0.7976 -0.6032 -0.0000
vn 0.7275 -0.6861 -0.0000
vn 0.6489 -0.7609 -0.0000
vn 0.5625 -0.8268 -0.0000
vn 0.4696 -0.8829 -0.0000
vn 0.3711 -0.9286 -0.0000
vn 0.2682 -0.9634 -0.0000
vn 0.2683 -0.9633 -0.0000
vn 0.1622 -0.9868 -0.0000
vn 0.0543 -0.9985 -0.0000
vn -0.0543 -0.9985 -0.0000
vn -0.1622 -0.9868 -0.0000
vn -0.2683 -0.9633 -0.0000
vn -0.2682 -0.9634 -0.0000
vn -0.3711 -0.9286 -0.0000
vn -0.4696 -0.8829 -0.0000
vn -0.5625 -0.8268 -0.0000
vn -0.6489 -0.7609 -0.0000
vn -0.7275 -0.6861 -0.0000
vn -0.7976 -0.6032 -0.0000
vn -0.8583 -0.5131 -0.0000
vn -0.9089 -0.4171 -0.0000
vn -0.9487 -0.3161 -0.0000
vn -0.9774 -0.2114 -0.0000
vn -0.9946 -0.1041 -0.0000
vn 0.9363 0.3513 -0.0000
vn 0.8894 0.4571 -0.0000
vn 0.7030 0.7112 -0.0000
vn 0.6161 0.7877 -0.0000
vn 0.3404 0.9403 -0.0000
vn 0.2295 0.9733 -0.0000
vn -0.1994 0.9799 -0.0000
vn -0.8749 0.4843 -0.0000
vn -1.0000 0.0021 -0.0000
vn -0.9986 -0.0521 -0.0001
vn -0.9991 -0.0425 -0.0000
vn -0.9970 -0.0771 -0.0000
vn -0.9973 -0.0732 -0.0000
vn -0.9924 -0.1229 -0.0001
vn -0.9914 -0.1310 0.0001
vn -0.9875 -0.1576 -0.0000
vn -0.9863 -0.1648 -0.0000
vn -0.9822 -0.1879 -0.0000
vn -0.9429 -0.3331 -0.0005
vn -0.9588 -0.2841 -0.0000
vn -0.9706 -0.2408 -0.0000
vn -0.9679 -0.2512 -0.0002
vn -0.9795 -0.2014 0.0001
vn -0.9300 -0.3676 -0.0015
vn -0.9627 -0.2706 0.0015
vn -0.9529 -0.3032 0.0006
vn -0.9363 -0.3513 -0.0000
vn -0.9250 -0.3800 -0.0000
vn -0.9169 -0.3992 0.0001
vn -0.9085 -0.4180 -0.0001
vn -0.8939 -0.4483 0.0001
vn -0.8894 -0.4571 -0.0000
vn -0.8780 -0.4786 -0.0000
vn -0.8749 -0.4843 -0.0000
vn -0.8552 -0.5182 0.0001
vn -0.8502 -0.5264 -0.0000
vn -0.8324 -0.5542 -0.0000
vn -0.8307 -0.5568 -0.0000
vn -0.8129 -0.5823 -0.0000
vn -0.8131 -0.5821 -0.0000
vn -0.7802 -0.6255 -0.0000
vn -0.7804 -0.6253 -0.0000
vn -0.7584 -0.6518 -0.0000
vn -0.7608 -0.6490 -0.0000
vn -0.7390 -0.6737 0.0006
vn -0.6979 -0.7162 -0.0011
vn -0.7317 -0.6816 -0.0001
vn -0.7030 -0.7112 -0.0000
vn -0.6807 -0.7325 -0.0000
vn -0.6730 -0.7396 0.0001
vn -0.6506 -0.7594 -0.0001
vn -0.6320 -0.7750 0.0002
vn -0.6161 -0.7877 -0.0000
vn -0.6054 -0.7959 -0.0000
vn -0.5916 -0.8063 -0.0000
vn -0.5775 -0.8164 0.0002
vn -0.5524 -0.8336 -0.0001
vn -0.5325 -0.8464 -0.0000
vn -0.5210 -0.8536 -0.0000
vn -0.5032 -0.8642 -0.0000
vn -0.4945 -0.8692 -0.0001
vn -0.4607 -0.8875 0.0001
vn -0.4250 -0.9052 -0.0004
vn -0.4467 -0.8947 -0.0000
vn -0.3938 -0.9192 -0.0000
vn -0.4189 -0.9080 0.0004
vn -0.3435 -0.9392 -0.0008
vn -0.3898 -0.9209 0.0006
vn -0.3404 -0.9403 -0.0000
vn -0.3111 -0.9504 -0.0000
vn -0.3112 -0.9503 -0.0000
vn -0.2702 -0.9628 -0.0000
vn -0.2737 -0.9618 0.0001
vn -0.2261 -0.9741 -0.0000
vn -0.2295 -0.9733 -0.0000
vn -0.1926 -0.9813 -0.0000
vn -0.1994 -0.9799 0.0001
vn -0.1534 -0.9882 -0.0001
vn -0.1392 -0.9903 0.0001
vn -0.1155 -0.9933 -0.0000
vn -0.1053 -0.9944 -0.0000
vn -0.0849 -0.9964 -0.0000
vn -0.0683 -0.9977 0.0002
vn -0.0171 -0.9999 -0.0002
vn -0.0308 -0.9995 -0.0000
vn 0.0171 -0.9999 -0.0000
vn 0.0308 -0.9995 -0.0001
vn 0.0683 -0.9977 0.0002
vn 0.1053 -0.9944 -0.0003
vn 0.0849 -0.9964 -0.0000
vn 0.1392 -0.9903 -0.0000
vn 0.1155 -0.9933 0.0004
vn 0.1926 -0.9813 -0.0006
vn 0.1534 -0.9882 0.0004
vn 0.1994 -0.9799 -0.0000
vn 0.2261 -0.9741 -0.0000
vn 0.2295 -0.9733 -0.0000
vn 0.2702 -0.9628 0.0001
vn 0.2737 -0.9618 -0.0000
vn 0.3111 -0.9504 -0.0000
vn 0.3112 -0.9503 -0.0000
vn 0.3435 -0.9392 -0.0000
vn 0.3404 -0.9403 -0.0000
vn 0.3898 -0.9209 -0.0000
vn 0.3938 -0.9192 -0.0000
vn 0.4189 -0.9080 -0.0000
vn 0.4250 -0.9052 -0.0000
vn 0.4467 -0.8947 -0.0001
vn 0.5524 -0.8336 0.0004
vn 0.5775 -0.8164 -0.0004
vn 0.5210 -0.8536 0.0001
vn 0.5325 -0.8464 -0.0000
vn 0.4945 -0.8692 -0.0000
vn 0.5032 -0.8642 -0.0001
vn 0.4607 -0.8875 0.0001
vn 0.5916 -0.8063 -0.0000
vn 0.6161 -0.7877 -0.0000
vn 0.6319 -0.7750 0.0002
vn 0.6506 -0.7594 -0.0001
vn 0.6730 -0.7396 0.0001
vn 0.6807 -0.7325 -0.0000
vn 0.6979 -0.7162 -0.0000
vn 0.7030 -0.7112 -0.0001
vn 0.7317 -0.6816 0.0001
vn 0.7584 -0.6518 -0.0005
vn 0.7390 -0.6737 -0.0000
vn 0.7608 -0.6490 -0.0000
vn 0.7802 -0.6255 -0.0000
vn 0.7804 -0.6253 -0.0000
vn 0.8129 -0.5823 -0.0000
vn 0.8131 -0.5821 -0.0000
vn 0.8324 -0.5542 -0.0000
vn 0.8307 -0.5568 -0.0000
vn 0.8552 -0.5182 -0.0001
vn 0.8502 -0.5264 0.0001
vn 0.8780 -0.4786 -0.0001
vn 0.8749 -0.4843 -0.0000
vn 0.8939 -0.4483 -0.0000
vn 0.8894 -0.4571 0.0001
vn 0.9085 -0.4180 -0.0001
vn 0.9169 -0.3992 0.0001
vn 0.9250 -0.3800 -0.0000
vn 0.9300 -0.3676 -0.0000
vn 0.9363 -0.3513 -0.0000
vn 0.9429 -0.3331 0.0002
vn 0.9529 -0.3032 -0.0001
vn 0.9588 -0.2841 -0.0000
vn 0.9627 -0.2706 -0.0000
vn 0.9679 -0.2512 -0.0000
vn 0.9706 -0.2408 -0.0001
vn 0.9795 -0.2014 0.0001
vn 0.9863 -0.1648 -0.0003
vn 0.9822 -0.1879 -0.0000
vn 0.9914 -0.1310 -0.0000
vn 0.9875 -0.1576 0.0005
vn 0.9970 -0.0771 -0.0007
vn 0.9991 0.0425 0.0011
vn 1.0000 0.0021 -0.0000
vn 0.9924 -0.1229 0.0005
vn 0.9973 -0.0732 -0.0000
vn 0.9986 -0.0521 -0.0000
vn 0.9991 -0.0425 -0.0000
vn 1.0000 -0.0000 0.0002
vn -0.9924 0.1229 0.0004
vn -0.9973 0.0732 -0.0000
vn -0.9991 0.0425 0.0011
vn -1.0000 -0.0000 0.0002
vn -0.9875 0.1576 0.0012
vn -0.9941 0.1081 -0.0000
vn -0.9822 0.1879 -0.0000
vn -0.9766 0.2150 0.0003
vn -0.9706 0.2408 -0.0000
vn -0.9627 0.2706 -0.0000
vn -0.9477 0.3193 0.0001
vn -0.9529 0.3032 0.0004
vn -0.8894 0.4571 -0.0000
vn -0.9085 0.4180 0.0002
vn -0.9076 0.4199 0.0002
vn -0.9250 0.3800 -0.0000
vn -0.9363 0.3513 -0.0000
vn -0.7961 0.6052 0.0003
vn -0.8131 0.5821 -0.0000
vn -0.8569 0.5156 -0.0000
vn -0.8307 0.5568 0.0011
vn -0.8502 0.5264 0.0004
vn -0.7030 0.7112 -0.0000
vn -0.7390 0.6737 0.0005
vn -0.7260 0.6877 -0.0000
vn -0.7608 0.6490 -0.0000
vn -0.7804 0.6253 -0.0000
vn -0.6807 0.7325 -0.0000
vn -0.6474 0.7622 0.0002
vn -0.6506 0.7594 0.0003
vn -0.5524 0.8336 0.0003
vn -0.5916 0.8063 -0.0000
vn -0.6161 0.7877 -0.0000
vn -0.5210 0.8536 0.0011
vn -0.5612 0.8277 -0.0000
vn -0.4945 0.8692 -0.0000
vn -0.4684 0.8835 0.0003
vn -0.4467 0.8947 -0.0000
vn -0.4190 0.9080 -0.0000
vn -0.3701 0.9290 -0.0000
vn -0.3898 0.9209 0.0005
vn -0.2295 0.9733 -0.0000
vn -0.2737 0.9618 0.0003
vn -0.2675 0.9635 0.0002
vn -0.3112 0.9503 -0.0000
vn -0.3404 0.9403 -0.0000
vn -0.0541 0.9985 0.0003
vn -0.0849 0.9964 -0.0000
vn -0.1618 0.9868 -0.0000
vn -0.1155 0.9933 0.0011
vn -0.1534 0.9882 0.0003
vn 0.0541 0.9985 0.0003
vn 0.0308 0.9995 -0.0000
vn -0.0308 0.9995 -0.0000
vn 0.1994 0.9799 -0.0000
vn 0.1534 0.9882 0.0003
vn 0.1618 0.9868 0.0001
vn 0.1155 0.9933 -0.0000
vn 0.0849 0.9964 -0.0000
vn 0.2675 0.9636 -0.0000
vn 0.3112 0.9503 0.0011
vn 0.2737 0.9618 0.0003
vn 0.4684 0.8835 0.0003
vn 0.4467 0.8947 -0.0000
vn 0.3701 0.9290 -0.0000
vn 0.4190 0.9080 0.0012
vn 0.3898 0.9209 0.0005
vn 0.5916 0.8063 -0.0000
vn 0.5524 0.8336 0.0003
vn 0.5612 0.8277 0.0001
vn 0.5210 0.8535 -0.0000
vn 0.4945 0.8692 -0.0000
vn 0.6474 0.7622 -0.0000
vn 0.6807 0.7325 0.0010
vn 0.6506 0.7594 0.0003
vn 0.7961 0.6052 0.0003
vn 0.7804 0.6253 -0.0000
vn 0.7260 0.6877 -0.0000
vn 0.7608 0.6490 0.0012
vn 0.7390 0.6737 0.0005
vn 0.8749 0.4843 -0.0000
vn 0.8502 0.5264 0.0004
vn 0.8569 0.5156 0.0001
vn 0.8307 0.5568 -0.0000
vn 0.8131 0.5821 -0.0000
vn 0.9076 0.4199 -0.0000
vn 0.9250 0.3800 0.0010
vn 0.9085 0.4180 0.0002
vn 0.9766 0.2150 0.0003
vn 0.9706 0.2408 -0.0000
vn 0.9477 0.3193 -0.0000
vn 0.9627 0.2706 0.0012
vn 0.9529 0.3032 0.0004
vn 0.9973 0.0732 -0.0000
vn 0.9924 0.1229 0.0004
vn 0.9941 0.1081 0.0001
vn 0.9875 0.1576 -0.0000
vn 0.9822 0.1879 -0.0000
vn -0.0000 -0.0872 0.9962
vn -0.9987 -0.0500 -0.0000
vn -0.9988 -0.0500 -0.0000
vn -0.9987 -0.0501 -0.0000
vn -0.0872 -0.0000 0.9962
vn 0.0541 0.9985 -0.0000
vn 0.1618 0.9868 -0.0000
vn 0.2675 0.9635 -0.0000
vn 0.4684 0.8835 -0.0000
vn 0.5612 0.8277 -0.0000
vn 0.7961 0.6052 -0.0000
vn 0.8569 0.5156 -0.0000
vn 0.8569 0.5155 -0.0000
vn 0.9766 0.2150 -0.0000
vn 0.9941 0.1081 -0.0000
vn 0.9941 -0.1081 -0.0000
vn 0.9766 -0.2150 -0.0000
vn 0.9477 -0.3193 -0.0000
vn 0.9076 -0.4199 -0.0000
vn 0.8569 -0.5156 -0.0000
vn 0.7961 -0.6052 -0.0000
vn 0.7260 -0.6877 -0.0000
vn 0.6474 -0.7622 -0.0000
vn 0.5612 -0.8277 -0.0000
vn 0.4684 -0.8835 -0.0000
vn 0.3702 -0.9290 -0.0000
vn 0.3701 -0.9290 -0.0000
vn 0.2675 -0.9636 -0.0000
vn 0.2675 -0.9635 -0.0000
vn 0.1618 -0.9868 -0.0000
vn 0.0541 -0.9985 -0.0000
vn -0.0541 -0.9985 -0.0000
vn -0.1618 -0.9868 -0.0000
vn -0.2675 -0.9635 -0.0000
vn -0.2675 -0.9636 -0.0000
vn -0.3701 -0.9290 -0.0000
vn -0.3702 -0.9290 -0.0000
vn -0.4684 -0.8835 -0.0000
vn -0.5612 -0.8277 -0.0000
vn -0.6474 -0.7622 -0.0000
vn -0.7260 -0.6877 -0.0000
vn -0.7961 -0.6052 -0.0000
vn -0.8569 -0.5156 -0.0000
vn -0.9076 -0.4199 -0.0000
vn -0.9477 -0.3193 -0.0000
vn -0.9766 -0.2150 -0.0000
vn -0.9941 -0.1081 -0.0000
vn -1.0000 -0.0000 -0.0000
vn -0.9766 0.2150 -0.0000
vn -0.9477 0.3193 -0.0000
vn -0.9076 0.4199 -0.0000
vn -0.8569 0.5155 -0.0000
vn -0.7961 0.6052 -0.0000
vn -0.6474 0.7622 -0.0000
vn -0.4684 0.8835 -0.0000
vn -0.2675 0.9636 -0.0000
vn -0.2675 0.9635 -0.0000
vn -0.0541 0.9985 -0.0000
vn -0.0000 -1.0000 -0.0000
vn -0.0000 1.0000 -0.0000
s 0
usemtl Base_Material
f 1//1 2//1 3//1
f 4//2 5//2 6//2
f 7//3 8//3 9//3
f 10//4 11//4 12//4
f 13//5 14//5 15//5
f 16//6 17//6 8//6
f 18//7 19//7 20//7
f 21//8 22//8 5//8
f 23//9 24//9 2//9
f 24//10 25//10 26//10
f 26//11 25//11 27//11
f 28//12 29//12 30//12
f 31//13 32//13 33//13
f 34//14 35//14 36//14
f 37//15 38//15 39//15
f 40//16 41//16 42//16
f 43//17 44//17 42//17
f 45//18 46//18 47//18
f 48//19 49//19 50//19
f 51//20 52//20 53//20
f 54//21 52//21 55//21
f 56//22 57//22 58//22
f 56//23 59//23 60//23
f 57//24 56//24 61//24
f 56//25 60//25 61//25
f 61//26 60//26 62//26
f 63//27 64//27 65//27
f 64//28 66//28 65//28
f 65//29 66//29 62//29
f 66//30 67//30 62//30
f 62//30 67//30 61//30
f 68//31 69//31 70//31
f 2//32 24//32 3//32
f 24//33 26//33 3//33
f 3//34 26//34 30//34
f 26//35 27//35 30//35
f 30//36 27//36 28//36
f 22//37 71//37 72//37
f 71//38 73//38 72//38
f 72//39 73//39 74//39
f 5//40 22//40 6//40
f 22//41 72//41 6//41
f 6//42 72//42 1//42
f 72//43 74//43 1//43
f 1//44 74//44 2//44
f 74//45 75//45 2//45
f 2//46 75//46 23//46
f 17//47 76//47 77//47
f 76//48 78//48 77//48
f 77//49 78//49 79//49
f 8//50 17//50 9//50
f 17//51 77//51 9//51
f 9//52 77//52 20//52
f 77//53 79//53 20//53
f 20//54 79//54 18//54
f 80//55 81//55 82//55
f 81//56 83//56 82//56
f 82//57 83//57 84//57
f 10//58 85//58 11//58
f 85//59 86//59 11//59
f 11//60 86//60 12//60
f 86//61 87//61 12//61
f 12//62 87//62 88//62
f 14//63 89//63 15//63
f 89//64 90//64 15//64
f 15//65 90//65 91//65
f 92//66 13//66 93//66
f 13//5 15//5 93//5
f 93//67 15//67 10//67
f 15//68 91//68 10//68
f 10//69 91//69 85//69
f 94//70 92//70 95//70
f 92//66 93//66 95//66
f 95//71 93//71 96//71
f 93//67 10//67 96//67
f 96//72 10//72 97//72
f 10//4 12//4 97//4
f 97//73 12//73 80//73
f 12//74 88//74 80//74
f 80//75 88//75 81//75
f 88//76 98//76 81//76
f 81//77 98//77 83//77
f 99//78 94//78 100//78
f 94//70 95//70 100//70
f 100//79 95//79 101//79
f 95//71 96//71 101//71
f 101//80 96//80 102//80
f 96//81 97//81 102//81
f 102//82 97//82 103//82
f 97//73 80//73 103//73
f 103//83 80//83 104//83
f 80//55 82//55 104//55
f 104//84 82//84 7//84
f 82//85 84//85 7//85
f 7//86 84//86 8//86
f 84//87 105//87 8//87
f 8//88 105//88 16//88
f 106//89 99//89 107//89
f 99//78 100//78 107//78
f 107//90 100//90 108//90
f 100//79 101//79 108//79
f 108//91 101//91 109//91
f 101//80 102//80 109//80
f 109//92 102//92 110//92
f 102//93 103//93 110//93
f 110//94 103//94 111//94
f 103//83 104//83 111//83
f 111//95 104//95 112//95
f 104//84 7//84 112//84
f 112//96 7//96 113//96
f 7//97 9//97 113//97
f 113//98 9//98 114//98
f 9//99 20//99 114//99
f 114//100 20//100 4//100
f 20//101 19//101 4//101
f 4//102 19//102 5//102
f 19//103 115//103 5//103
f 5//104 115//104 21//104
f 42//105 41//105 43//105
f 41//106 116//106 43//106
f 43//107 116//107 117//107
f 116//108 118//108 117//108
f 117//109 118//109 119//109
f 118//110 120//110 119//110
f 119//111 120//111 121//111
f 120//112 122//112 121//112
f 121//113 122//113 123//113
f 122//114 124//114 123//114
f 123//115 124//115 125//115
f 124//116 126//116 125//116
f 125//117 126//117 127//117
f 126//118 128//118 127//118
f 127//119 128//119 129//119
f 128//120 130//120 129//120
f 129//121 130//121 131//121
f 132//122 133//122 134//122
f 133//123 135//123 134//123
f 134//124 135//124 136//124
f 135//125 137//125 136//125
f 136//126 137//126 138//126
f 137//127 139//127 138//127
f 138//128 139//128 140//128
f 139//129 141//129 140//129
f 140//130 141//130 142//130
f 141//131 143//131 142//131
f 142//132 143//132 144//132
f 143//133 145//133 144//133
f 144//134 145//134 146//134
f 145//135 147//135 146//135
f 146//136 147//136 148//136
f 147//137 149//137 148//137
f 148//138 149//138 150//138
f 149//139 151//139 150//139
f 150//140 151//140 152//140
f 151//141 153//141 152//141
f 152//142 153//142 154//142
f 44//143 43//143 155//143
f 43//107 117//107 155//107
f 155//144 117//144 156//144
f 117//109 119//109 156//109
f 156//145 119//145 157//145
f 119//111 121//111 157//111
f 157//146 121//146 158//146
f 121//113 123//113 158//113
f 158//147 123//147 159//147
f 123//115 125//115 159//115
f 159//148 125//148 160//148
f 125//117 127//117 160//117
f 160//149 127//149 161//149
f 127//119 129//119 161//119
f 161//150 129//150 162//150
f 129//121 131//121 162//121
f 162//151 131//151 163//151
f 164//152 165//152 166//152
f 165//153 167//153 166//153
f 166//154 167//154 168//154
f 167//155 169//155 168//155
f 168//156 169//156 170//156
f 169//157 171//157 170//157
f 170//158 171//158 172//158
f 171//159 173//159 172//159
f 172//160 173//160 174//160
f 173//161 175//161 174//161
f 174//162 175//162 176//162
f 175//163 177//163 176//163
f 176//164 177//164 178//164
f 177//165 179//165 178//165
f 178//166 179//166 180//166
f 179//167 181//167 180//167
f 180//168 181//168 182//168
f 181//169 183//169 182//169
f 182//170 183//170 184//170
f 183//171 185//171 184//171
f 184//172 185//172 186//172
f 185//173 187//173 186//173
f 186//174 187//174 188//174
f 189//175 132//175 190//175
f 132//122 134//122 190//122
f 190//176 134//176 191//176
f 134//124 136//124 191//124
f 191//177 136//177 192//177
f 136//178 138//178 192//178
f 192//179 138//179 193//179
f 138//128 140//128 193//128
f 193//180 140//180 194//180
f 140//130 142//130 194//130
f 194//181 142//181 195//181
f 142//132 144//132 195//132
f 195//182 144//182 196//182
f 144//134 146//134 196//134
f 196//183 146//183 197//183
f 146//136 148//136 197//136
f 197//184 148//184 198//184
f 148//185 150//185 198//185
f 198//186 150//186 199//186
f 150//140 152//140 199//140
f 199//187 152//187 200//187
f 152//142 154//142 200//142
f 200//188 154//188 201//188
f 37//189 44//189 38//189
f 44//190 155//190 38//190
f 38//191 155//191 202//191
f 155//144 156//144 202//144
f 202//192 156//192 203//192
f 156//145 157//145 203//145
f 203//193 157//193 204//193
f 157//146 158//146 204//146
f 204//194 158//194 205//194
f 158//147 159//147 205//147
f 205//195 159//195 206//195
f 159//148 160//148 206//148
f 206//196 160//196 207//196
f 160//149 161//149 207//149
f 207//197 161//197 208//197
f 161//150 162//150 208//150
f 208//198 162//198 209//198
f 162//151 163//151 209//151
f 209//199 163//199 210//199
f 211//200 164//200 212//200
f 164//152 166//152 212//152
f 212//201 166//201 213//201
f 166//154 168//154 213//154
f 213//202 168//202 214//202
f 168//156 170//156 214//156
f 214//203 170//203 215//203
f 170//158 172//158 215//158
f 215//204 172//204 216//204
f 172//160 174//160 216//160
f 216//205 174//205 217//205
f 174//206 176//206 217//206
f 217//207 176//207 218//207
f 176//208 178//208 218//208
f 218//209 178//209 219//209
f 178//166 180//166 219//166
f 219//210 180//210 220//210
f 180//168 182//168 220//168
f 220//211 182//211 221//211
f 182//170 184//170 221//170
f 221//212 184//212 222//212
f 184//172 186//172 222//172
f 222//213 186//213 223//213
f 186//174 188//174 223//174
f 223//214 188//214 224//214
f 225//215 189//215 226//215
f 189//216 190//216 226//216
f 226//217 190//217 227//217
f 190//176 191//176 227//176
f 227//218 191//218 228//218
f 191//177 192//177 228//177
f 228//219 192//219 229//219
f 192//179 193//179 229//179
f 229//220 193//220 230//220
f 193//180 194//180 230//180
f 230//221 194//221 231//221
f 194//181 195//181 231//181
f 231//222 195//222 232//222
f 195//182 196//182 232//182
f 232//223 196//223 233//223
f 196//183 197//183 233//183
f 233//224 197//224 234//224
f 197//184 198//184 234//184
f 234//225 198//225 235//225
f 198//186 199//186 235//186
f 235//226 199//226 236//226
f 199//187 200//187 236//187
f 236//227 200//227 237//227
f 200//188 201//188 237//188
f 237//228 201//228 238//228
f 239//229 240//229 241//229
f 39//230 38//230 242//230
f 38//191 202//191 242//191
f 242//231 202//231 243//231
f 202//192 203//192 243//192
f 243//232 203//232 244//232
f 203//193 204//193 244//193
f 244//233 204//233 245//233
f 204//194 205//194 245//194
f 245//234 205//234 246//234
f 205//195 206//195 246//195
f 246//235 206//235 247//235
f 206//196 207//196 247//196
f 247//236 207//236 248//236
f 207//197 208//197 248//197
f 248//237 208//237 249//237
f 208//198 209//198 249//198
f 249//238 209//238 250//238
f 209//199 210//199 250//199
f 250//239 210//239 251//239
f 252//240 253//240 254//240
f 255//241 211//241 256//241
f 211//200 212//200 256//200
f 256//242 212//242 257//242
f 212//201 213//201 257//201
f 257//243 213//243 258//243
f 213//202 214//202 258//202
f 258//244 214//244 259//244
f 214//203 215//203 259//203
f 259//245 215//245 260//245
f 215//246 216//246 260//246
f 260//247 216//247 261//247
f 216//205 217//205 261//205
f 261//248 217//248 262//248
f 217//207 218//207 262//207
f 262//249 218//249 263//249
f 218//209 219//209 263//209
f 263//250 219//250 264//250
f 219//210 220//210 264//210
f 264//251 220//251 265//251
f 220//211 221//211 265//211
f 265//252 221//252 266//252
f 221//212 222//212 266//212
f 266//253 222//253 267//253
f 222//213 223//213 267//213
f 267//254 223//254 268//254
f 223//214 224//214 268//214
f 268//255 224//255 269//255
f 270//256 271//256 272//256
f 273//257 225//257 274//257
f 225//215 226//215 274//215
f 274//258 226//258 275//258
f 226//259 227//259 275//259
f 275//260 227//260 276//260
f 227//218 228//218 276//218
f 276//261 228//261 277//261
f 228//219 229//219 277//219
f 277//262 229//262 278//262
f 229//220 230//220 278//220
f 278//263 230//263 279//263
f 230//221 231//221 279//221
f 279//264 231//264 280//264
f 231//265 232//265 280//265
f 280//266 232//266 281//266
f 232//223 233//223 281//223
f 281//267 233//267 282//267
f 233//268 234//268 282//268
f 282//269 234//269 283//269
f 234//225 235//225 283//225
f 283//270 235//270 284//270
f 235//226 236//226 284//226
f 284//271 236//271 285//271
f 236//227 237//227 285//227
f 285//272 237//272 286//272
f 237//228 238//228 286//228
f 286//273 238//273 287//273
f 288//274 289//274 290//274
f 291//275 106//275 292//275
f 106//89 107//89 292//89
f 292//276 107//276 293//276
f 107//90 108//90 293//90
f 293//277 108//277 294//277
f 108//91 109//91 294//91
f 294//278 109//278 295//278
f 109//92 110//92 295//92
f 295//279 110//279 296//279
f 110//94 111//94 296//94
f 296//280 111//280 297//280
f 111//95 112//95 297//95
f 297//281 112//281 298//281
f 112//96 113//96 298//96
f 298//282 113//282 299//282
f 113//98 114//98 299//98
f 299//283 114//283 300//283
f 114//100 4//100 300//100
f 300//284 4//284 301//284
f 4//2 6//2 301//2
f 301//285 6//285 302//285
f 6//42 1//42 302//42
f 302//286 1//286 303//286
f 1//1 3//1 303//1
f 303//287 3//287 304//287
f 3//34 30//34 304//34
f 304//288 30//288 305//288
f 30//289 29//289 305//289
f 305//290 29//290 33//290
f 29//291 306//291 33//291
f 33//292 306//292 31//292
f 307//293 240//293 308//293
f 240//293 239//293 308//293
f 308//294 239//294 309//294
f 53//295 48//295 51//295
f 48//296 50//296 51//296
f 51//297 50//297 310//297
f 50//298 311//298 310//298
f 310//299 311//299 312//299
f 311//300 313//300 312//300
f 312//301 313//301 314//301
f 313//302 315//302 314//302
f 316//303 317//303 318//303
f 317//304 319//304 318//304
f 318//305 319//305 320//305
f 319//306 321//306 320//306
f 320//307 321//307 322//307
f 321//308 323//308 322//308
f 322//309 323//309 324//309
f 323//310 47//310 324//310
f 324//311 47//311 36//311
f 47//312 46//312 36//312
f 36//313 46//313 34//313
f 325//314 326//314 327//314
f 326//315 328//315 327//315
f 327//316 328//316 329//316
f 328//317 330//317 329//317
f 329//318 330//318 331//318
f 330//319 332//319 331//319
f 331//320 332//320 333//320
f 332//321 334//321 333//321
f 333//322 334//322 335//322
f 334//323 336//323 335//323
f 335//324 336//324 337//324
f 336//325 338//325 337//325
f 337//326 338//326 339//326
f 338//327 340//327 339//327
f 339//328 340//328 341//328
f 340//329 342//329 341//329
f 341//330 342//330 343//330
f 344//331 345//331 346//331
f 345//332 347//332 346//332
f 346//333 347//333 348//333
f 347//334 349//334 348//334
f 348//335 349//335 350//335
f 349//336 351//336 350//336
f 350//337 351//337 352//337
f 351//338 353//338 352//338
f 352//339 353//339 354//339
f 353//340 355//340 354//340
f 354//341 355//341 356//341
f 355//342 357//342 356//342
f 356//343 357//343 358//343
f 357//344 359//344 358//344
f 358//345 359//345 360//345
f 359//346 361//346 360//346
f 360//347 361//347 362//347
f 363//348 253//348 364//348
f 253//348 252//348 364//348
f 364//349 252//349 365//349
f 366//350 367//350 368//350
f 367//351 365//351 368//351
f 368//352 365//352 369//352
f 365//349 252//349 369//349
f 369//353 252//353 370//353
f 252//240 254//240 370//240
f 370//354 254//354 371//354
f 372//355 373//355 374//355
f 373//356 375//356 374//356
f 374//357 375//357 376//357
f 375//358 377//358 376//358
f 376//359 377//359 378//359
f 377//360 379//360 378//360
f 378//361 379//361 380//361
f 379//362 381//362 380//362
f 380//363 381//363 382//363
f 381//364 383//364 382//364
f 382//365 383//365 384//365
f 383//366 385//366 384//366
f 384//367 385//367 386//367
f 385//368 387//368 386//368
f 386//369 387//369 388//369
f 387//370 389//370 388//370
f 388//371 389//371 390//371
f 389//372 391//372 390//372
f 390//373 391//373 392//373
f 391//374 393//374 392//374
f 392//375 393//375 394//375
f 393//376 395//376 394//376
f 394//377 395//377 396//377
f 395//378 397//378 396//378
f 396//379 397//379 398//379
f 397//380 399//380 398//380
f 398//381 399//381 400//381
f 401//382 402//382 403//382
f 402//383 404//383 403//383
f 403//384 404//384 405//384
f 404//385 406//385 405//385
f 405//386 406//386 407//386
f 406//387 408//387 407//387
f 407//388 408//388 409//388
f 408//389 410//389 409//389
f 409//390 410//390 411//390
f 410//391 412//391 411//391
f 411//392 412//392 413//392
f 412//393 414//393 413//393
f 413//394 414//394 415//394
f 414//395 416//395 415//395
f 415//396 416//396 417//396
f 416//397 418//397 417//397
f 417//398 418//398 419//398
f 418//399 420//399 419//399
f 419//400 420//400 421//400
f 420//401 422//401 421//401
f 421//402 422//402 423//402
f 422//403 424//403 423//403
f 423//404 424//404 425//404
f 424//405 426//405 425//405
f 425//406 426//406 427//406
f 426//407 428//407 427//407
f 427//408 428//408 429//408
f 428//409 430//409 429//409
f 431//410 271//410 432//410
f 271//410 270//410 432//410
f 432//411 270//411 433//411
f 434//412 435//412 436//412
f 435//413 437//413 436//413
f 436//414 437//414 438//414
f 437//415 439//415 438//415
f 438//416 439//416 440//416
f 439//417 441//417 440//417
f 440//418 441//418 442//418
f 441//419 443//419 442//419
f 442//420 443//420 444//420
f 443//421 445//421 444//421
f 444//422 445//422 446//422
f 445//423 447//423 446//423
f 446//424 447//424 448//424
f 447//425 449//425 448//425
f 448//426 449//426 450//426
f 449//427 451//427 450//427
f 450//428 451//428 452//428
f 451//429 453//429 452//429
f 452//430 453//430 454//430
f 453//431 455//431 454//431
f 454//432 455//432 456//432
f 455//433 457//433 456//433
f 456//434 457//434 458//434
f 457//435 459//435 458//435
f 458//436 459//436 460//436
f 459//437 461//437 460//437
f 460//438 461//438 462//438
f 461//439 463//439 462//439
f 464//440 289//440 465//440
f 289//441 288//441 465//441
f 465//442 288//442 466//442
f 467//443 468//443 469//443
f 468//444 466//444 469//444
f 469//445 466//445 470//445
f 466//442 288//442 470//442
f 470//446 288//446 471//446
f 288//274 290//274 471//274
f 471//447 290//447 472//447
f 473//448 241//448 474//448
f 241//449 240//449 474//449
f 474//450 240//450 58//450
f 240//451 307//451 58//451
f 58//452 307//452 56//452
f 307//453 475//453 56//453
f 56//453 475//453 59//453
f 476//454 477//454 478//454
f 477//455 309//455 478//455
f 478//456 309//456 479//456
f 309//294 239//294 479//294
f 479//457 239//457 55//457
f 239//229 241//229 55//229
f 55//458 241//458 54//458
f 241//459 473//459 54//459
f 477//460 480//460 309//460
f 480//461 481//461 309//461
f 309//462 481//462 308//462
f 481//462 482//462 308//462
f 308//463 482//463 307//463
f 482//464 483//464 307//464
f 307//465 483//465 475//465
f 52//466 51//466 55//466
f 51//297 310//297 55//297
f 55//467 310//467 479//467
f 310//468 312//468 479//468
f 479//456 312//456 478//456
f 312//301 314//301 478//301
f 478//469 314//469 476//469
f 484//470 485//470 486//470
f 485//471 315//471 486//471
f 486//472 315//472 487//472
f 315//302 313//302 487//302
f 487//473 313//473 488//473
f 313//474 311//474 488//474
f 488//475 311//475 489//475
f 311//298 50//298 489//298
f 489//476 50//476 490//476
f 50//477 49//477 490//477
f 490//478 49//478 491//478
f 485//479 492//479 315//479
f 492//480 493//480 315//480
f 315//481 493//481 314//481
f 493//481 494//481 314//481
f 314//482 494//482 476//482
f 491//483 45//483 490//483
f 45//484 47//484 490//484
f 490//485 47//485 489//485
f 47//310 323//310 489//310
f 489//475 323//475 488//475
f 323//486 321//486 488//486
f 488//473 321//473 487//473
f 321//306 319//306 487//306
f 487//472 319//472 486//472
f 319//304 317//304 486//304
f 486//487 317//487 484//487
f 495//488 496//488 316//488
f 496//489 497//489 316//489
f 316//490 497//490 317//490
f 497//490 498//490 317//490
f 317//491 498//491 484//491
f 35//492 499//492 36//492
f 499//493 500//493 36//493
f 36//311 500//311 324//311
f 500//494 501//494 324//494
f 324//309 501//309 322//309
f 501//495 502//495 322//495
f 322//307 502//307 320//307
f 502//496 503//496 320//496
f 320//305 503//305 318//305
f 503//497 504//497 318//497
f 318//303 504//303 316//303
f 504//498 505//498 316//498
f 316//499 505//499 495//499
f 505//500 506//500 495//500
f 326//315 506//315 328//315
f 506//500 505//500 328//500
f 328//317 505//317 330//317
f 505//498 504//498 330//498
f 330//319 504//319 332//319
f 504//497 503//497 332//497
f 332//501 503//501 334//501
f 503//496 502//496 334//496
f 334//323 502//323 336//323
f 502//495 501//495 336//495
f 336//325 501//325 338//325
f 501//494 500//494 338//494
f 338//327 500//327 340//327
f 500//502 499//502 340//502
f 340//503 499//503 342//503
f 343//504 361//504 341//504
f 361//505 359//505 341//505
f 341//506 359//506 339//506
f 359//344 357//344 339//344
f 339//326 357//326 337//326
f 357//507 355//507 337//507
f 337//324 355//324 335//324
f 355//340 353//340 335//340
f 335//322 353//322 333//322
f 353//508 351//508 333//508
f 333//320 351//320 331//320
f 351//336 349//336 331//336
f 331//318 349//318 329//318
f 349//334 347//334 329//334
f 329//316 347//316 327//316
f 347//332 345//332 327//332
f 327//509 345//509 325//509
f 507//510 508//510 509//510
f 508//511 344//511 509//511
f 509//512 344//512 510//512
f 344//331 346//331 510//331
f 510//513 346//513 511//513
f 346//333 348//333 511//333
f 511//514 348//514 512//514
f 348//515 350//515 512//515
f 512//516 350//516 513//516
f 350//337 352//337 513//337
f 513//517 352//517 514//517
f 352//339 354//339 514//339
f 514//518 354//518 515//518
f 354//341 356//341 515//341
f 515//519 356//519 516//519
f 356//343 358//343 516//343
f 516//520 358//520 517//520
f 358//521 360//521 517//521
f 517//522 360//522 518//522
f 360//523 362//523 518//523
f 508//524 519//524 344//524
f 519//525 520//525 344//525
f 344//526 520//526 345//526
f 520//526 521//526 345//526
f 345//527 521//527 325//527
f 522//528 507//528 251//528
f 507//529 509//529 251//529
f 251//239 509//239 250//239
f 509//512 510//512 250//512
f 250//238 510//238 249//238
f 510//513 511//513 249//513
f 249//530 511//530 248//530
f 511//514 512//514 248//514
f 248//531 512//531 247//531
f 512//516 513//516 247//516
f 247//235 513//235 246//235
f 513//517 514//517 246//517
f 246//234 514//234 245//234
f 514//518 515//518 245//518
f 245//233 515//233 244//233
f 515//519 516//519 244//519
f 244//232 516//232 243//232
f 516//520 517//520 243//520
f 243//231 517//231 242//231
f 517//532 518//532 242//532
f 242//533 518//533 39//533
f 130//534 371//534 131//534
f 371//535 254//535 131//535
f 131//535 254//535 163//535
f 254//536 253//536 163//536
f 163//536 253//536 210//536
f 253//537 363//537 210//537
f 210//537 363//537 251//537
f 363//538 523//538 251//538
f 251//538 523//538 522//538
f 367//351 524//351 365//351
f 524//539 525//539 365//539
f 365//540 525//540 364//540
f 525//541 526//541 364//541
f 364//542 526//542 363//542
f 526//543 527//543 363//543
f 363//544 527//544 523//544
f 40//545 399//545 41//545
f 399//546 397//546 41//546
f 41//106 397//106 116//106
f 397//547 395//547 116//547
f 116//108 395//108 118//108
f 395//376 393//376 118//376
f 118//110 393//110 120//110
f 393//374 391//374 120//374
f 120//112 391//112 122//112
f 391//372 389//372 122//372
f 122//548 389//548 124//548
f 389//549 387//549 124//549
f 124//116 387//116 126//116
f 387//368 385//368 126//368
f 126//118 385//118 128//118
f 385//366 383//366 128//366
f 128//120 383//120 130//120
f 383//364 381//364 130//364
f 130//534 381//534 371//534
f 381//362 379//362 371//362
f 371//550 379//550 370//550
f 379//360 377//360 370//360
f 370//353 377//353 369//353
f 377//358 375//358 369//358
f 369//352 375//352 368//352
f 375//356 373//356 368//356
f 368//551 373//551 366//551
f 528//552 529//552 530//552
f 529//553 372//553 530//553
f 530//554 372//554 531//554
f 372//355 374//355 531//355
f 531//555 374//555 532//555
f 374//357 376//357 532//357
f 532//556 376//556 533//556
f 376//359 378//359 533//359
f 533//557 378//557 534//557
f 378//361 380//361 534//361
f 534//558 380//558 535//558
f 380//363 382//363 535//363
f 535//559 382//559 536//559
f 382//365 384//365 536//365
f 536//560 384//560 537//560
f 384//561 386//561 537//561
f 537//562 386//562 538//562
f 386//369 388//369 538//369
f 538//563 388//563 539//563
f 388//371 390//371 539//371
f 539//564 390//564 540//564
f 390//373 392//373 540//373
f 540//565 392//565 541//565
f 392//566 394//566 541//566
f 541//567 394//567 542//567
f 394//377 396//377 542//377
f 542//568 396//568 543//568
f 396//379 398//379 543//379
f 543//569 398//569 544//569
f 398//570 400//570 544//570
f 544//571 400//571 545//571
f 529//572 546//572 372//572
f 546//573 547//573 372//573
f 372//574 547//574 373//574
f 547//574 548//574 373//574
f 373//575 548//575 366//575
f 544//569 401//569 543//569
f 401//382 403//382 543//382
f 543//568 403//568 542//568
f 403//384 405//384 542//384
f 542//567 405//567 541//567
f 405//386 407//386 541//386
f 541//565 407//565 540//565
f 407//388 409//388 540//388
f 540//564 409//564 539//564
f 409//390 411//390 539//390
f 539//563 411//563 538//563
f 411//392 413//392 538//392
f 538//562 413//562 537//562
f 413//394 415//394 537//394
f 537//560 415//560 536//560
f 415//396 417//396 536//396
f 536//559 417//559 535//559
f 417//398 419//398 535//398
f 535//558 419//558 534//558
f 419//400 421//400 534//400
f 534//557 421//557 533//557
f 421//402 423//402 533//402
f 533//576 423//576 532//576
f 423//404 425//404 532//404
f 532//555 425//555 531//555
f 425//406 427//406 531//406
f 531//554 427//554 530//554
f 427//408 429//408 530//408
f 530//577 429//577 528//577
f 549//578 550//578 551//578
f 550//579 430//579 551//579
f 551//580 430//580 552//580
f 430//409 428//409 552//409
f 552//581 428//581 553//581
f 428//407 426//407 553//407
f 553//582 426//582 554//582
f 426//405 424//405 554//405
f 554//583 424//583 555//583
f 424//403 422//403 555//403
f 555//584 422//584 556//584
f 422//401 420//401 556//401
f 556//585 420//585 557//585
f 420//399 418//399 557//399
f 557//586 418//586 558//586
f 418//397 416//397 558//397
f 558//587 416//587 559//587
f 416//395 414//395 559//395
f 559//588 414//588 560//588
f 414//393 412//393 560//393
f 560//589 412//589 561//589
f 412//391 410//391 561//391
f 561//590 410//590 562//590
f 410//389 408//389 562//389
f 562//591 408//591 563//591
f 408//387 406//387 563//387
f 563//592 406//592 564//592
f 406//385 404//385 564//385
f 564//593 404//593 565//593
f 404//594 402//594 565//594
f 550//595 566//595 430//595
f 566//596 567//596 430//596
f 430//597 567//597 429//597
f 567//597 568//597 429//597
f 429//598 568//598 528//598
f 569//599 549//599 269//599
f 549//600 551//600 269//600
f 269//255 551//255 268//255
f 551//580 552//580 268//580
f 268//254 552//254 267//254
f 552//581 553//581 267//581
f 267//253 553//253 266//253
f 553//582 554//582 266//582
f 266//252 554//252 265//252
f 554//583 555//583 265//583
f 265//251 555//251 264//251
f 555//584 556//584 264//584
f 264//250 556//250 263//250
f 556//585 557//585 263//585
f 263//249 557//249 262//249
f 557//586 558//586 262//586
f 262//248 558//248 261//248
f 558//601 559//601 261//601
f 261//247 559//247 260//247
f 559//588 560//588 260//588
f 260//245 560//245 259//245
f 560//589 561//589 259//589
f 259//244 561//244 258//244
f 561//590 562//590 258//590
f 258//243 562//243 257//243
f 562//602 563//602 257//602
f 257//242 563//242 256//242
f 563//592 564//592 256//592
f 256//241 564//241 255//241
f 564//593 565//593 255//593
f 187//603 272//603 188//603
f 272//604 271//604 188//604
f 188//604 271//604 224//604
f 271//605 431//605 224//605
f 224//606 431//606 269//606
f 431//607 570//607 269//607
f 269//607 570//607 569//607
f 571//608 572//608 573//608
f 572//609 433//609 573//609
f 573//610 433//610 574//610
f 433//411 270//411 574//411
f 574//611 270//611 575//611
f 270//256 272//256 575//256
f 575//612 272//612 576//612
f 272//613 187//613 576//613
f 576//614 187//614 577//614
f 187//173 185//173 577//173
f 577//615 185//615 578//615
f 185//171 183//171 578//171
f 578//616 183//616 579//616
f 183//169 181//169 579//169
f 579//617 181//617 580//617
f 181//167 179//167 580//167
f 580//618 179//618 581//618
f 179//165 177//165 581//165
f 581//619 177//619 582//619
f 177//163 175//163 582//163
f 582//620 175//620 583//620
f 175//161 173//161 583//161
f 583//621 173//621 584//621
f 173//159 171//159 584//159
f 584//622 171//622 585//622
f 171//623 169//623 585//623
f 585//624 169//624 586//624
f 169//155 167//155 586//155
f 586//625 167//625 587//625
f 167//153 165//153 587//153
f 572//626 588//626 433//626
f 588//627 589//627 433//627
f 433//628 589//628 432//628
f 589//628 590//628 432//628
f 432//629 590//629 431//629
f 590//630 591//630 431//630
f 431//631 591//631 570//631
f 587//625 434//625 586//625
f 434//412 436//412 586//412
f 586//624 436//624 585//624
f 436//414 438//414 585//414
f 585//632 438//632 584//632
f 438//633 440//633 584//633
f 584//621 440//621 583//621
f 440//634 442//634 583//634
f 583//635 442//635 582//635
f 442//636 444//636 582//636
f 582//619 444//619 581//619
f 444//422 446//422 581//422
f 581//618 446//618 580//618
f 446//424 448//424 580//424
f 580//617 448//617 579//617
f 448//637 450//637 579//637
f 579//616 450//616 578//616
f 450//428 452//428 578//428
f 578//615 452//615 577//615
f 452//430 454//430 577//430
f 577//638 454//638 576//638
f 454//639 456//639 576//639
f 576//612 456//612 575//612
f 456//640 458//640 575//640
f 575//611 458//611 574//611
f 458//436 460//436 574//436
f 574//610 460//610 573//610
f 460//438 462//438 573//438
f 573//641 462//641 571//641
f 592//642 593//642 594//642
f 593//643 463//643 594//643
f 594//644 463//644 595//644
f 463//439 461//439 595//439
f 595//645 461//645 596//645
f 461//437 459//437 596//437
f 596//646 459//646 597//646
f 459//435 457//435 597//435
f 597//647 457//647 598//647
f 457//433 455//433 598//433
f 598//648 455//648 599//648
f 455//431 453//431 599//431
f 599//649 453//649 600//649
f 453//429 451//429 600//429
f 600//650 451//650 601//650
f 451//427 449//427 601//427
f 601//651 449//651 602//651
f 449//425 447//425 602//425
f 602//652 447//652 603//652
f 447//423 445//423 603//423
f 603//653 445//653 604//653
f 445//421 443//421 604//421
f 604//654 443//654 605//654
f 443//419 441//419 605//419
f 605//655 441//655 606//655
f 441//656 439//656 606//656
f 606//657 439//657 607//657
f 439//415 437//415 607//415
f 607//658 437//658 608//658
f 437//413 435//413 608//413
f 593//659 609//659 463//659
f 609//660 610//660 463//660
f 463//661 610//661 462//661
f 610//661 611//661 462//661
f 462//662 611//662 571//662
f 612//663 592//663 287//663
f 592//664 594//664 287//664
f 287//273 594//273 286//273
f 594//644 595//644 286//644
f 286//272 595//272 285//272
f 595//645 596//645 285//645
f 285//271 596//271 284//271
f 596//646 597//646 284//646
f 284//665 597//665 283//665
f 597//666 598//666 283//666
f 283//269 598//269 282//269
f 598//648 599//648 282//648
f 282//267 599//267 281//267
f 599//667 600//667 281//667
f 281//266 600//266 280//266
f 600//650 601//650 280//650
f 280//668 601//668 279//668
f 601//651 602//651 279//651
f 279//263 602//263 278//263
f 602//652 603//652 278//652
f 278//262 603//262 277//262
f 603//653 604//653 277//653
f 277//261 604//261 276//261
f 604//654 605//654 276//654
f 276//260 605//260 275//260
f 605//655 606//655 275//655
f 275//258 606//258 274//258
f 606//657 607//657 274//657
f 274//257 607//257 273//257
f 607//658 608//658 273//658
f 153//669 472//669 154//669
f 472//670 290//670 154//670
f 154//671 290//671 201//671
f 290//672 289//672 201//672
f 201//672 289//672 238//672
f 289//673 464//673 238//673
f 238//673 464//673 287//673
f 464//674 613//674 287//674
f 287//674 613//674 612//674
f 468//444 614//444 466//444
f 614//675 615//675 466//675
f 466//676 615//676 465//676
f 615//677 616//677 465//677
f 465//678 616//678 464//678
f 616//679 617//679 464//679
f 464//680 617//680 613//680
f 133//123 291//123 135//123
f 291//275 292//275 135//275
f 135//125 292//125 137//125
f 292//276 293//276 137//276
f 137//127 293//127 139//127
f 293//681 294//681 139//681
f 139//129 294//129 141//129
f 294//278 295//278 141//278
f 141//131 295//131 143//131
f 295//279 296//279 143//279
f 143//133 296//133 145//133
f 296//280 297//280 145//280
f 145//135 297//135 147//135
f 297//281 298//281 147//281
f 147//137 298//137 149//137
f 298//282 299//282 149//282
f 149//682 299//682 151//682
f 299//283 300//283 151//283
f 151//141 300//141 153//141
f 300//284 301//284 153//284
f 153//669 301//669 472//669
f 301//285 302//285 472//285
f 472//447 302//447 471//447
f 302//286 303//286 471//286
f 471//683 303//683 470//683
f 303//287 304//287 470//287
f 470//445 304//445 469//445
f 304//288 305//288 469//288
f 469//684 305//684 467//684
f 68//685 70//685 618//685
f 70//686 619//686 618//686
f 618//687 619//687 32//687
f 619//688 620//688 32//688
f 32//689 620//689 33//689
f 620//690 621//690 33//690
f 33//691 621//691 305//691
f 621//691 622//691 305//691
f 305//692 622//692 467//692
f 623//693 624//693 625//693
f 624//693 626//693 625//693
f 624//694 623//694 627//694
f 623//694 628//694 627//694
f 629//695 630//695 631//695
f 630//695 632//695 631//695
f 633//695 634//695 635//695
f 632//695 636//695 631//695
f 636//695 637//695 631//695
f 631//695 637//695 638//695
f 635//695 639//695 633//695
f 639//695 640//695 633//695
f 633//695 640//695 641//695
f 642//695 643//695 644//695
f 643//695 645//695 644//695
f 644//695 645//695 631//695
f 645//695 646//695 631//695
f 646//695 647//695 631//695
f 631//695 647//695 648//695
f 649//695 650//695 651//695
f 652//695 653//695 634//695
f 641//695 654//695 633//695
f 654//695 655//695 633//695
f 633//695 655//695 656//695
f 648//695 657//695 631//695
f 657//695 658//695 631//695
f 631//695 658//695 629//695
f 659//695 660//695 661//695
f 662//695 663//695 651//695
f 664//695 665//695 651//695
f 665//695 666//695 651//695
f 651//695 666//695 649//695
f 634//695 633//695 652//695
f 633//695 667//695 652//695
f 652//695 667//695 668//695
f 656//695 669//695 633//695
f 669//695 670//695 633//695
f 633//695 670//695 671//695
f 670//695 672//695 671//695
f 671//695 672//695 673//695
f 674//695 675//695 676//695
f 675//695 659//695 676//695
f 676//695 659//695 677//695
f 659//695 661//695 677//695
f 650//695 678//695 651//695
f 678//695 679//695 651//695
f 651//695 679//695 680//695
f 676//695 631//695 674//695
f 631//695 638//695 674//695
f 674//695 638//695 681//695
f 638//695 651//695 681//695
f 681//695 651//695 682//695
f 651//695 680//695 682//695
f 653//695 652//695 651//695
f 652//695 683//695 651//695
f 651//695 683//695 662//695
f 663//695 684//695 651//695
f 684//695 685//695 651//695
f 651//695 685//695 664//695
f 686//695 687//695 688//695
f 687//695 652//695 688//695
f 688//695 652//695 689//695
f 652//695 668//695 689//695
f 673//695 690//695 671//695
f 690//695 691//695 671//695
f 671//695 691//695 692//695
f 691//695 693//695 692//695
f 692//695 693//695 694//695
f 693//695 695//695 694//695
f 694//695 695//695 696//695
f 695//695 697//695 696//695
f 696//695 697//695 698//695
f 697//695 699//695 698//695
f 698//695 699//695 700//695
f 699//695 701//695 700//695
f 700//695 701//695 702//695
f 701//695 703//695 702//695
f 702//695 703//695 704//695
f 703//695 705//695 704//695
f 704//695 705//695 706//695
f 705//695 707//695 706//695
f 706//695 707//695 708//695
f 707//695 709//695 708//695
f 708//695 709//695 710//695
f 709//695 711//695 710//695
f 710//695 711//695 712//695
f 711//695 713//695 712//695
f 712//695 713//695 714//695
f 713//695 715//695 714//695
f 714//695 715//695 716//695
f 715//695 717//695 716//695
f 716//695 717//695 718//695
f 717//695 719//695 718//695
f 718//695 719//695 720//695
f 719//695 721//695 720//695
f 720//695 721//695 722//695
f 721//695 723//695 722//695
f 722//695 723//695 724//695
f 723//695 725//695 724//695
f 724//695 725//695 726//695
f 725//695 727//695 726//695
f 726//695 727//695 728//695
f 727//695 729//695 728//695
f 728//695 729//695 730//695
f 729//695 731//695 730//695
f 730//695 731//695 732//695
f 731//695 733//695 732//695
f 732//695 733//695 734//695
f 733//695 735//695 734//695
f 734//695 735//695 736//695
f 735//695 737//695 736//695
f 736//695 737//695 738//695
f 737//695 739//695 738//695
f 738//695 739//695 740//695
f 739//695 741//695 740//695
f 740//695 741//695 742//695
f 741//695 743//695 742//695
f 742//695 743//695 744//695
f 743//695 745//695 744//695
f 744//695 745//695 644//695
f 745//695 746//695 644//695
f 644//695 746//695 642//695
f 627//696 747//696 624//696
f 747//696 748//696 624//696
f 749//697 750//697 751//697
f 752//698 753//698 754//698
f 755//699 756//699 757//699
f 758//700 759//700 760//700
f 761//701 762//701 763//701
f 764//702 765//702 766//702
f 767//703 768//703 769//703
f 770//704 771//704 772//704
f 773//705 774//705 775//705
f 776//706 777//706 778//706
f 779//707 780//707 781//707
f 782//708 783//708 784//708
f 785//709 786//709 787//709
f 788//710 789//710 790//710
f 791//711 792//711 793//711
f 794//712 795//712 796//712
f 797//713 798//713 799//713
f 800//714 801//714 802//714
f 803//715 804//715 805//715
f 806//716 807//716 808//716
f 809//717 810//717 811//717
f 812//718 813//718 814//718
f 815//719 816//719 817//719
f 818//720 819//720 820//720
f 821//721 822//721 823//721
f 824//722 825//722 826//722
f 827//723 828//723 829//723
f 830//724 831//724 832//724
f 833//725 834//725 835//725
f 836//726 833//726 837//726
f 838//727 836//727 839//727
f 840//728 838//728 841//728
f 842//729 840//729 843//729
f 844//730 842//730 845//730
f 846//731 844//731 847//731
f 848//732 846//732 849//732
f 850//733 848//733 851//733
f 852//734 850//734 853//734
f 854//735 852//735 855//735
f 856//736 854//736 857//736
f 858//737 856//737 859//737
f 860//738 858//738 861//738
f 862//739 860//739 863//739
f 864//740 862//740 865//740
f 866//741 864//741 867//741
f 868//742 866//742 869//742
f 870//743 868//743 871//743
f 872//744 870//744 873//744
f 874//745 872//745 875//745
f 876//746 874//746 877//746
f 878//747 876//747 879//747
f 880//748 878//748 881//748
f 882//749 880//749 883//749
f 884//750 882//750 885//750
f 886//751 884//751 887//751
f 888//752 886//752 889//752
f 890//753 888//753 891//753
f 892//754 890//754 893//754
f 894//755 892//755 895//755
f 896//756 894//756 897//756
f 898//757 896//757 899//757
f 900//758 898//758 901//758
f 902//759 900//759 903//759
f 904//760 902//760 905//760
f 906//761 904//761 907//761
f 908//762 906//762 909//762
f 910//763 908//763 911//763
f 912//764 910//764 913//764
f 914//765 912//765 915//765
f 916//766 914//766 917//766
f 918//767 916//767 919//767
f 920//768 918//768 921//768
f 922//769 920//769 923//769
f 924//770 922//770 925//770
f 926//771 924//771 927//771
f 928//772 926//772 929//772
f 930//773 928//773 931//773
f 932//774 930//774 933//774
f 934//775 932//775 935//775
f 936//776 934//776 937//776
f 938//777 936//777 939//777
f 940//778 938//778 941//778
f 942//779 940//779 943//779
f 944//780 942//780 945//780
f 946//781 944//781 947//781
f 948//782 946//782 949//782
f 950//783 948//783 951//783
f 952//784 950//784 953//784
f 954//785 952//785 955//785
f 956//786 954//786 957//786
f 958//787 956//787 959//787
f 960//788 958//788 961//788
f 962//789 960//789 963//789
f 964//790 962//790 965//790
f 966//791 964//791 967//791
f 968//792 966//792 969//792
f 970//793 968//793 971//793
f 972//794 970//794 973//794
f 974//795 972//795 975//795
f 976//796 974//796 977//796
f 978//797 976//797 979//797
f 980//798 978//798 981//798
f 982//799 980//799 983//799
f 984//800 982//800 985//800
f 986//801 984//801 987//801
f 988//802 986//802 989//802
f 990//803 988//803 991//803
f 992//804 990//804 993//804
f 994//805 992//805 995//805
f 996//806 994//806 997//806
f 998//807 996//807 999//807
f 1000//808 998//808 1001//808
f 1002//809 1000//809 1003//809
f 1004//810 1002//810 1005//810
f 1006//811 1004//811 1007//811
f 1008//812 1006//812 1009//812
f 1010//813 1008//813 1011//813
f 1012//814 1010//814 1013//814
f 1014//815 1012//815 1015//815
f 1016//816 1014//816 1017//816
f 1018//817 1016//817 1019//817
f 1020//818 1018//818 1021//818
f 1022//819 1020//819 1023//819
f 1024//820 1022//820 1025//820
f 1026//821 1024//821 1027//821
f 1028//822 1026//822 1029//822
f 1030//823 1028//823 1031//823
f 1032//824 1030//824 1033//824
f 1034//825 1032//825 1035//825
f 834//826 1034//826 1036//826
f 834//826 1036//826 835//826
f 1036//827 1037//827 835//827
f 835//827 1037//827 1038//827
f 1037//828 1039//828 1038//828
f 1038//828 1039//828 1040//828
f 1039//829 1041//829 1040//829
f 1040//829 1041//829 1042//829
f 1041//830 1043//830 1042//830
f 1042//830 1043//830 1044//830
f 1043//831 1045//831 1044//831
f 1044//831 1045//831 1046//831
f 1045//832 1047//832 1046//832
f 1046//832 1047//832 1048//832
f 1047//833 1049//833 1048//833
f 1048//833 1049//833 1050//833
f 1049//834 1051//834 1050//834
f 1050//834 1051//834 1052//834
f 1051//835 1053//835 1052//835
f 1052//835 1053//835 1054//835
f 1053//836 1055//836 1054//836
f 1054//836 1055//836 1056//836
f 1055//837 1057//837 1056//837
f 1056//837 1057//837 1058//837
f 1057//838 1059//838 1058//838
f 1058//838 1059//838 1060//838
f 1059//839 1061//839 1060//839
f 1060//839 1061//839 1062//839
f 1061//840 1063//840 1062//840
f 1062//840 1063//840 1064//840
f 1063//841 1065//841 1064//841
f 1064//841 1065//841 1066//841
f 1065//842 1067//842 1066//842
f 1066//842 1067//842 1068//842
f 1069//843 1070//843 1071//843
f 1034//825 1035//825 1036//825
f 1035//844 1072//844 1036//844
f 1036//844 1072//844 1037//844
f 1072//845 1073//845 1037//845
f 1037//845 1073//845 1039//845
f 1073//846 1074//846 1039//846
f 1039//846 1074//846 1041//846
f 1074//847 1075//847 1041//847
f 1041//847 1075//847 1043//847
f 1075//848 1076//848 1043//848
f 1043//848 1076//848 1045//848
f 1076//849 1077//849 1045//849
f 1045//849 1077//849 1047//849
f 1077//850 1078//850 1047//850
f 1047//850 1078//850 1049//850
f 1078//851 1079//851 1049//851
f 1049//851 1079//851 1051//851
f 1079//852 1080//852 1051//852
f 1051//852 1080//852 1053//852
f 1080//853 1081//853 1053//853
f 1053//853 1081//853 1055//853
f 1081//854 1082//854 1055//854
f 1055//854 1082//854 1057//854
f 1082//855 1083//855 1057//855
f 1057//855 1083//855 1059//855
f 1083//856 1084//856 1059//856
f 1059//856 1084//856 1061//856
f 1084//857 1085//857 1061//857
f 1061//857 1085//857 1063//857
f 1085//858 1069//858 1063//858
f 1063//858 1069//858 1065//858
f 1069//859 1071//859 1065//859
f 1065//860 1071//860 1067//860
f 1032//824 1033//824 1035//824
f 1033//861 1086//861 1035//861
f 1035//861 1086//861 1072//861
f 1086//862 1087//862 1072//862
f 1072//862 1087//862 1073//862
f 1087//863 1088//863 1073//863
f 1073//863 1088//863 1074//863
f 1088//864 1089//864 1074//864
f 1074//864 1089//864 1075//864
f 1089//865 1090//865 1075//865
f 1075//865 1090//865 1076//865
f 1090//866 1091//866 1076//866
f 1076//866 1091//866 1077//866
f 1091//867 1092//867 1077//867
f 1077//867 1092//867 1078//867
f 1092//868 1093//868 1078//868
f 1078//868 1093//868 1079//868
f 1093//869 1094//869 1079//869
f 1079//869 1094//869 1080//869
f 1094//870 1095//870 1080//870
f 1080//870 1095//870 1081//870
f 1095//871 1096//871 1081//871
f 1081//871 1096//871 1082//871
f 1096//872 1097//872 1082//872
f 1082//872 1097//872 1083//872
f 1097//873 1098//873 1083//873
f 1083//873 1098//873 1084//873
f 1098//874 1099//874 1084//874
f 1084//874 1099//874 1085//874
f 1099//875 1100//875 1085//875
f 1085//875 1100//875 1069//875
f 1100//876 1101//876 1069//876
f 1069//876 1101//876 1070//876
f 1102//877 1103//877 1104//877
f 1030//823 1031//823 1033//823
f 1031//878 1105//878 1033//878
f 1033//878 1105//878 1086//878
f 1105//879 1106//879 1086//879
f 1086//879 1106//879 1087//879
f 1106//880 1107//880 1087//880
f 1087//880 1107//880 1088//880
f 1107//881 1108//881 1088//881
f 1088//881 1108//881 1089//881
f 1108//882 1109//882 1089//882
f 1089//882 1109//882 1090//882
f 1109//883 1110//883 1090//883
f 1090//883 1110//883 1091//883
f 1110//884 1111//884 1091//884
f 1091//884 1111//884 1092//884
f 1111//885 1112//885 1092//885
f 1092//885 1112//885 1093//885
f 1112//886 1113//886 1093//886
f 1093//886 1113//886 1094//886
f 1113//887 1114//887 1094//887
f 1094//887 1114//887 1095//887
f 1114//888 1115//888 1095//888
f 1095//888 1115//888 1096//888
f 1115//889 1116//889 1096//889
f 1096//889 1116//889 1097//889
f 1116//890 1117//890 1097//890
f 1097//890 1117//890 1098//890
f 1117//891 1118//891 1098//891
f 1098//891 1118//891 1099//891
f 1118//892 1102//892 1099//892
f 1099//892 1102//892 1100//892
f 1102//893 1104//893 1100//893
f 1100//894 1104//894 1101//894
f 1028//822 1029//822 1031//822
f 1029//895 1119//895 1031//895
f 1031//895 1119//895 1105//895
f 1119//896 1120//896 1105//896
f 1105//896 1120//896 1106//896
f 1120//897 1121//897 1106//897
f 1106//897 1121//897 1107//897
f 1121//898 1122//898 1107//898
f 1107//898 1122//898 1108//898
f 1122//899 1123//899 1108//899
f 1108//899 1123//899 1109//899
f 1123//900 1124//900 1109//900
f 1109//900 1124//900 1110//900
f 1124//901 1125//901 1110//901
f 1110//901 1125//901 1111//901
f 1125//902 1126//902 1111//902
f 1111//902 1126//902 1112//902
f 1126//903 1127//903 1112//903
f 1112//903 1127//903 1113//903
f 1127//904 1128//904 1113//904
f 1113//904 1128//904 1114//904
f 1128//905 1129//905 1114//905
f 1114//905 1129//905 1115//905
f 1129//906 1130//906 1115//906
f 1115//906 1130//906 1116//906
f 1130//907 1131//907 1116//907
f 1116//907 1131//907 1117//907
f 1131//908 1132//908 1117//908
f 1117//908 1132//908 1118//908
f 1132//909 832//909 1118//909
f 1118//909 832//909 1102//909
f 832//910 831//910 1102//910
f 1102//910 831//910 1103//910
f 1026//821 1027//821 1029//821
f 1027//911 1133//911 1029//911
f 1029//911 1133//911 1119//911
f 1133//912 1134//912 1119//912
f 1119//912 1134//912 1120//912
f 1134//913 1135//913 1120//913
f 1120//913 1135//913 1121//913
f 1135//914 1136//914 1121//914
f 1121//914 1136//914 1122//914
f 1136//915 1137//915 1122//915
f 1122//915 1137//915 1123//915
f 1137//916 1138//916 1123//916
f 1123//916 1138//916 1124//916
f 1138//917 1139//917 1124//917
f 1124//917 1139//917 1125//917
f 1139//918 1140//918 1125//918
f 1125//918 1140//918 1126//918
f 1140//919 1141//919 1126//919
f 1126//919 1141//919 1127//919
f 1141//920 1142//920 1127//920
f 1127//920 1142//920 1128//920
f 1142//921 1143//921 1128//921
f 1128//921 1143//921 1129//921
f 1143//922 1144//922 1129//922
f 1129//922 1144//922 1130//922
f 1144//923 1145//923 1130//923
f 1130//923 1145//923 1131//923
f 1145//924 1146//924 1131//924
f 1131//924 1146//924 1132//924
f 1146//925 1147//925 1132//925
f 1132//925 1147//925 832//925
f 1147//926 1148//926 832//926
f 832//927 1148//927 830//927
f 1024//820 1025//820 1027//820
f 1025//928 1149//928 1027//928
f 1027//928 1149//928 1133//928
f 1149//929 1150//929 1133//929
f 1133//929 1150//929 1134//929
f 1150//930 1151//930 1134//930
f 1134//930 1151//930 1135//930
f 1151//931 1152//931 1135//931
f 1135//931 1152//931 1136//931
f 1152//932 1153//932 1136//932
f 1136//932 1153//932 1137//932
f 1153//933 1154//933 1137//933
f 1137//933 1154//933 1138//933
f 1154//934 1155//934 1138//934
f 1138//934 1155//934 1139//934
f 1155//935 1156//935 1139//935
f 1139//935 1156//935 1140//935
f 1156//936 1157//936 1140//936
f 1140//936 1157//936 1141//936
f 1157//937 1158//937 1141//937
f 1141//937 1158//937 1142//937
f 1158//938 1159//938 1142//938
f 1142//938 1159//938 1143//938
f 1159//939 1160//939 1143//939
f 1143//939 1160//939 1144//939
f 1160//940 1161//940 1144//940
f 1144//940 1161//940 1145//940
f 1161//941 1162//941 1145//941
f 1145//941 1162//941 1146//941
f 1162//942 829//942 1146//942
f 1146//943 829//943 1147//943
f 829//944 828//944 1147//944
f 1147//944 828//944 1148//944
f 1022//819 1023//819 1025//819
f 1023//945 1163//945 1025//945
f 1025//945 1163//945 1149//945
f 1163//946 1164//946 1149//946
f 1149//946 1164//946 1150//946
f 1164//947 1165//947 1150//947
f 1150//947 1165//947 1151//947
f 1165//948 1166//948 1151//948
f 1151//948 1166//948 1152//948
f 1166//949 1167//949 1152//949
f 1152//949 1167//949 1153//949
f 1167//950 1168//950 1153//950
f 1153//950 1168//950 1154//950
f 1168//951 1169//951 1154//951
f 1154//951 1169//951 1155//951
f 1169//952 1170//952 1155//952
f 1155//952 1170//952 1156//952
f 1170//953 1171//953 1156//953
f 1156//953 1171//953 1157//953
f 1171//954 1172//954 1157//954
f 1157//954 1172//954 1158//954
f 1172//955 1173//955 1158//955
f 1158//956 1173//956 1159//956
f 1173//957 1174//957 1159//957
f 1159//957 1174//957 1160//957
f 1174//958 1175//958 1160//958
f 1160//958 1175//958 1161//958
f 1175//959 1176//959 1161//959
f 1161//959 1176//959 1162//959
f 1176//960 1177//960 1162//960
f 1162//960 1177//960 829//960
f 1177//961 1178//961 829//961
f 829//962 1178//962 827//962
f 1179//963 1180//963 1181//963
f 1020//818 1021//818 1023//818
f 1021//964 1182//964 1023//964
f 1023//964 1182//964 1163//964
f 1182//965 1183//965 1163//965
f 1163//965 1183//965 1164//965
f 1183//966 1184//966 1164//966
f 1164//966 1184//966 1165//966
f 1184//967 1185//967 1165//967
f 1165//967 1185//967 1166//967
f 1185//968 1186//968 1166//968
f 1166//968 1186//968 1167//968
f 1186//969 1187//969 1167//969
f 1167//969 1187//969 1168//969
f 1187//970 1188//970 1168//970
f 1168//970 1188//970 1169//970
f 1188//971 1189//971 1169//971
f 1169//971 1189//971 1170//971
f 1189//972 1190//972 1170//972
f 1170//972 1190//972 1171//972
f 1190//973 1191//973 1171//973
f 1171//973 1191//973 1172//973
f 1191//974 1192//974 1172//974
f 1172//974 1192//974 1173//974
f 1192//975 1193//975 1173//975
f 1173//975 1193//975 1174//975
f 1193//976 1194//976 1174//976
f 1174//976 1194//976 1175//976
f 1194//977 1195//977 1175//977
f 1175//977 1195//977 1176//977
f 1195//978 1179//978 1176//978
f 1176//978 1179//978 1177//978
f 1179//979 1181//979 1177//979
f 1177//980 1181//980 1178//980
f 1018//817 1019//817 1021//817
f 1019//981 1196//981 1021//981
f 1021//982 1196//982 1182//982
f 1196//983 1197//983 1182//983
f 1182//983 1197//983 1183//983
f 1197//984 1198//984 1183//984
f 1183//984 1198//984 1184//984
f 1198//985 1199//985 1184//985
f 1184//985 1199//985 1185//985
f 1199//986 1200//986 1185//986
f 1185//986 1200//986 1186//986
f 1200//987 1201//987 1186//987
f 1186//987 1201//987 1187//987
f 1201//988 1202//988 1187//988
f 1187//988 1202//988 1188//988
f 1202//989 1203//989 1188//989
f 1188//989 1203//989 1189//989
f 1203//990 1204//990 1189//990
f 1189//990 1204//990 1190//990
f 1204//991 1205//991 1190//991
f 1190//991 1205//991 1191//991
f 1205//992 1206//992 1191//992
f 1191//992 1206//992 1192//992
f 1206//993 1207//993 1192//993
f 1192//993 1207//993 1193//993
f 1207//994 1208//994 1193//994
f 1193//994 1208//994 1194//994
f 1208//995 1209//995 1194//995
f 1194//995 1209//995 1195//995
f 1209//996 1210//996 1195//996
f 1195//996 1210//996 1179//996
f 1210//997 1211//997 1179//997
f 1179//997 1211//997 1180//997
f 1212//998 1213//998 1214//998
f 1016//816 1017//816 1019//816
f 1017//999 1215//999 1019//999
f 1019//999 1215//999 1196//999
f 1215//1000 1216//1000 1196//1000
f 1196//1000 1216//1000 1197//1000
f 1216//1001 1217//1001 1197//1001
f 1197//1001 1217//1001 1198//1001
f 1217//1002 1218//1002 1198//1002
f 1198//1002 1218//1002 1199//1002
f 1218//1003 1219//1003 1199//1003
f 1199//1004 1219//1004 1200//1004
f 1219//1005 1220//1005 1200//1005
f 1200//1005 1220//1005 1201//1005
f 1220//1006 1221//1006 1201//1006
f 1201//1006 1221//1006 1202//1006
f 1221//1007 1222//1007 1202//1007
f 1202//1007 1222//1007 1203//1007
f 1222//1008 1223//1008 1203//1008
f 1203//1008 1223//1008 1204//1008
f 1223//1009 1224//1009 1204//1009
f 1204//1009 1224//1009 1205//1009
f 1224//1010 1225//1010 1205//1010
f 1205//1010 1225//1010 1206//1010
f 1225//1011 1226//1011 1206//1011
f 1206//1011 1226//1011 1207//1011
f 1226//1012 1227//1012 1207//1012
f 1207//1012 1227//1012 1208//1012
f 1227//1013 1228//1013 1208//1013
f 1208//1013 1228//1013 1209//1013
f 1228//1014 1212//1014 1209//1014
f 1209//1014 1212//1014 1210//1014
f 1212//1015 1214//1015 1210//1015
f 1210//1016 1214//1016 1211//1016
f 1014//815 1015//815 1017//815
f 1015//1017 1229//1017 1017//1017
f 1017//1017 1229//1017 1215//1017
f 1229//1018 1230//1018 1215//1018
f 1215//1018 1230//1018 1216//1018
f 1230//1019 1231//1019 1216//1019
f 1216//1019 1231//1019 1217//1019
f 1231//1020 1232//1020 1217//1020
f 1217//1020 1232//1020 1218//1020
f 1232//1021 1233//1021 1218//1021
f 1218//1021 1233//1021 1219//1021
f 1233//1022 1234//1022 1219//1022
f 1219//1022 1234//1022 1220//1022
f 1234//1023 1235//1023 1220//1023
f 1220//1023 1235//1023 1221//1023
f 1235//1024 1236//1024 1221//1024
f 1221//1024 1236//1024 1222//1024
f 1236//1025 1237//1025 1222//1025
f 1222//1026 1237//1026 1223//1026
f 1237//1027 1238//1027 1223//1027
f 1223//1027 1238//1027 1224//1027
f 1238//1028 1239//1028 1224//1028
f 1224//1028 1239//1028 1225//1028
f 1239//1029 1240//1029 1225//1029
f 1225//1029 1240//1029 1226//1029
f 1240//1030 1241//1030 1226//1030
f 1226//1030 1241//1030 1227//1030
f 1241//1031 1242//1031 1227//1031
f 1227//1031 1242//1031 1228//1031
f 1242//1032 826//1032 1228//1032
f 1228//1032 826//1032 1212//1032
f 826//1033 825//1033 1212//1033
f 1212//1033 825//1033 1213//1033
f 1012//814 1013//814 1015//814
f 1013//1034 1243//1034 1015//1034
f 1015//1034 1243//1034 1229//1034
f 1243//1035 1244//1035 1229//1035
f 1229//1036 1244//1036 1230//1036
f 1244//1037 1245//1037 1230//1037
f 1230//1037 1245//1037 1231//1037
f 1245//1038 1246//1038 1231//1038
f 1231//1038 1246//1038 1232//1038
f 1246//1039 1247//1039 1232//1039
f 1232//1039 1247//1039 1233//1039
f 1247//1040 1248//1040 1233//1040
f 1233//1041 1248//1041 1234//1041
f 1248//1042 1249//1042 1234//1042
f 1234//1043 1249//1043 1235//1043
f 1249//1044 1250//1044 1235//1044
f 1235//1044 1250//1044 1236//1044
f 1250//1045 1251//1045 1236//1045
f 1236//1045 1251//1045 1237//1045
f 1251//1046 1252//1046 1237//1046
f 1237//1046 1252//1046 1238//1046
f 1252//1047 1253//1047 1238//1047
f 1238//1047 1253//1047 1239//1047
f 1253//1048 1254//1048 1239//1048
f 1239//1048 1254//1048 1240//1048
f 1254//1049 1255//1049 1240//1049
f 1240//1049 1255//1049 1241//1049
f 1255//1050 1256//1050 1241//1050
f 1241//1050 1256//1050 1242//1050
f 1256//1051 1257//1051 1242//1051
f 1242//1051 1257//1051 826//1051
f 1257//1052 1258//1052 826//1052
f 826//1053 1258//1053 824//1053
f 1010//813 1011//813 1013//813
f 1011//1054 1259//1054 1013//1054
f 1013//1054 1259//1054 1243//1054
f 1259//1055 1260//1055 1243//1055
f 1243//1055 1260//1055 1244//1055
f 1260//1056 1261//1056 1244//1056
f 1244//1056 1261//1056 1245//1056
f 1261//1057 1262//1057 1245//1057
f 1245//1057 1262//1057 1246//1057
f 1262//1058 1263//1058 1246//1058
f 1246//1058 1263//1058 1247//1058
f 1263//1059 1264//1059 1247//1059
f 1247//1059 1264//1059 1248//1059
f 1264//1060 1265//1060 1248//1060
f 1248//1060 1265//1060 1249//1060
f 1265//1061 1266//1061 1249//1061
f 1249//1061 1266//1061 1250//1061
f 1266//1062 1267//1062 1250//1062
f 1250//1062 1267//1062 1251//1062
f 1267//1063 1268//1063 1251//1063
f 1251//1063 1268//1063 1252//1063
f 1268//1064 1269//1064 1252//1064
f 1252//1064 1269//1064 1253//1064
f 1269//1065 1270//1065 1253//1065
f 1253//1065 1270//1065 1254//1065
f 1270//1066 1271//1066 1254//1066
f 1254//1066 1271//1066 1255//1066
f 1271//1067 1272//1067 1255//1067
f 1255//1067 1272//1067 1256//1067
f 1272//1068 823//1068 1256//1068
f 1256//1068 823//1068 1257//1068
f 823//1069 822//1069 1257//1069
f 1257//1069 822//1069 1258//1069
f 1008//812 1009//812 1011//812
f 1009//1070 1273//1070 1011//1070
f 1011//1070 1273//1070 1259//1070
f 1273//1071 1274//1071 1259//1071
f 1259//1071 1274//1071 1260//1071
f 1274//1072 1275//1072 1260//1072
f 1260//1072 1275//1072 1261//1072
f 1275//1073 1276//1073 1261//1073
f 1261//1073 1276//1073 1262//1073
f 1276//1074 1277//1074 1262//1074
f 1262//1074 1277//1074 1263//1074
f 1277//1075 1278//1075 1263//1075
f 1263//1075 1278//1075 1264//1075
f 1278//1076 1279//1076 1264//1076
f 1264//1076 1279//1076 1265//1076
f 1279//1077 1280//1077 1265//1077
f 1265//1077 1280//1077 1266//1077
f 1280//1078 1281//1078 1266//1078
f 1266//1078 1281//1078 1267//1078
f 1281//1079 1282//1079 1267//1079
f 1267//1079 1282//1079 1268//1079
f 1282//1080 1283//1080 1268//1080
f 1268//1080 1283//1080 1269//1080
f 1283//1081 1284//1081 1269//1081
f 1269//1081 1284//1081 1270//1081
f 1284//1082 1285//1082 1270//1082
f 1270//1082 1285//1082 1271//1082
f 1285//1083 1286//1083 1271//1083
f 1271//1083 1286//1083 1272//1083
f 1286//1084 1287//1084 1272//1084
f 1272//1084 1287//1084 823//1084
f 1287//1085 1288//1085 823//1085
f 823//1086 1288//1086 821//1086
f 1289//1087 1290//1087 1291//1087
f 1006//811 1007//811 1009//811
f 1007//1088 1292//1088 1009//1088
f 1009//1088 1292//1088 1273//1088
f 1292//1089 1293//1089 1273//1089
f 1273//1090 1293//1090 1274//1090
f 1293//1091 1294//1091 1274//1091
f 1274//1091 1294//1091 1275//1091
f 1294//1092 1295//1092 1275//1092
f 1275//1092 1295//1092 1276//1092
f 1295//1093 1296//1093 1276//1093
f 1276//1093 1296//1093 1277//1093
f 1296//1094 1297//1094 1277//1094
f 1277//1094 1297//1094 1278//1094
f 1297//1095 1298//1095 1278//1095
f 1278//1095 1298//1095 1279//1095
f 1298//1096 1299//1096 1279//1096
f 1279//1096 1299//1096 1280//1096
f 1299//1097 1300//1097 1280//1097
f 1280//1098 1300//1098 1281//1098
f 1300//1099 1301//1099 1281//1099
f 1281//1099 1301//1099 1282//1099
f 1301//1100 1302//1100 1282//1100
f 1282//1100 1302//1100 1283//1100
f 1302//1101 1303//1101 1283//1101
f 1283//1101 1303//1101 1284//1101
f 1303//1102 1304//1102 1284//1102
f 1284//1102 1304//1102 1285//1102
f 1304//1103 1305//1103 1285//1103
f 1285//1103 1305//1103 1286//1103
f 1305//1104 1289//1104 1286//1104
f 1286//1104 1289//1104 1287//1104
f 1289//1105 1291//1105 1287//1105
f 1287//1106 1291//1106 1288//1106
f 1004//810 1005//810 1007//810
f 1005//1107 1306//1107 1007//1107
f 1007//1107 1306//1107 1292//1107
f 1306//1108 1307//1108 1292//1108
f 1292//1108 1307//1108 1293//1108
f 1307//1109 1308//1109 1293//1109
f 1293//1109 1308//1109 1294//1109
f 1308//1110 1309//1110 1294//1110
f 1294//1110 1309//1110 1295//1110
f 1309//1111 1310//1111 1295//1111
f 1295//1111 1310//1111 1296//1111
f 1310//1112 1311//1112 1296//1112
f 1296//1112 1311//1112 1297//1112
f 1311//1113 1312//1113 1297//1113
f 1297//1113 1312//1113 1298//1113
f 1312//1114 1313//1114 1298//1114
f 1298//1114 1313//1114 1299//1114
f 1313//1115 1314//1115 1299//1115
f 1299//1115 1314//1115 1300//1115
f 1314//1116 1315//1116 1300//1116
f 1300//1116 1315//1116 1301//1116
f 1315//1117 1316//1117 1301//1117
f 1301//1117 1316//1117 1302//1117
f 1316//1118 1317//1118 1302//1118
f 1302//1118 1317//1118 1303//1118
f 1317//1119 1318//1119 1303//1119
f 1303//1119 1318//1119 1304//1119
f 1318//1120 1319//1120 1304//1120
f 1304//1120 1319//1120 1305//1120
f 1319//1121 1320//1121 1305//1121
f 1305//1121 1320//1121 1289//1121
f 1320//1122 1321//1122 1289//1122
f 1289//1122 1321//1122 1290//1122
f 1322//1123 1323//1123 1324//1123
f 1002//809 1003//809 1005//809
f 1003//1124 1325//1124 1005//1124
f 1005//1124 1325//1124 1306//1124
f 1325//1125 1326//1125 1306//1125
f 1306//1125 1326//1125 1307//1125
f 1326//1126 1327//1126 1307//1126
f 1307//1126 1327//1126 1308//1126
f 1327//1127 1328//1127 1308//1127
f 1308//1127 1328//1127 1309//1127
f 1328//1128 1329//1128 1309//1128
f 1309//1128 1329//1128 1310//1128
f 1329//1129 1330//1129 1310//1129
f 1310//1130 1330//1130 1311//1130
f 1330//1131 1331//1131 1311//1131
f 1311//1131 1331//1131 1312//1131
f 1331//1132 1332//1132 1312//1132
f 1312//1132 1332//1132 1313//1132
f 1332//1133 1333//1133 1313//1133
f 1313//1133 1333//1133 1314//1133
f 1333//1134 1334//1134 1314//1134
f 1314//1134 1334//1134 1315//1134
f 1334//1135 1335//1135 1315//1135
f 1315//1135 1335//1135 1316//1135
f 1335//1136 1336//1136 1316//1136
f 1316//1136 1336//1136 1317//1136
f 1336//1137 1337//1137 1317//1137
f 1317//1137 1337//1137 1318//1137
f 1337//1138 1338//1138 1318//1138
f 1318//1139 1338//1139 1319//1139
f 1338//1140 1322//1140 1319//1140
f 1319//1140 1322//1140 1320//1140
f 1322//1141 1324//1141 1320//1141
f 1320//1142 1324//1142 1321//1142
f 1000//808 1001//808 1003//808
f 1001//1143 1339//1143 1003//1143
f 1003//1143 1339//1143 1325//1143
f 1339//1144 1340//1144 1325//1144
f 1325//1144 1340//1144 1326//1144
f 1340//1145 1341//1145 1326//1145
f 1326//1145 1341//1145 1327//1145
f 1341//1146 1342//1146 1327//1146
f 1327//1146 1342//1146 1328//1146
f 1342//1147 1343//1147 1328//1147
f 1328//1147 1343//1147 1329//1147
f 1343//1148 1344//1148 1329//1148
f 1329//1148 1344//1148 1330//1148
f 1344//1149 1345//1149 1330//1149
f 1330//1149 1345//1149 1331//1149
f 1345//1150 1346//1150 1331//1150
f 1331//1150 1346//1150 1332//1150
f 1346//1151 1347//1151 1332//1151
f 1332//1152 1347//1152 1333//1152
f 1347//1153 1348//1153 1333//1153
f 1333//1153 1348//1153 1334//1153
f 1348//1154 1349//1154 1334//1154
f 1334//1154 1349//1154 1335//1154
f 1349//1155 1350//1155 1335//1155
f 1335//1155 1350//1155 1336//1155
f 1350//1156 1351//1156 1336//1156
f 1336//1156 1351//1156 1337//1156
f 1351//1157 1352//1157 1337//1157
f 1337//1157 1352//1157 1338//1157
f 1352//1158 820//1158 1338//1158
f 1338//1158 820//1158 1322//1158
f 820//1159 819//1159 1322//1159
f 1322//1159 819//1159 1323//1159
f 998//807 999//807 1001//807
f 999//1160 1353//1160 1001//1160
f 1001//1160 1353//1160 1339//1160
f 1353//1161 1354//1161 1339//1161
f 1339//1161 1354//1161 1340//1161
f 1354//1162 1355//1162 1340//1162
f 1340//1162 1355//1162 1341//1162
f 1355//1163 1356//1163 1341//1163
f 1341//1163 1356//1163 1342//1163
f 1356//1164 1357//1164 1342//1164
f 1342//1164 1357//1164 1343//1164
f 1357//1165 1358//1165 1343//1165
f 1343//1165 1358//1165 1344//1165
f 1358//1166 1359//1166 1344//1166
f 1344//1166 1359//1166 1345//1166
f 1359//1167 1360//1167 1345//1167
f 1345//1167 1360//1167 1346//1167
f 1360//1168 1361//1168 1346//1168
f 1346//1168 1361//1168 1347//1168
f 1361//1169 1362//1169 1347//1169
f 1347//1169 1362//1169 1348//1169
f 1362//1170 1363//1170 1348//1170
f 1348//1170 1363//1170 1349//1170
f 1363//1171 1364//1171 1349//1171
f 1349//1171 1364//1171 1350//1171
f 1364//1172 1365//1172 1350//1172
f 1350//1172 1365//1172 1351//1172
f 1365//1173 1366//1173 1351//1173
f 1351//1173 1366//1173 1352//1173
f 1366//1174 1367//1174 1352//1174
f 1352//1174 1367//1174 820//1174
f 1367//1175 1368//1175 820//1175
f 820//1176 1368//1176 818//1176
f 996//806 997//806 999//806
f 997//1177 1369//1177 999//1177
f 999//1177 1369//1177 1353//1177
f 1369//1178 1370//1178 1353//1178
f 1353//1178 1370//1178 1354//1178
f 1370//1179 1371//1179 1354//1179
f 1354//1179 1371//1179 1355//1179
f 1371//1180 1372//1180 1355//1180
f 1355//1180 1372//1180 1356//1180
f 1372//1181 1373//1181 1356//1181
f 1356//1181 1373//1181 1357//1181
f 1373//1182 1374//1182 1357//1182
f 1357//1182 1374//1182 1358//1182
f 1374//1183 1375//1183 1358//1183
f 1358//1183 1375//1183 1359//1183
f 1375//1184 1376//1184 1359//1184
f 1359//1184 1376//1184 1360//1184
f 1376//1185 1377//1185 1360//1185
f 1360//1185 1377//1185 1361//1185
f 1377//1186 1378//1186 1361//1186
f 1361//1186 1378//1186 1362//1186
f 1378//1187 1379//1187 1362//1187
f 1362//1187 1379//1187 1363//1187
f 1379//1188 1380//1188 1363//1188
f 1363//1188 1380//1188 1364//1188
f 1380//1189 1381//1189 1364//1189
f 1364//1189 1381//1189 1365//1189
f 1381//1190 1382//1190 1365//1190
f 1365//1190 1382//1190 1366//1190
f 1382//1191 817//1191 1366//1191
f 1366//1191 817//1191 1367//1191
f 817//1192 816//1192 1367//1192
f 1367//1192 816//1192 1368//1192
f 994//805 995//805 997//805
f 995//1193 1383//1193 997//1193
f 997//1193 1383//1193 1369//1193
f 1383//1194 1384//1194 1369//1194
f 1369//1194 1384//1194 1370//1194
f 1384//1195 1385//1195 1370//1195
f 1370//1195 1385//1195 1371//1195
f 1385//1196 1386//1196 1371//1196
f 1371//1196 1386//1196 1372//1196
f 1386//1197 1387//1197 1372//1197
f 1372//1197 1387//1197 1373//1197
f 1387//1198 1388//1198 1373//1198
f 1373//1198 1388//1198 1374//1198
f 1388//1199 1389//1199 1374//1199
f 1374//1199 1389//1199 1375//1199
f 1389//1200 1390//1200 1375//1200
f 1375//1200 1390//1200 1376//1200
f 1390//1201 1391//1201 1376//1201
f 1376//1201 1391//1201 1377//1201
f 1391//1202 1392//1202 1377//1202
f 1377//1202 1392//1202 1378//1202
f 1392//1203 1393//1203 1378//1203
f 1378//1203 1393//1203 1379//1203
f 1393//1204 1394//1204 1379//1204
f 1379//1204 1394//1204 1380//1204
f 1394//1205 1395//1205 1380//1205
f 1380//1205 1395//1205 1381//1205
f 1395//1206 1396//1206 1381//1206
f 1381//1206 1396//1206 1382//1206
f 1396//1207 1397//1207 1382//1207
f 1382//1207 1397//1207 817//1207
f 1397//1208 1398//1208 817//1208
f 817//1209 1398//1209 815//1209
f 1399//1210 1400//1210 1401//1210
f 992//804 993//804 995//804
f 993//1211 1402//1211 995//1211
f 995//1211 1402//1211 1383//1211
f 1402//1212 1403//1212 1383//1212
f 1383//1213 1403//1213 1384//1213
f 1403//1214 1404//1214 1384//1214
f 1384//1214 1404//1214 1385//1214
f 1404//1215 1405//1215 1385//1215
f 1385//1216 1405//1216 1386//1216
f 1405//1217 1406//1217 1386//1217
f 1386//1217 1406//1217 1387//1217
f 1406//1218 1407//1218 1387//1218
f 1387//1218 1407//1218 1388//1218
f 1407//1219 1408//1219 1388//1219
f 1388//1220 1408//1220 1389//1220
f 1408//1221 1409//1221 1389//1221
f 1389//1221 1409//1221 1390//1221
f 1409//1222 1410//1222 1390//1222
f 1390//1222 1410//1222 1391//1222
f 1410//1223 1411//1223 1391//1223
f 1391//1223 1411//1223 1392//1223
f 1411//1224 1412//1224 1392//1224
f 1392//1224 1412//1224 1393//1224
f 1412//1225 1413//1225 1393//1225
f 1393//1225 1413//1225 1394//1225
f 1413//1226 1414//1226 1394//1226
f 1394//1226 1414//1226 1395//1226
f 1414//1227 1415//1227 1395//1227
f 1395//1227 1415//1227 1396//1227
f 1415//1228 1399//1228 1396//1228
f 1396//1228 1399//1228 1397//1228
f 1399//1229 1401//1229 1397//1229
f 1397//1230 1401//1230 1398//1230
f 990//803 991//803 993//803
f 991//1231 1416//1231 993//1231
f 993//1231 1416//1231 1402//1231
f 1416//1232 1417//1232 1402//1232
f 1402//1232 1417//1232 1403//1232
f 1417//1233 1418//1233 1403//1233
f 1403//1233 1418//1233 1404//1233
f 1418//1234 1419//1234 1404//1234
f 1404//1234 1419//1234 1405//1234
f 1419//1235 1420//1235 1405//1235
f 1405//1235 1420//1235 1406//1235
f 1420//1236 1421//1236 1406//1236
f 1406//1236 1421//1236 1407//1236
f 1421//1237 1422//1237 1407//1237
f 1407//1237 1422//1237 1408//1237
f 1422//1238 1423//1238 1408//1238
f 1408//1238 1423//1238 1409//1238
f 1423//1239 1424//1239 1409//1239
f 1409//1239 1424//1239 1410//1239
f 1424//1240 1425//1240 1410//1240
f 1410//1240 1425//1240 1411//1240
f 1425//1241 1426//1241 1411//1241
f 1411//1241 1426//1241 1412//1241
f 1426//1242 1427//1242 1412//1242
f 1412//1242 1427//1242 1413//1242
f 1427//1243 1428//1243 1413//1243
f 1413//1243 1428//1243 1414//1243
f 1428//1244 1429//1244 1414//1244
f 1414//1244 1429//1244 1415//1244
f 1429//1245 1430//1245 1415//1245
f 1415//1245 1430//1245 1399//1245
f 1430//1246 1431//1246 1399//1246
f 1399//1246 1431//1246 1400//1246
f 1432//1247 1433//1247 1434//1247
f 988//802 989//802 991//802
f 989//1248 1435//1248 991//1248
f 991//1248 1435//1248 1416//1248
f 1435//1249 1436//1249 1416//1249
f 1416//1249 1436//1249 1417//1249
f 1436//1250 1437//1250 1417//1250
f 1417//1250 1437//1250 1418//1250
f 1437//1251 1438//1251 1418//1251
f 1418//1251 1438//1251 1419//1251
f 1438//1252 1439//1252 1419//1252
f 1419//1252 1439//1252 1420//1252
f 1439//1253 1440//1253 1420//1253
f 1420//1253 1440//1253 1421//1253
f 1440//1254 1441//1254 1421//1254
f 1421//1254 1441//1254 1422//1254
f 1441//1255 1442//1255 1422//1255
f 1422//1255 1442//1255 1423//1255
f 1442//1256 1443//1256 1423//1256
f 1423//1256 1443//1256 1424//1256
f 1443//1257 1444//1257 1424//1257
f 1424//1257 1444//1257 1425//1257
f 1444//1258 1445//1258 1425//1258
f 1425//1258 1445//1258 1426//1258
f 1445//1259 1446//1259 1426//1259
f 1426//1259 1446//1259 1427//1259
f 1446//1260 1447//1260 1427//1260
f 1427//1260 1447//1260 1428//1260
f 1447//1261 1448//1261 1428//1261
f 1428//1261 1448//1261 1429//1261
f 1448//1262 1432//1262 1429//1262
f 1429//1262 1432//1262 1430//1262
f 1432//1263 1434//1263 1430//1263
f 1430//1264 1434//1264 1431//1264
f 986//801 987//801 989//801
f 987//1265 1449//1265 989//1265
f 989//1265 1449//1265 1435//1265
f 1449//1266 1450//1266 1435//1266
f 1435//1267 1450//1267 1436//1267
f 1450//1268 1451//1268 1436//1268
f 1436//1268 1451//1268 1437//1268
f 1451//1269 1452//1269 1437//1269
f 1437//1269 1452//1269 1438//1269
f 1452//1270 1453//1270 1438//1270
f 1438//1270 1453//1270 1439//1270
f 1453//1271 1454//1271 1439//1271
f 1439//1271 1454//1271 1440//1271
f 1454//1272 1455//1272 1440//1272
f 1440//1272 1455//1272 1441//1272
f 1455//1273 1456//1273 1441//1273
f 1441//1273 1456//1273 1442//1273
f 1456//1274 1457//1274 1442//1274
f 1442//1274 1457//1274 1443//1274
f 1457//1275 1458//1275 1443//1275
f 1443//1275 1458//1275 1444//1275
f 1458//1276 1459//1276 1444//1276
f 1444//1276 1459//1276 1445//1276
f 1459//1277 1460//1277 1445//1277
f 1445//1277 1460//1277 1446//1277
f 1460//1278 1461//1278 1446//1278
f 1446//1278 1461//1278 1447//1278
f 1461//1279 1462//1279 1447//1279
f 1447//1279 1462//1279 1448//1279
f 1462//1280 814//1280 1448//1280
f 1448//1280 814//1280 1432//1280
f 814//1281 813//1281 1432//1281
f 1432//1281 813//1281 1433//1281
f 984//800 985//800 987//800
f 985//1282 1463//1282 987//1282
f 987//1282 1463//1282 1449//1282
f 1463//1283 1464//1283 1449//1283
f 1449//1283 1464//1283 1450//1283
f 1464//1284 1465//1284 1450//1284
f 1450//1284 1465//1284 1451//1284
f 1465//1285 1466//1285 1451//1285
f 1451//1285 1466//1285 1452//1285
f 1466//1286 1467//1286 1452//1286
f 1452//1286 1467//1286 1453//1286
f 1467//1287 1468//1287 1453//1287
f 1453//1287 1468//1287 1454//1287
f 1468//1288 1469//1288 1454//1288
f 1454//1288 1469//1288 1455//1288
f 1469//1289 1470//1289 1455//1289
f 1455//1289 1470//1289 1456//1289
f 1470//1290 1471//1290 1456//1290
f 1456//1290 1471//1290 1457//1290
f 1471//1291 1472//1291 1457//1291
f 1457//1291 1472//1291 1458//1291
f 1472//1292 1473//1292 1458//1292
f 1458//1292 1473//1292 1459//1292
f 1473//1293 1474//1293 1459//1293
f 1459//1293 1474//1293 1460//1293
f 1474//1294 1475//1294 1460//1294
f 1460//1294 1475//1294 1461//1294
f 1475//1295 1476//1295 1461//1295
f 1461//1295 1476//1295 1462//1295
f 1476//1296 1477//1296 1462//1296
f 1462//1296 1477//1296 814//1296
f 1477//1297 1478//1297 814//1297
f 814//1298 1478//1298 812//1298
f 982//799 983//799 985//799
f 983//1299 1479//1299 985//1299
f 985//1299 1479//1299 1463//1299
f 1479//1300 1480//1300 1463//1300
f 1463//1300 1480//1300 1464//1300
f 1480//1301 1481//1301 1464//1301
f 1464//1301 1481//1301 1465//1301
f 1481//1302 1482//1302 1465//1302
f 1465//1302 1482//1302 1466//1302
f 1482//1303 1483//1303 1466//1303
f 1466//1303 1483//1303 1467//1303
f 1483//1304 1484//1304 1467//1304
f 1467//1304 1484//1304 1468//1304
f 1484//1305 1485//1305 1468//1305
f 1468//1305 1485//1305 1469//1305
f 1485//1306 1486//1306 1469//1306
f 1469//1306 1486//1306 1470//1306
f 1486//1307 1487//1307 1470//1307
f 1470//1307 1487//1307 1471//1307
f 1487//1308 1488//1308 1471//1308
f 1471//1308 1488//1308 1472//1308
f 1488//1309 1489//1309 1472//1309
f 1472//1309 1489//1309 1473//1309
f 1489//1310 1490//1310 1473//1310
f 1473//1310 1490//1310 1474//1310
f 1490//1311 1491//1311 1474//1311
f 1474//1311 1491//1311 1475//1311
f 1491//1312 1492//1312 1475//1312
f 1475//1312 1492//1312 1476//1312
f 1492//1313 811//1313 1476//1313
f 1476//1313 811//1313 1477//1313
f 811//1314 810//1314 1477//1314
f 1477//1314 810//1314 1478//1314
f 980//798 981//798 983//798
f 981//1315 1493//1315 983//1315
f 983//1315 1493//1315 1479//1315
f 1493//1316 1494//1316 1479//1316
f 1479//1316 1494//1316 1480//1316
f 1494//1317 1495//1317 1480//1317
f 1480//1317 1495//1317 1481//1317
f 1495//1318 1496//1318 1481//1318
f 1481//1319 1496//1319 1482//1319
f 1496//1320 1497//1320 1482//1320
f 1482//1320 1497//1320 1483//1320
f 1497//1321 1498//1321 1483//1321
f 1483//1321 1498//1321 1484//1321
f 1498//1322 1499//1322 1484//1322
f 1484//1322 1499//1322 1485//1322
f 1499//1323 1500//1323 1485//1323
f 1485//1323 1500//1323 1486//1323
f 1500//1324 1501//1324 1486//1324
f 1486//1324 1501//1324 1487//1324
f 1501//1325 1502//1325 1487//1325
f 1487//1325 1502//1325 1488//1325
f 1502//1326 1503//1326 1488//1326
f 1488//1326 1503//1326 1489//1326
f 1503//1327 1504//1327 1489//1327
f 1489//1327 1504//1327 1490//1327
f 1504//1328 1505//1328 1490//1328
f 1490//1328 1505//1328 1491//1328
f 1505//1329 1506//1329 1491//1329
f 1491//1329 1506//1329 1492//1329
f 1506//1330 1507//1330 1492//1330
f 1492//1330 1507//1330 811//1330
f 1507//1331 1508//1331 811//1331
f 811//1332 1508//1332 809//1332
f 1509//1333 1510//1333 1511//1333
f 978//797 979//797 981//797
f 979//1334 1512//1334 981//1334
f 981//1334 1512//1334 1493//1334
f 1512//1335 1513//1335 1493//1335
f 1493//1335 1513//1335 1494//1335
f 1513//1336 1514//1336 1494//1336
f 1494//1336 1514//1336 1495//1336
f 1514//1337 1515//1337 1495//1337
f 1495//1337 1515//1337 1496//1337
f 1515//1338 1516//1338 1496//1338
f 1496//1338 1516//1338 1497//1338
f 1516//1339 1517//1339 1497//1339
f 1497//1339 1517//1339 1498//1339
f 1517//1340 1518//1340 1498//1340
f 1498//1340 1518//1340 1499//1340
f 1518//1341 1519//1341 1499//1341
f 1499//1341 1519//1341 1500//1341
f 1519//1342 1520//1342 1500//1342
f 1500//1342 1520//1342 1501//1342
f 1520//1343 1521//1343 1501//1343
f 1501//1343 1521//1343 1502//1343
f 1521//1344 1522//1344 1502//1344
f 1502//1344 1522//1344 1503//1344
f 1522//1345 1523//1345 1503//1345
f 1503//1345 1523//1345 1504//1345
f 1523//1346 1524//1346 1504//1346
f 1504//1346 1524//1346 1505//1346
f 1524//1347 1525//1347 1505//1347
f 1505//1347 1525//1347 1506//1347
f 1525//1348 1509//1348 1506//1348
f 1506//1348 1509//1348 1507//1348
f 1509//1349 1511//1349 1507//1349
f 1507//1350 1511//1350 1508//1350
f 976//796 977//796 979//796
f 977//1351 1526//1351 979//1351
f 979//1351 1526//1351 1512//1351
f 1526//1352 1527//1352 1512//1352
f 1512//1352 1527//1352 1513//1352
f 1527//1353 1528//1353 1513//1353
f 1513//1353 1528//1353 1514//1353
f 1528//1354 1529//1354 1514//1354
f 1514//1354 1529//1354 1515//1354
f 1529//1355 1530//1355 1515//1355
f 1515//1355 1530//1355 1516//1355
f 1530//1356 1531//1356 1516//1356
f 1516//1356 1531//1356 1517//1356
f 1531//1357 1532//1357 1517//1357
f 1517//1357 1532//1357 1518//1357
f 1532//1358 1533//1358 1518//1358
f 1518//1358 1533//1358 1519//1358
f 1533//1359 1534//1359 1519//1359
f 1519//1359 1534//1359 1520//1359
f 1534//1360 1535//1360 1520//1360
f 1520//1360 1535//1360 1521//1360
f 1535//1361 1536//1361 1521//1361
f 1521//1361 1536//1361 1522//1361
f 1536//1362 1537//1362 1522//1362
f 1522//1362 1537//1362 1523//1362
f 1537//1363 1538//1363 1523//1363
f 1523//1363 1538//1363 1524//1363
f 1538//1364 1539//1364 1524//1364
f 1524//1364 1539//1364 1525//1364
f 1539//1365 1540//1365 1525//1365
f 1525//1365 1540//1365 1509//1365
f 1540//1366 1541//1366 1509//1366
f 1509//1366 1541//1366 1510//1366
f 1542//1367 1543//1367 1544//1367
f 974//795 975//795 977//795
f 975//1368 1545//1368 977//1368
f 977//1368 1545//1368 1526//1368
f 1545//1369 1546//1369 1526//1369
f 1526//1369 1546//1369 1527//1369
f 1546//1370 1547//1370 1527//1370
f 1527//1370 1547//1370 1528//1370
f 1547//1371 1548//1371 1528//1371
f 1528//1371 1548//1371 1529//1371
f 1548//1372 1549//1372 1529//1372
f 1529//1372 1549//1372 1530//1372
f 1549//1373 1550//1373 1530//1373
f 1530//1373 1550//1373 1531//1373
f 1550//1374 1551//1374 1531//1374
f 1531//1374 1551//1374 1532//1374
f 1551//1375 1552//1375 1532//1375
f 1532//1375 1552//1375 1533//1375
f 1552//1376 1553//1376 1533//1376
f 1533//1376 1553//1376 1534//1376
f 1553//1377 1554//1377 1534//1377
f 1534//1377 1554//1377 1535//1377
f 1554//1378 1555//1378 1535//1378
f 1535//1378 1555//1378 1536//1378
f 1555//1379 1556//1379 1536//1379
f 1536//1379 1556//1379 1537//1379
f 1556//1380 1557//1380 1537//1380
f 1537//1380 1557//1380 1538//1380
f 1557//1381 1558//1381 1538//1381
f 1538//1381 1558//1381 1539//1381
f 1558//1382 1542//1382 1539//1382
f 1539//1382 1542//1382 1540//1382
f 1542//1383 1544//1383 1540//1383
f 1540//1384 1544//1384 1541//1384
f 972//794 973//794 975//794
f 973//1385 1559//1385 975//1385
f 975//1385 1559//1385 1545//1385
f 1559//1386 1560//1386 1545//1386
f 1545//1386 1560//1386 1546//1386
f 1560//1387 1561//1387 1546//1387
f 1546//1387 1561//1387 1547//1387
f 1561//1388 1562//1388 1547//1388
f 1547//1388 1562//1388 1548//1388
f 1562//1389 1563//1389 1548//1389
f 1548//1389 1563//1389 1549//1389
f 1563//1390 1564//1390 1549//1390
f 1549//1390 1564//1390 1550//1390
f 1564//1391 1565//1391 1550//1391
f 1550//1391 1565//1391 1551//1391
f 1565//1392 1566//1392 1551//1392
f 1551//1392 1566//1392 1552//1392
f 1566//1393 1567//1393 1552//1393
f 1552//1394 1567//1394 1553//1394
f 1567//1395 1568//1395 1553//1395
f 1553//1395 1568//1395 1554//1395
f 1568//1396 1569//1396 1554//1396
f 1554//1396 1569//1396 1555//1396
f 1569//1397 1570//1397 1555//1397
f 1555//1397 1570//1397 1556//1397
f 1570//1398 1571//1398 1556//1398
f 1556//1398 1571//1398 1557//1398
f 1571//1399 1572//1399 1557//1399
f 1557//1400 1572//1400 1558//1400
f 1572//1401 808//1401 1558//1401
f 1558//1401 808//1401 1542//1401
f 808//1402 807//1402 1542//1402
f 1542//1402 807//1402 1543//1402
f 970//793 971//793 973//793
f 971//1403 1573//1403 973//1403
f 973//1403 1573//1403 1559//1403
f 1573//1404 1574//1404 1559//1404
f 1559//1404 1574//1404 1560//1404
f 1574//1405 1575//1405 1560//1405
f 1560//1405 1575//1405 1561//1405
f 1575//1406 1576//1406 1561//1406
f 1561//1406 1576//1406 1562//1406
f 1576//1407 1577//1407 1562//1407
f 1562//1407 1577//1407 1563//1407
f 1577//1408 1578//1408 1563//1408
f 1563//1408 1578//1408 1564//1408
f 1578//1409 1579//1409 1564//1409
f 1564//1409 1579//1409 1565//1409
f 1579//1410 1580//1410 1565//1410
f 1565//1410 1580//1410 1566//1410
f 1580//1411 1581//1411 1566//1411
f 1566//1411 1581//1411 1567//1411
f 1581//1412 1582//1412 1567//1412
f 1567//1412 1582//1412 1568//1412
f 1582//1413 1583//1413 1568//1413
f 1568//1413 1583//1413 1569//1413
f 1583//1414 1584//1414 1569//1414
f 1569//1414 1584//1414 1570//1414
f 1584//1415 1585//1415 1570//1415
f 1570//1415 1585//1415 1571//1415
f 1585//1416 1586//1416 1571//1416
f 1571//1416 1586//1416 1572//1416
f 1586//1417 1587//1417 1572//1417
f 1572//1417 1587//1417 808//1417
f 1587//1418 1588//1418 808//1418
f 808//1419 1588//1419 806//1419
f 968//792 969//792 971//792
f 969//1420 1589//1420 971//1420
f 971//1420 1589//1420 1573//1420
f 1589//1421 1590//1421 1573//1421
f 1573//1421 1590//1421 1574//1421
f 1590//1422 1591//1422 1574//1422
f 1574//1422 1591//1422 1575//1422
f 1591//1423 1592//1423 1575//1423
f 1575//1423 1592//1423 1576//1423
f 1592//1424 1593//1424 1576//1424
f 1576//1424 1593//1424 1577//1424
f 1593//1425 1594//1425 1577//1425
f 1577//1425 1594//1425 1578//1425
f 1594//1426 1595//1426 1578//1426
f 1578//1426 1595//1426 1579//1426
f 1595//1427 1596//1427 1579//1427
f 1579//1427 1596//1427 1580//1427
f 1596//1428 1597//1428 1580//1428
f 1580//1428 1597//1428 1581//1428
f 1597//1429 1598//1429 1581//1429
f 1581//1429 1598//1429 1582//1429
f 1598//1430 1599//1430 1582//1430
f 1582//1430 1599//1430 1583//1430
f 1599//1431 1600//1431 1583//1431
f 1583//1431 1600//1431 1584//1431
f 1600//1432 1601//1432 1584//1432
f 1584//1432 1601//1432 1585//1432
f 1601//1433 1602//1433 1585//1433
f 1585//1433 1602//1433 1586//1433
f 1602//1434 805//1434 1586//1434
f 1586//1434 805//1434 1587//1434
f 805//1435 804//1435 1587//1435
f 1587//1435 804//1435 1588//1435
f 966//791 967//791 969//791
f 967//1436 1603//1436 969//1436
f 969//1436 1603//1436 1589//1436
f 1603//1437 1604//1437 1589//1437
f 1589//1438 1604//1438 1590//1438
f 1604//1439 1605//1439 1590//1439
f 1590//1439 1605//1439 1591//1439
f 1605//1440 1606//1440 1591//1440
f 1591//1440 1606//1440 1592//1440
f 1606//1441 1607//1441 1592//1441
f 1592//1441 1607//1441 1593//1441
f 1607//1442 1608//1442 1593//1442
f 1593//1442 1608//1442 1594//1442
f 1608//1443 1609//1443 1594//1443
f 1594//1443 1609//1443 1595//1443
f 1609//1444 1610//1444 1595//1444
f 1595//1444 1610//1444 1596//1444
f 1610//1445 1611//1445 1596//1445
f 1596//1446 1611//1446 1597//1446
f 1611//1447 1612//1447 1597//1447
f 1597//1447 1612//1447 1598//1447
f 1612//1448 1613//1448 1598//1448
f 1598//1448 1613//1448 1599//1448
f 1613//1449 1614//1449 1599//1449
f 1599//1449 1614//1449 1600//1449
f 1614//1450 1615//1450 1600//1450
f 1600//1450 1615//1450 1601//1450
f 1615//1451 1616//1451 1601//1451
f 1601//1451 1616//1451 1602//1451
f 1616//1452 1617//1452 1602//1452
f 1602//1452 1617//1452 805//1452
f 1617//1453 1618//1453 805//1453
f 805//1454 1618//1454 803//1454
f 1619//1455 1620//1455 1621//1455
f 964//790 965//790 967//790
f 965//1456 1622//1456 967//1456
f 967//1456 1622//1456 1603//1456
f 1622//1457 1623//1457 1603//1457
f 1603//1457 1623//1457 1604//1457
f 1623//1458 1624//1458 1604//1458
f 1604//1458 1624//1458 1605//1458
f 1624//1459 1625//1459 1605//1459
f 1605//1459 1625//1459 1606//1459
f 1625//1460 1626//1460 1606//1460
f 1606//1460 1626//1460 1607//1460
f 1626//1461 1627//1461 1607//1461
f 1607//1461 1627//1461 1608//1461
f 1627//1462 1628//1462 1608//1462
f 1608//1462 1628//1462 1609//1462
f 1628//1463 1629//1463 1609//1463
f 1609//1463 1629//1463 1610//1463
f 1629//1464 1630//1464 1610//1464
f 1610//1464 1630//1464 1611//1464
f 1630//1465 1631//1465 1611//1465
f 1611//1465 1631//1465 1612//1465
f 1631//1466 1632//1466 1612//1466
f 1612//1466 1632//1466 1613//1466
f 1632//1467 1633//1467 1613//1467
f 1613//1467 1633//1467 1614//1467
f 1633//1468 1634//1468 1614//1468
f 1614//1468 1634//1468 1615//1468
f 1634//1469 1635//1469 1615//1469
f 1615//1469 1635//1469 1616//1469
f 1635//1470 1619//1470 1616//1470
f 1616//1470 1619//1470 1617//1470
f 1619//1471 1621//1471 1617//1471
f 1617//1472 1621//1472 1618//1472
f 962//789 963//789 965//789
f 963//1473 1636//1473 965//1473
f 965//1473 1636//1473 1622//1473
f 1636//1474 1637//1474 1622//1474
f 1622//1474 1637//1474 1623//1474
f 1637//1475 1638//1475 1623//1475
f 1623//1475 1638//1475 1624//1475
f 1638//1476 1639//1476 1624//1476
f 1624//1476 1639//1476 1625//1476
f 1639//1477 1640//1477 1625//1477
f 1625//1477 1640//1477 1626//1477
f 1640//1478 1641//1478 1626//1478
f 1626//1478 1641//1478 1627//1478
f 1641//1479 1642//1479 1627//1479
f 1627//1479 1642//1479 1628//1479
f 1642//1480 1643//1480 1628//1480
f 1628//1480 1643//1480 1629//1480
f 1643//1481 1644//1481 1629//1481
f 1629//1481 1644//1481 1630//1481
f 1644//1482 1645//1482 1630//1482
f 1630//1482 1645//1482 1631//1482
f 1645//1483 1646//1483 1631//1483
f 1631//1483 1646//1483 1632//1483
f 1646//1484 1647//1484 1632//1484
f 1632//1484 1647//1484 1633//1484
f 1647//1485 1648//1485 1633//1485
f 1633//1485 1648//1485 1634//1485
f 1648//1486 1649//1486 1634//1486
f 1634//1486 1649//1486 1635//1486
f 1649//1487 1650//1487 1635//1487
f 1635//1487 1650//1487 1619//1487
f 1650//1488 1651//1488 1619//1488
f 1619//1488 1651//1488 1620//1488
f 1652//1489 1653//1489 1654//1489
f 960//788 961//788 963//788
f 961//1490 1655//1490 963//1490
f 963//1490 1655//1490 1636//1490
f 1655//1491 1656//1491 1636//1491
f 1636//1492 1656//1492 1637//1492
f 1656//1493 1657//1493 1637//1493
f 1637//1493 1657//1493 1638//1493
f 1657//1494 1658//1494 1638//1494
f 1638//1494 1658//1494 1639//1494
f 1658//1495 1659//1495 1639//1495
f 1639//1495 1659//1495 1640//1495
f 1659//1496 1660//1496 1640//1496
f 1640//1496 1660//1496 1641//1496
f 1660//1497 1661//1497 1641//1497
f 1641//1498 1661//1498 1642//1498
f 1661//1499 1662//1499 1642//1499
f 1642//1499 1662//1499 1643//1499
f 1662//1500 1663//1500 1643//1500
f 1643//1500 1663//1500 1644//1500
f 1663//1501 1664//1501 1644//1501
f 1644//1501 1664//1501 1645//1501
f 1664//1502 1665//1502 1645//1502
f 1645//1502 1665//1502 1646//1502
f 1665//1503 1666//1503 1646//1503
f 1646//1503 1666//1503 1647//1503
f 1666//1504 1667//1504 1647//1504
f 1647//1504 1667//1504 1648//1504
f 1667//1505 1668//1505 1648//1505
f 1648//1505 1668//1505 1649//1505
f 1668//1506 1652//1506 1649//1506
f 1649//1506 1652//1506 1650//1506
f 1652//1507 1654//1507 1650//1507
f 1650//1508 1654//1508 1651//1508
f 958//787 959//787 961//787
f 959//1509 1669//1509 961//1509
f 961//1509 1669//1509 1655//1509
f 1669//1510 1670//1510 1655//1510
f 1655//1510 1670//1510 1656//1510
f 1670//1511 1671//1511 1656//1511
f 1656//1512 1671//1512 1657//1512
f 1671//1513 1672//1513 1657//1513
f 1657//1513 1672//1513 1658//1513
f 1672//1514 1673//1514 1658//1514
f 1658//1514 1673//1514 1659//1514
f 1673//1515 1674//1515 1659//1515
f 1659//1515 1674//1515 1660//1515
f 1674//1516 1675//1516 1660//1516
f 1660//1516 1675//1516 1661//1516
f 1675//1517 1676//1517 1661//1517
f 1661//1517 1676//1517 1662//1517
f 1676//1518 1677//1518 1662//1518
f 1662//1519 1677//1519 1663//1519
f 1677//1520 1678//1520 1663//1520
f 1663//1520 1678//1520 1664//1520
f 1678//1521 1679//1521 1664//1521
f 1664//1521 1679//1521 1665//1521
f 1679//1522 1680//1522 1665//1522
f 1665//1522 1680//1522 1666//1522
f 1680//1523 1681//1523 1666//1523
f 1666//1523 1681//1523 1667//1523
f 1681//1524 1682//1524 1667//1524
f 1667//1524 1682//1524 1668//1524
f 1682//1525 802//1525 1668//1525
f 1668//1525 802//1525 1652//1525
f 802//1526 801//1526 1652//1526
f 1652//1526 801//1526 1653//1526
f 956//786 957//786 959//786
f 957//1527 1683//1527 959//1527
f 959//1527 1683//1527 1669//1527
f 1683//1528 1684//1528 1669//1528
f 1669//1528 1684//1528 1670//1528
f 1684//1529 1685//1529 1670//1529
f 1670//1529 1685//1529 1671//1529
f 1685//1530 1686//1530 1671//1530
f 1671//1530 1686//1530 1672//1530
f 1686//1531 1687//1531 1672//1531
f 1672//1532 1687//1532 1673//1532
f 1687//1533 1688//1533 1673//1533
f 1673//1533 1688//1533 1674//1533
f 1688//1534 1689//1534 1674//1534
f 1674//1534 1689//1534 1675//1534
f 1689//1535 1690//1535 1675//1535
f 1675//1535 1690//1535 1676//1535
f 1690//1536 1691//1536 1676//1536
f 1676//1536 1691//1536 1677//1536
f 1691//1537 1692//1537 1677//1537
f 1677//1537 1692//1537 1678//1537
f 1692//1538 1693//1538 1678//1538
f 1678//1538 1693//1538 1679//1538
f 1693//1539 1694//1539 1679//1539
f 1679//1539 1694//1539 1680//1539
f 1694//1540 1695//1540 1680//1540
f 1680//1540 1695//1540 1681//1540
f 1695//1541 1696//1541 1681//1541
f 1681//1541 1696//1541 1682//1541
f 1696//1542 1697//1542 1682//1542
f 1682//1542 1697//1542 802//1542
f 1697//1543 1698//1543 802//1543
f 802//1544 1698//1544 800//1544
f 954//785 955//785 957//785
f 955//1545 1699//1545 957//1545
f 957//1545 1699//1545 1683//1545
f 1699//1546 1700//1546 1683//1546
f 1683//1546 1700//1546 1684//1546
f 1700//1547 1701//1547 1684//1547
f 1684//1547 1701//1547 1685//1547
f 1701//1548 1702//1548 1685//1548
f 1685//1548 1702//1548 1686//1548
f 1702//1549 1703//1549 1686//1549
f 1686//1549 1703//1549 1687//1549
f 1703//1550 1704//1550 1687//1550
f 1687//1550 1704//1550 1688//1550
f 1704//1551 1705//1551 1688//1551
f 1688//1551 1705//1551 1689//1551
f 1705//1552 1706//1552 1689//1552
f 1689//1552 1706//1552 1690//1552
f 1706//1553 1707//1553 1690//1553
f 1690//1553 1707//1553 1691//1553
f 1707//1554 1708//1554 1691//1554
f 1691//1554 1708//1554 1692//1554
f 1708//1555 1709//1555 1692//1555
f 1692//1555 1709//1555 1693//1555
f 1709//1556 1710//1556 1693//1556
f 1693//1556 1710//1556 1694//1556
f 1710//1557 1711//1557 1694//1557
f 1694//1557 1711//1557 1695//1557
f 1711//1558 1712//1558 1695//1558
f 1695//1558 1712//1558 1696//1558
f 1712//1559 799//1559 1696//1559
f 1696//1559 799//1559 1697//1559
f 799//1560 798//1560 1697//1560
f 1697//1560 798//1560 1698//1560
f 952//784 953//784 955//784
f 953//1561 1713//1561 955//1561
f 955//1561 1713//1561 1699//1561
f 1713//1562 1714//1562 1699//1562
f 1699//1562 1714//1562 1700//1562
f 1714//1563 1715//1563 1700//1563
f 1700//1563 1715//1563 1701//1563
f 1715//1564 1716//1564 1701//1564
f 1701//1564 1716//1564 1702//1564
f 1716//1565 1717//1565 1702//1565
f 1702//1565 1717//1565 1703//1565
f 1717//1566 1718//1566 1703//1566
f 1703//1566 1718//1566 1704//1566
f 1718//1567 1719//1567 1704//1567
f 1704//1567 1719//1567 1705//1567
f 1719//1568 1720//1568 1705//1568
f 1705//1568 1720//1568 1706//1568
f 1720//1569 1721//1569 1706//1569
f 1706//1569 1721//1569 1707//1569
f 1721//1570 1722//1570 1707//1570
f 1707//1570 1722//1570 1708//1570
f 1722//1571 1723//1571 1708//1571
f 1708//1571 1723//1571 1709//1571
f 1723//1572 1724//1572 1709//1572
f 1709//1572 1724//1572 1710//1572
f 1724//1573 1725//1573 1710//1573
f 1710//1573 1725//1573 1711//1573
f 1725//1574 1726//1574 1711//1574
f 1711//1574 1726//1574 1712//1574
f 1726//1575 1727//1575 1712//1575
f 1712//1575 1727//1575 799//1575
f 1727//1576 1728//1576 799//1576
f 799//1577 1728//1577 797//1577
f 1729//1578 1730//1578 1731//1578
f 950//783 951//783 953//783
f 951//1579 1732//1579 953//1579
f 953//1579 1732//1579 1713//1579
f 1732//1580 1733//1580 1713//1580
f 1713//1580 1733//1580 1714//1580
f 1733//1581 1734//1581 1714//1581
f 1714//1581 1734//1581 1715//1581
f 1734//1582 1735//1582 1715//1582
f 1715//1582 1735//1582 1716//1582
f 1735//1583 1736//1583 1716//1583
f 1716//1583 1736//1583 1717//1583
f 1736//1584 1737//1584 1717//1584
f 1717//1584 1737//1584 1718//1584
f 1737//1585 1738//1585 1718//1585
f 1718//1585 1738//1585 1719//1585
f 1738//1586 1739//1586 1719//1586
f 1719//1586 1739//1586 1720//1586
f 1739//1587 1740//1587 1720//1587
f 1720//1587 1740//1587 1721//1587
f 1740//1588 1741//1588 1721//1588
f 1721//1588 1741//1588 1722//1588
f 1741//1589 1742//1589 1722//1589
f 1722//1589 1742//1589 1723//1589
f 1742//1590 1743//1590 1723//1590
f 1723//1590 1743//1590 1724//1590
f 1743//1591 1744//1591 1724//1591
f 1724//1591 1744//1591 1725//1591
f 1744//1592 1745//1592 1725//1592
f 1725//1592 1745//1592 1726//1592
f 1745//1593 1729//1593 1726//1593
f 1726//1593 1729//1593 1727//1593
f 1729//1594 1731//1594 1727//1594
f 1727//1595 1731//1595 1728//1595
f 948//782 949//782 951//782
f 949//1596 1746//1596 951//1596
f 951//1596 1746//1596 1732//1596
f 1746//1597 1747//1597 1732//1597
f 1732//1597 1747//1597 1733//1597
f 1747//1598 1748//1598 1733//1598
f 1733//1598 1748//1598 1734//1598
f 1748//1599 1749//1599 1734//1599
f 1734//1599 1749//1599 1735//1599
f 1749//1600 1750//1600 1735//1600
f 1735//1600 1750//1600 1736//1600
f 1750//1601 1751//1601 1736//1601
f 1736//1601 1751//1601 1737//1601
f 1751//1602 1752//1602 1737//1602
f 1737//1602 1752//1602 1738//1602
f 1752//1603 1753//1603 1738//1603
f 1738//1603 1753//1603 1739//1603
f 1753//1604 1754//1604 1739//1604
f 1739//1604 1754//1604 1740//1604
f 1754//1605 1755//1605 1740//1605
f 1740//1605 1755//1605 1741//1605
f 1755//1606 1756//1606 1741//1606
f 1741//1606 1756//1606 1742//1606
f 1756//1607 1757//1607 1742//1607
f 1742//1607 1757//1607 1743//1607
f 1757//1608 1758//1608 1743//1608
f 1743//1608 1758//1608 1744//1608
f 1758//1609 1759//1609 1744//1609
f 1744//1609 1759//1609 1745//1609
f 1759//1610 1760//1610 1745//1610
f 1745//1611 1760//1611 1729//1611
f 1760//1612 1761//1612 1729//1612
f 1729//1612 1761//1612 1730//1612
f 1762//1613 1763//1613 1764//1613
f 946//781 947//781 949//781
f 947//1614 1765//1614 949//1614
f 949//1614 1765//1614 1746//1614
f 1765//1615 1766//1615 1746//1615
f 1746//1615 1766//1615 1747//1615
f 1766//1616 1767//1616 1747//1616
f 1747//1616 1767//1616 1748//1616
f 1767//1617 1768//1617 1748//1617
f 1748//1617 1768//1617 1749//1617
f 1768//1618 1769//1618 1749//1618
f 1749//1618 1769//1618 1750//1618
f 1769//1619 1770//1619 1750//1619
f 1750//1619 1770//1619 1751//1619
f 1770//1620 1771//1620 1751//1620
f 1751//1620 1771//1620 1752//1620
f 1771//1621 1772//1621 1752//1621
f 1752//1621 1772//1621 1753//1621
f 1772//1622 1773//1622 1753//1622
f 1753//1622 1773//1622 1754//1622
f 1773//1623 1774//1623 1754//1623
f 1754//1623 1774//1623 1755//1623
f 1774//1624 1775//1624 1755//1624
f 1755//1624 1775//1624 1756//1624
f 1775//1625 1776//1625 1756//1625
f 1756//1625 1776//1625 1757//1625
f 1776//1626 1777//1626 1757//1626
f 1757//1626 1777//1626 1758//1626
f 1777//1627 1778//1627 1758//1627
f 1758//1627 1778//1627 1759//1627
f 1778//1628 1762//1628 1759//1628
f 1759//1628 1762//1628 1760//1628
f 1762//1629 1764//1629 1760//1629
f 1760//1630 1764//1630 1761//1630
f 944//780 945//780 947//780
f 945//1631 1779//1631 947//1631
f 947//1631 1779//1631 1765//1631
f 1779//1632 1780//1632 1765//1632
f 1765//1632 1780//1632 1766//1632
f 1780//1633 1781//1633 1766//1633
f 1766//1633 1781//1633 1767//1633
f 1781//1634 1782//1634 1767//1634
f 1767//1634 1782//1634 1768//1634
f 1782//1635 1783//1635 1768//1635
f 1768//1635 1783//1635 1769//1635
f 1783//1636 1784//1636 1769//1636
f 1769//1636 1784//1636 1770//1636
f 1784//1637 1785//1637 1770//1637
f 1770//1637 1785//1637 1771//1637
f 1785//1638 1786//1638 1771//1638
f 1771//1638 1786//1638 1772//1638
f 1786//1639 1787//1639 1772//1639
f 1772//1639 1787//1639 1773//1639
f 1787//1640 1788//1640 1773//1640
f 1773//1640 1788//1640 1774//1640
f 1788//1641 1789//1641 1774//1641
f 1774//1641 1789//1641 1775//1641
f 1789//1642 1790//1642 1775//1642
f 1775//1642 1790//1642 1776//1642
f 1790//1643 1791//1643 1776//1643
f 1776//1643 1791//1643 1777//1643
f 1791//1644 1792//1644 1777//1644
f 1777//1644 1792//1644 1778//1644
f 1792//1645 796//1645 1778//1645
f 1778//1645 796//1645 1762//1645
f 796//1646 795//1646 1762//1646
f 1762//1646 795//1646 1763//1646
f 942//779 943//779 945//779
f 943//1647 1793//1647 945//1647
f 945//1647 1793//1647 1779//1647
f 1793//1648 1794//1648 1779//1648
f 1779//1648 1794//1648 1780//1648
f 1794//1649 1795//1649 1780//1649
f 1780//1649 1795//1649 1781//1649
f 1795//1650 1796//1650 1781//1650
f 1781//1650 1796//1650 1782//1650
f 1796//1651 1797//1651 1782//1651
f 1782//1651 1797//1651 1783//1651
f 1797//1652 1798//1652 1783//1652
f 1783//1652 1798//1652 1784//1652
f 1798//1653 1799//1653 1784//1653
f 1784//1653 1799//1653 1785//1653
f 1799//1654 1800//1654 1785//1654
f 1785//1654 1800//1654 1786//1654
f 1800//1655 1801//1655 1786//1655
f 1786//1655 1801//1655 1787//1655
f 1801//1656 1802//1656 1787//1656
f 1787//1656 1802//1656 1788//1656
f 1802//1657 1803//1657 1788//1657
f 1788//1657 1803//1657 1789//1657
f 1803//1658 1804//1658 1789//1658
f 1789//1658 1804//1658 1790//1658
f 1804//1659 1805//1659 1790//1659
f 1790//1659 1805//1659 1791//1659
f 1805//1660 1806//1660 1791//1660
f 1791//1660 1806//1660 1792//1660
f 1806//1661 1807//1661 1792//1661
f 1792//1661 1807//1661 796//1661
f 1807//1662 1808//1662 796//1662
f 796//1663 1808//1663 794//1663
f 940//778 941//778 943//778
f 941//1664 1809//1664 943//1664
f 943//1664 1809//1664 1793//1664
f 1809//1665 1810//1665 1793//1665
f 1793//1665 1810//1665 1794//1665
f 1810//1666 1811//1666 1794//1666
f 1794//1666 1811//1666 1795//1666
f 1811//1667 1812//1667 1795//1667
f 1795//1667 1812//1667 1796//1667
f 1812//1668 1813//1668 1796//1668
f 1796//1668 1813//1668 1797//1668
f 1813//1669 1814//1669 1797//1669
f 1797//1669 1814//1669 1798//1669
f 1814//1670 1815//1670 1798//1670
f 1798//1670 1815//1670 1799//1670
f 1815//1671 1816//1671 1799//1671
f 1799//1671 1816//1671 1800//1671
f 1816//1672 1817//1672 1800//1672
f 1800//1672 1817//1672 1801//1672
f 1817//1673 1818//1673 1801//1673
f 1801//1673 1818//1673 1802//1673
f 1818//1674 1819//1674 1802//1674
f 1802//1674 1819//1674 1803//1674
f 1819//1675 1820//1675 1803//1675
f 1803//1675 1820//1675 1804//1675
f 1820//1676 1821//1676 1804//1676
f 1804//1676 1821//1676 1805//1676
f 1821//1677 1822//1677 1805//1677
f 1805//1677 1822//1677 1806//1677
f 1822//1678 793//1678 1806//1678
f 1806//1678 793//1678 1807//1678
f 793//1679 792//1679 1807//1679
f 1807//1679 792//1679 1808//1679
f 938//777 939//777 941//777
f 939//1680 1823//1680 941//1680
f 941//1680 1823//1680 1809//1680
f 1823//1681 1824//1681 1809//1681
f 1809//1681 1824//1681 1810//1681
f 1824//1682 1825//1682 1810//1682
f 1810//1682 1825//1682 1811//1682
f 1825//1683 1826//1683 1811//1683
f 1811//1683 1826//1683 1812//1683
f 1826//1684 1827//1684 1812//1684
f 1812//1684 1827//1684 1813//1684
f 1827//1685 1828//1685 1813//1685
f 1813//1685 1828//1685 1814//1685
f 1828//1686 1829//1686 1814//1686
f 1814//1686 1829//1686 1815//1686
f 1829//1687 1830//1687 1815//1687
f 1815//1687 1830//1687 1816//1687
f 1830//1688 1831//1688 1816//1688
f 1816//1688 1831//1688 1817//1688
f 1831//1689 1832//1689 1817//1689
f 1817//1689 1832//1689 1818//1689
f 1832//1690 1833//1690 1818//1690
f 1818//1690 1833//1690 1819//1690
f 1833//1691 1834//1691 1819//1691
f 1819//1691 1834//1691 1820//1691
f 1834//1692 1835//1692 1820//1692
f 1820//1692 1835//1692 1821//1692
f 1835//1693 1836//1693 1821//1693
f 1821//1693 1836//1693 1822//1693
f 1836//1694 1837//1694 1822//1694
f 1822//1694 1837//1694 793//1694
f 1837//1695 1838//1695 793//1695
f 793//1696 1838//1696 791//1696
f 936//776 937//776 939//776
f 937//1697 1839//1697 939//1697
f 939//1697 1839//1697 1823//1697
f 1839//1698 1840//1698 1823//1698
f 1823//1698 1840//1698 1824//1698
f 1840//1699 1841//1699 1824//1699
f 1824//1699 1841//1699 1825//1699
f 1841//1700 1842//1700 1825//1700
f 1825//1700 1842//1700 1826//1700
f 1842//1701 1843//1701 1826//1701
f 1826//1701 1843//1701 1827//1701
f 1843//1702 1844//1702 1827//1702
f 1827//1702 1844//1702 1828//1702
f 1844//1703 1845//1703 1828//1703
f 1828//1703 1845//1703 1829//1703
f 1845//1704 1846//1704 1829//1704
f 1829//1704 1846//1704 1830//1704
f 1846//1705 1847//1705 1830//1705
f 1830//1705 1847//1705 1831//1705
f 1847//1706 1848//1706 1831//1706
f 1831//1706 1848//1706 1832//1706
f 1848//1707 1849//1707 1832//1707
f 1832//1707 1849//1707 1833//1707
f 1849//1708 1850//1708 1833//1708
f 1833//1708 1850//1708 1834//1708
f 1850//1709 1851//1709 1834//1709
f 1834//1709 1851//1709 1835//1709
f 1851//1710 1852//1710 1835//1710
f 1835//1710 1852//1710 1836//1710
f 1852//1711 1853//1711 1836//1711
f 1836//1711 1853//1711 1837//1711
f 1853//1712 1854//1712 1837//1712
f 1837//1712 1854//1712 1838//1712
f 934//775 935//775 937//775
f 935//1713 1855//1713 937//1713
f 937//1713 1855//1713 1839//1713
f 1855//1714 1856//1714 1839//1714
f 1839//1714 1856//1714 1840//1714
f 1856//1715 1857//1715 1840//1715
f 1840//1715 1857//1715 1841//1715
f 1857//1716 1858//1716 1841//1716
f 1841//1716 1858//1716 1842//1716
f 1858//1717 1859//1717 1842//1717
f 1842//1717 1859//1717 1843//1717
f 1859//1718 1860//1718 1843//1718
f 1843//1718 1860//1718 1844//1718
f 1860//1719 1861//1719 1844//1719
f 1844//1719 1861//1719 1845//1719
f 1861//1720 1862//1720 1845//1720
f 1845//1720 1862//1720 1846//1720
f 1862//1721 1863//1721 1846//1721
f 1846//1721 1863//1721 1847//1721
f 1863//1722 1864//1722 1847//1722
f 1847//1722 1864//1722 1848//1722
f 1864//1723 1865//1723 1848//1723
f 1848//1723 1865//1723 1849//1723
f 1865//1724 1866//1724 1849//1724
f 1849//1724 1866//1724 1850//1724
f 1866//1725 1867//1725 1850//1725
f 1850//1725 1867//1725 1851//1725
f 1867//1726 1868//1726 1851//1726
f 1851//1726 1868//1726 1852//1726
f 1868//1727 1869//1727 1852//1727
f 1852//1727 1869//1727 1853//1727
f 1869//1728 1870//1728 1853//1728
f 1853//1728 1870//1728 1854//1728
f 1871//1729 1872//1729 1873//1729
f 932//774 933//774 935//774
f 933//1730 1874//1730 935//1730
f 935//1730 1874//1730 1855//1730
f 1874//1731 1875//1731 1855//1731
f 1855//1731 1875//1731 1856//1731
f 1875//1732 1876//1732 1856//1732
f 1856//1732 1876//1732 1857//1732
f 1876//1733 1877//1733 1857//1733
f 1857//1733 1877//1733 1858//1733
f 1877//1734 1878//1734 1858//1734
f 1858//1734 1878//1734 1859//1734
f 1878//1735 1879//1735 1859//1735
f 1859//1735 1879//1735 1860//1735
f 1879//1736 1880//1736 1860//1736
f 1860//1736 1880//1736 1861//1736
f 1880//1737 1881//1737 1861//1737
f 1861//1737 1881//1737 1862//1737
f 1881//1738 1882//1738 1862//1738
f 1862//1738 1882//1738 1863//1738
f 1882//1739 1883//1739 1863//1739
f 1863//1739 1883//1739 1864//1739
f 1883//1740 1884//1740 1864//1740
f 1864//1740 1884//1740 1865//1740
f 1884//1741 1885//1741 1865//1741
f 1865//1741 1885//1741 1866//1741
f 1885//1742 1886//1742 1866//1742
f 1866//1742 1886//1742 1867//1742
f 1886//1743 1887//1743 1867//1743
f 1867//1743 1887//1743 1868//1743
f 1887//1744 1871//1744 1868//1744
f 1868//1744 1871//1744 1869//1744
f 1871//1745 1873//1745 1869//1745
f 1869//1746 1873//1746 1870//1746
f 930//773 931//773 933//773
f 931//1747 1888//1747 933//1747
f 933//1747 1888//1747 1874//1747
f 1888//1748 1889//1748 1874//1748
f 1874//1748 1889//1748 1875//1748
f 1889//1749 1890//1749 1875//1749
f 1875//1749 1890//1749 1876//1749
f 1890//1750 1891//1750 1876//1750
f 1876//1750 1891//1750 1877//1750
f 1891//1751 1892//1751 1877//1751
f 1877//1751 1892//1751 1878//1751
f 1892//1752 1893//1752 1878//1752
f 1878//1752 1893//1752 1879//1752
f 1893//1753 1894//1753 1879//1753
f 1879//1753 1894//1753 1880//1753
f 1894//1754 1895//1754 1880//1754
f 1880//1754 1895//1754 1881//1754
f 1895//1755 1896//1755 1881//1755
f 1881//1755 1896//1755 1882//1755
f 1896//1756 1897//1756 1882//1756
f 1882//1756 1897//1756 1883//1756
f 1897//1757 1898//1757 1883//1757
f 1883//1757 1898//1757 1884//1757
f 1898//1758 1899//1758 1884//1758
f 1884//1758 1899//1758 1885//1758
f 1899//1759 1900//1759 1885//1759
f 1885//1759 1900//1759 1886//1759
f 1900//1760 1901//1760 1886//1760
f 1886//1760 1901//1760 1887//1760
f 1901//1761 1902//1761 1887//1761
f 1887//1761 1902//1761 1871//1761
f 1902//1762 1903//1762 1871//1762
f 1871//1762 1903//1762 1872//1762
f 1904//1763 1905//1763 1906//1763
f 928//772 929//772 931//772
f 929//1764 1907//1764 931//1764
f 931//1764 1907//1764 1888//1764
f 1907//1765 1908//1765 1888//1765
f 1888//1765 1908//1765 1889//1765
f 1908//1766 1909//1766 1889//1766
f 1889//1766 1909//1766 1890//1766
f 1909//1767 1910//1767 1890//1767
f 1890//1767 1910//1767 1891//1767
f 1910//1768 1911//1768 1891//1768
f 1891//1768 1911//1768 1892//1768
f 1911//1769 1912//1769 1892//1769
f 1892//1769 1912//1769 1893//1769
f 1912//1770 1913//1770 1893//1770
f 1893//1770 1913//1770 1894//1770
f 1913//1771 1914//1771 1894//1771
f 1894//1771 1914//1771 1895//1771
f 1914//1772 1915//1772 1895//1772
f 1895//1772 1915//1772 1896//1772
f 1915//1773 1916//1773 1896//1773
f 1896//1773 1916//1773 1897//1773
f 1916//1774 1917//1774 1897//1774
f 1897//1774 1917//1774 1898//1774
f 1917//1775 1918//1775 1898//1775
f 1898//1775 1918//1775 1899//1775
f 1918//1776 1919//1776 1899//1776
f 1899//1776 1919//1776 1900//1776
f 1919//1777 1920//1777 1900//1777
f 1900//1777 1920//1777 1901//1777
f 1920//1778 1904//1778 1901//1778
f 1901//1778 1904//1778 1902//1778
f 1904//1779 1906//1779 1902//1779
f 1902//1780 1906//1780 1903//1780
f 926//771 927//771 929//771
f 927//1781 1921//1781 929//1781
f 929//1781 1921//1781 1907//1781
f 1921//1782 1922//1782 1907//1782
f 1907//1782 1922//1782 1908//1782
f 1922//1783 1923//1783 1908//1783
f 1908//1783 1923//1783 1909//1783
f 1923//1784 1924//1784 1909//1784
f 1909//1784 1924//1784 1910//1784
f 1924//1785 1925//1785 1910//1785
f 1910//1785 1925//1785 1911//1785
f 1925//1786 1926//1786 1911//1786
f 1911//1786 1926//1786 1912//1786
f 1926//1787 1927//1787 1912//1787
f 1912//1787 1927//1787 1913//1787
f 1927//1788 1928//1788 1913//1788
f 1913//1788 1928//1788 1914//1788
f 1928//1789 1929//1789 1914//1789
f 1914//1789 1929//1789 1915//1789
f 1929//1790 1930//1790 1915//1790
f 1915//1790 1930//1790 1916//1790
f 1930//1791 1931//1791 1916//1791
f 1916//1791 1931//1791 1917//1791
f 1931//1792 1932//1792 1917//1792
f 1917//1792 1932//1792 1918//1792
f 1932//1793 1933//1793 1918//1793
f 1918//1793 1933//1793 1919//1793
f 1933//1794 1934//1794 1919//1794
f 1919//1794 1934//1794 1920//1794
f 1934//1795 790//1795 1920//1795
f 1920//1795 790//1795 1904//1795
f 790//1796 789//1796 1904//1796
f 1904//1796 789//1796 1905//1796
f 924//770 925//770 927//770
f 925//1797 1935//1797 927//1797
f 927//1797 1935//1797 1921//1797
f 1935//1798 1936//1798 1921//1798
f 1921//1798 1936//1798 1922//1798
f 1936//1799 1937//1799 1922//1799
f 1922//1799 1937//1799 1923//1799
f 1937//1800 1938//1800 1923//1800
f 1923//1800 1938//1800 1924//1800
f 1938//1801 1939//1801 1924//1801
f 1924//1801 1939//1801 1925//1801
f 1939//1802 1940//1802 1925//1802
f 1925//1802 1940//1802 1926//1802
f 1940//1803 1941//1803 1926//1803
f 1926//1803 1941//1803 1927//1803
f 1941//1804 1942//1804 1927//1804
f 1927//1804 1942//1804 1928//1804
f 1942//1805 1943//1805 1928//1805
f 1928//1805 1943//1805 1929//1805
f 1943//1806 1944//1806 1929//1806
f 1929//1806 1944//1806 1930//1806
f 1944//1807 1945//1807 1930//1807
f 1930//1807 1945//1807 1931//1807
f 1945//1808 1946//1808 1931//1808
f 1931//1808 1946//1808 1932//1808
f 1946//1809 1947//1809 1932//1809
f 1932//1809 1947//1809 1933//1809
f 1947//1810 1948//1810 1933//1810
f 1933//1810 1948//1810 1934//1810
f 1948//1811 1949//1811 1934//1811
f 1934//1811 1949//1811 790//1811
f 1949//1812 1950//1812 790//1812
f 790//1813 1950//1813 788//1813
f 922//769 923//769 925//769
f 923//1814 1951//1814 925//1814
f 925//1814 1951//1814 1935//1814
f 1951//1815 1952//1815 1935//1815
f 1935//1815 1952//1815 1936//1815
f 1952//1816 1953//1816 1936//1816
f 1936//1816 1953//1816 1937//1816
f 1953//1817 1954//1817 1937//1817
f 1937//1817 1954//1817 1938//1817
f 1954//1818 1955//1818 1938//1818
f 1938//1818 1955//1818 1939//1818
f 1955//1819 1956//1819 1939//1819
f 1939//1819 1956//1819 1940//1819
f 1956//1820 1957//1820 1940//1820
f 1940//1820 1957//1820 1941//1820
f 1957//1821 1958//1821 1941//1821
f 1941//1821 1958//1821 1942//1821
f 1958//1822 1959//1822 1942//1822
f 1942//1822 1959//1822 1943//1822
f 1959//1823 1960//1823 1943//1823
f 1943//1823 1960//1823 1944//1823
f 1960//1824 1961//1824 1944//1824
f 1944//1824 1961//1824 1945//1824
f 1961//1825 1962//1825 1945//1825
f 1945//1825 1962//1825 1946//1825
f 1962//1826 1963//1826 1946//1826
f 1946//1826 1963//1826 1947//1826
f 1963//1827 1964//1827 1947//1827
f 1947//1827 1964//1827 1948//1827
f 1964//1828 787//1828 1948//1828
f 1948//1829 787//1829 1949//1829
f 787//1830 786//1830 1949//1830
f 1949//1830 786//1830 1950//1830
f 920//768 921//768 923//768
f 921//1831 1965//1831 923//1831
f 923//1831 1965//1831 1951//1831
f 1965//1832 1966//1832 1951//1832
f 1951//1832 1966//1832 1952//1832
f 1966//1833 1967//1833 1952//1833
f 1952//1833 1967//1833 1953//1833
f 1967//1834 1968//1834 1953//1834
f 1953//1834 1968//1834 1954//1834
f 1968//1835 1969//1835 1954//1835
f 1954//1835 1969//1835 1955//1835
f 1969//1836 1970//1836 1955//1836
f 1955//1836 1970//1836 1956//1836
f 1970//1837 1971//1837 1956//1837
f 1956//1837 1971//1837 1957//1837
f 1971//1838 1972//1838 1957//1838
f 1957//1838 1972//1838 1958//1838
f 1972//1839 1973//1839 1958//1839
f 1958//1839 1973//1839 1959//1839
f 1973//1840 1974//1840 1959//1840
f 1959//1840 1974//1840 1960//1840
f 1974//1841 1975//1841 1960//1841
f 1960//1842 1975//1842 1961//1842
f 1975//1843 1976//1843 1961//1843
f 1961//1843 1976//1843 1962//1843
f 1976//1844 1977//1844 1962//1844
f 1962//1844 1977//1844 1963//1844
f 1977//1845 1978//1845 1963//1845
f 1963//1845 1978//1845 1964//1845
f 1978//1846 1979//1846 1964//1846
f 1964//1846 1979//1846 787//1846
f 1979//1847 1980//1847 787//1847
f 787//1848 1980//1848 785//1848
f 1981//1849 1982//1849 1983//1849
f 918//767 919//767 921//767
f 919//1850 1984//1850 921//1850
f 921//1850 1984//1850 1965//1850
f 1984//1851 1985//1851 1965//1851
f 1965//1851 1985//1851 1966//1851
f 1985//1852 1986//1852 1966//1852
f 1966//1852 1986//1852 1967//1852
f 1986//1853 1987//1853 1967//1853
f 1967//1853 1987//1853 1968//1853
f 1987//1854 1988//1854 1968//1854
f 1968//1854 1988//1854 1969//1854
f 1988//1855 1989//1855 1969//1855
f 1969//1855 1989//1855 1970//1855
f 1989//1856 1990//1856 1970//1856
f 1970//1856 1990//1856 1971//1856
f 1990//1857 1991//1857 1971//1857
f 1971//1857 1991//1857 1972//1857
f 1991//1858 1992//1858 1972//1858
f 1972//1858 1992//1858 1973//1858
f 1992//1859 1993//1859 1973//1859
f 1973//1859 1993//1859 1974//1859
f 1993//1860 1994//1860 1974//1860
f 1974//1860 1994//1860 1975//1860
f 1994//1861 1995//1861 1975//1861
f 1975//1861 1995//1861 1976//1861
f 1995//1862 1996//1862 1976//1862
f 1976//1862 1996//1862 1977//1862
f 1996//1863 1997//1863 1977//1863
f 1977//1863 1997//1863 1978//1863
f 1997//1864 1981//1864 1978//1864
f 1978//1864 1981//1864 1979//1864
f 1981//1865 1983//1865 1979//1865
f 1979//1866 1983//1866 1980//1866
f 916//766 917//766 919//766
f 917//1867 1998//1867 919//1867
f 919//1868 1998//1868 1984//1868
f 1998//1869 1999//1869 1984//1869
f 1984//1869 1999//1869 1985//1869
f 1999//1870 2000//1870 1985//1870
f 1985//1870 2000//1870 1986//1870
f 2000//1871 2001//1871 1986//1871
f 1986//1871 2001//1871 1987//1871
f 2001//1872 2002//1872 1987//1872
f 1987//1872 2002//1872 1988//1872
f 2002//1873 2003//1873 1988//1873
f 1988//1873 2003//1873 1989//1873
f 2003//1874 2004//1874 1989//1874
f 1989//1874 2004//1874 1990//1874
f 2004//1875 2005//1875 1990//1875
f 1990//1875 2005//1875 1991//1875
f 2005//1876 2006//1876 1991//1876
f 1991//1876 2006//1876 1992//1876
f 2006//1877 2007//1877 1992//1877
f 1992//1877 2007//1877 1993//1877
f 2007//1878 2008//1878 1993//1878
f 1993//1878 2008//1878 1994//1878
f 2008//1879 2009//1879 1994//1879
f 1994//1879 2009//1879 1995//1879
f 2009//1880 2010//1880 1995//1880
f 1995//1880 2010//1880 1996//1880
f 2010//1881 2011//1881 1996//1881
f 1996//1881 2011//1881 1997//1881
f 2011//1882 2012//1882 1997//1882
f 1997//1882 2012//1882 1981//1882
f 2012//1883 2013//1883 1981//1883
f 1981//1883 2013//1883 1982//1883
f 2014//1884 2015//1884 2016//1884
f 914//765 915//765 917//765
f 915//1885 2017//1885 917//1885
f 917//1885 2017//1885 1998//1885
f 2017//1886 2018//1886 1998//1886
f 1998//1886 2018//1886 1999//1886
f 2018//1887 2019//1887 1999//1887
f 1999//1887 2019//1887 2000//1887
f 2019//1888 2020//1888 2000//1888
f 2000//1888 2020//1888 2001//1888
f 2020//1889 2021//1889 2001//1889
f 2001//1890 2021//1890 2002//1890
f 2021//1891 2022//1891 2002//1891
f 2002//1891 2022//1891 2003//1891
f 2022//1892 2023//1892 2003//1892
f 2003//1892 2023//1892 2004//1892
f 2023//1893 2024//1893 2004//1893
f 2004//1893 2024//1893 2005//1893
f 2024//1894 2025//1894 2005//1894
f 2005//1894 2025//1894 2006//1894
f 2025//1895 2026//1895 2006//1895
f 2006//1895 2026//1895 2007//1895
f 2026//1896 2027//1896 2007//1896
f 2007//1896 2027//1896 2008//1896
f 2027//1897 2028//1897 2008//1897
f 2008//1897 2028//1897 2009//1897
f 2028//1898 2029//1898 2009//1898
f 2009//1898 2029//1898 2010//1898
f 2029//1899 2030//1899 2010//1899
f 2010//1899 2030//1899 2011//1899
f 2030//1900 2014//1900 2011//1900
f 2011//1900 2014//1900 2012//1900
f 2014//1901 2016//1901 2012//1901
f 2012//1902 2016//1902 2013//1902
f 912//764 913//764 915//764
f 913//1903 2031//1903 915//1903
f 915//1903 2031//1903 2017//1903
f 2031//1904 2032//1904 2017//1904
f 2017//1904 2032//1904 2018//1904
f 2032//1905 2033//1905 2018//1905
f 2018//1905 2033//1905 2019//1905
f 2033//1906 2034//1906 2019//1906
f 2019//1906 2034//1906 2020//1906
f 2034//1907 2035//1907 2020//1907
f 2020//1907 2035//1907 2021//1907
f 2035//1908 2036//1908 2021//1908
f 2021//1908 2036//1908 2022//1908
f 2036//1909 2037//1909 2022//1909
f 2022//1909 2037//1909 2023//1909
f 2037//1910 2038//1910 2023//1910
f 2023//1910 2038//1910 2024//1910
f 2038//1911 2039//1911 2024//1911
f 2024//1912 2039//1912 2025//1912
f 2039//1913 2040//1913 2025//1913
f 2025//1913 2040//1913 2026//1913
f 2040//1914 2041//1914 2026//1914
f 2026//1914 2041//1914 2027//1914
f 2041//1915 2042//1915 2027//1915
f 2027//1915 2042//1915 2028//1915
f 2042//1916 2043//1916 2028//1916
f 2028//1916 2043//1916 2029//1916
f 2043//1917 2044//1917 2029//1917
f 2029//1917 2044//1917 2030//1917
f 2044//1918 784//1918 2030//1918
f 2030//1918 784//1918 2014//1918
f 784//1919 783//1919 2014//1919
f 2014//1919 783//1919 2015//1919
f 910//763 911//763 913//763
f 911//1920 2045//1920 913//1920
f 913//1920 2045//1920 2031//1920
f 2045//1921 2046//1921 2031//1921
f 2031//1922 2046//1922 2032//1922
f 2046//1923 2047//1923 2032//1923
f 2032//1923 2047//1923 2033//1923
f 2047//1924 2048//1924 2033//1924
f 2033//1924 2048//1924 2034//1924
f 2048//1925 2049//1925 2034//1925
f 2034//1925 2049//1925 2035//1925
f 2049//1926 2050//1926 2035//1926
f 2035//1927 2050//1927 2036//1927
f 2050//1928 2051//1928 2036//1928
f 2036//1929 2051//1929 2037//1929
f 2051//1930 2052//1930 2037//1930
f 2037//1930 2052//1930 2038//1930
f 2052//1931 2053//1931 2038//1931
f 2038//1931 2053//1931 2039//1931
f 2053//1932 2054//1932 2039//1932
f 2039//1932 2054//1932 2040//1932
f 2054//1933 2055//1933 2040//1933
f 2040//1933 2055//1933 2041//1933
f 2055//1934 2056//1934 2041//1934
f 2041//1934 2056//1934 2042//1934
f 2056//1935 2057//1935 2042//1935
f 2042//1935 2057//1935 2043//1935
f 2057//1936 2058//1936 2043//1936
f 2043//1936 2058//1936 2044//1936
f 2058//1937 2059//1937 2044//1937
f 2044//1937 2059//1937 784//1937
f 2059//1938 2060//1938 784//1938
f 784//1939 2060//1939 782//1939
f 908//762 909//762 911//762
f 909//1940 2061//1940 911//1940
f 911//1940 2061//1940 2045//1940
f 2061//1941 2062//1941 2045//1941
f 2045//1941 2062//1941 2046//1941
f 2062//1942 2063//1942 2046//1942
f 2046//1942 2063//1942 2047//1942
f 2063//1943 2064//1943 2047//1943
f 2047//1943 2064//1943 2048//1943
f 2064//1944 2065//1944 2048//1944
f 2048//1944 2065//1944 2049//1944
f 2065//1945 2066//1945 2049//1945
f 2049//1945 2066//1945 2050//1945
f 2066//1946 2067//1946 2050//1946
f 2050//1946 2067//1946 2051//1946
f 2067//1947 2068//1947 2051//1947
f 2051//1947 2068//1947 2052//1947
f 2068//1948 2069//1948 2052//1948
f 2052//1948 2069//1948 2053//1948
f 2069//1949 2070//1949 2053//1949
f 2053//1949 2070//1949 2054//1949
f 2070//1950 2071//1950 2054//1950
f 2054//1950 2071//1950 2055//1950
f 2071//1951 2072//1951 2055//1951
f 2055//1951 2072//1951 2056//1951
f 2072//1952 2073//1952 2056//1952
f 2056//1952 2073//1952 2057//1952
f 2073//1953 2074//1953 2057//1953
f 2057//1953 2074//1953 2058//1953
f 2074//1954 781//1954 2058//1954
f 2058//1954 781//1954 2059//1954
f 781//1955 780//1955 2059//1955
f 2059//1955 780//1955 2060//1955
f 906//761 907//761 909//761
f 907//1956 2075//1956 909//1956
f 909//1956 2075//1956 2061//1956
f 2075//1957 2076//1957 2061//1957
f 2061//1957 2076//1957 2062//1957
f 2076//1958 2077//1958 2062//1958
f 2062//1958 2077//1958 2063//1958
f 2077//1959 2078//1959 2063//1959
f 2063//1959 2078//1959 2064//1959
f 2078//1960 2079//1960 2064//1960
f 2064//1960 2079//1960 2065//1960
f 2079//1961 2080//1961 2065//1961
f 2065//1961 2080//1961 2066//1961
f 2080//1962 2081//1962 2066//1962
f 2066//1962 2081//1962 2067//1962
f 2081//1963 2082//1963 2067//1963
f 2067//1963 2082//1963 2068//1963
f 2082//1964 2083//1964 2068//1964
f 2068//1964 2083//1964 2069//1964
f 2083//1965 2084//1965 2069//1965
f 2069//1965 2084//1965 2070//1965
f 2084//1966 2085//1966 2070//1966
f 2070//1966 2085//1966 2071//1966
f 2085//1967 2086//1967 2071//1967
f 2071//1967 2086//1967 2072//1967
f 2086//1968 2087//1968 2072//1968
f 2072//1968 2087//1968 2073//1968
f 2087//1969 2088//1969 2073//1969
f 2073//1969 2088//1969 2074//1969
f 2088//1970 2089//1970 2074//1970
f 2074//1970 2089//1970 781//1970
f 2089//1971 2090//1971 781//1971
f 781//1972 2090//1972 779//1972
f 2091//1973 2092//1973 2093//1973
f 904//760 905//760 907//760
f 905//1974 2094//1974 907//1974
f 907//1974 2094//1974 2075//1974
f 2094//1975 2095//1975 2075//1975
f 2075//1976 2095//1976 2076//1976
f 2095//1977 2096//1977 2076//1977
f 2076//1977 2096//1977 2077//1977
f 2096//1978 2097//1978 2077//1978
f 2077//1978 2097//1978 2078//1978
f 2097//1979 2098//1979 2078//1979
f 2078//1979 2098//1979 2079//1979
f 2098//1980 2099//1980 2079//1980
f 2079//1980 2099//1980 2080//1980
f 2099//1981 2100//1981 2080//1981
f 2080//1981 2100//1981 2081//1981
f 2100//1982 2101//1982 2081//1982
f 2081//1982 2101//1982 2082//1982
f 2101//1983 2102//1983 2082//1983
f 2082//1984 2102//1984 2083//1984
f 2102//1985 2103//1985 2083//1985
f 2083//1985 2103//1985 2084//1985
f 2103//1986 2104//1986 2084//1986
f 2084//1986 2104//1986 2085//1986
f 2104//1987 2105//1987 2085//1987
f 2085//1987 2105//1987 2086//1987
f 2105//1988 2106//1988 2086//1988
f 2086//1988 2106//1988 2087//1988
f 2106//1989 2107//1989 2087//1989
f 2087//1989 2107//1989 2088//1989
f 2107//1990 2091//1990 2088//1990
f 2088//1990 2091//1990 2089//1990
f 2091//1991 2093//1991 2089//1991
f 2089//1992 2093//1992 2090//1992
f 902//759 903//759 905//759
f 903//1993 2108//1993 905//1993
f 905//1993 2108//1993 2094//1993
f 2108//1994 2109//1994 2094//1994
f 2094//1994 2109//1994 2095//1994
f 2109//1995 2110//1995 2095//1995
f 2095//1995 2110//1995 2096//1995
f 2110//1996 2111//1996 2096//1996
f 2096//1996 2111//1996 2097//1996
f 2111//1997 2112//1997 2097//1997
f 2097//1997 2112//1997 2098//1997
f 2112//1998 2113//1998 2098//1998
f 2098//1998 2113//1998 2099//1998
f 2113//1999 2114//1999 2099//1999
f 2099//1999 2114//1999 2100//1999
f 2114//2000 2115//2000 2100//2000
f 2100//2000 2115//2000 2101//2000
f 2115//2001 2116//2001 2101//2001
f 2101//2001 2116//2001 2102//2001
f 2116//2002 2117//2002 2102//2002
f 2102//2002 2117//2002 2103//2002
f 2117//2003 2118//2003 2103//2003
f 2103//2003 2118//2003 2104//2003
f 2118//2004 2119//2004 2104//2004
f 2104//2004 2119//2004 2105//2004
f 2119//2005 2120//2005 2105//2005
f 2105//2005 2120//2005 2106//2005
f 2120//2006 2121//2006 2106//2006
f 2106//2006 2121//2006 2107//2006
f 2121//2007 2122//2007 2107//2007
f 2107//2007 2122//2007 2091//2007
f 2122//2008 2123//2008 2091//2008
f 2091//2008 2123//2008 2092//2008
f 2124//2009 2125//2009 2126//2009
f 900//758 901//758 903//758
f 901//2010 2127//2010 903//2010
f 903//2010 2127//2010 2108//2010
f 2127//2011 2128//2011 2108//2011
f 2108//2011 2128//2011 2109//2011
f 2128//2012 2129//2012 2109//2012
f 2109//2012 2129//2012 2110//2012
f 2129//2013 2130//2013 2110//2013
f 2110//2013 2130//2013 2111//2013
f 2130//2014 2131//2014 2111//2014
f 2111//2014 2131//2014 2112//2014
f 2131//2015 2132//2015 2112//2015
f 2112//2016 2132//2016 2113//2016
f 2132//2017 2133//2017 2113//2017
f 2113//2017 2133//2017 2114//2017
f 2133//2018 2134//2018 2114//2018
f 2114//2018 2134//2018 2115//2018
f 2134//2019 2135//2019 2115//2019
f 2115//2019 2135//2019 2116//2019
f 2135//2020 2136//2020 2116//2020
f 2116//2020 2136//2020 2117//2020
f 2136//2021 2137//2021 2117//2021
f 2117//2021 2137//2021 2118//2021
f 2137//2022 2138//2022 2118//2022
f 2118//2022 2138//2022 2119//2022
f 2138//2023 2139//2023 2119//2023
f 2119//2023 2139//2023 2120//2023
f 2139//2024 2140//2024 2120//2024
f 2120//2025 2140//2025 2121//2025
f 2140//2026 2124//2026 2121//2026
f 2121//2026 2124//2026 2122//2026
f 2124//2027 2126//2027 2122//2027
f 2122//2028 2126//2028 2123//2028
f 898//757 899//757 901//757
f 899//2029 2141//2029 901//2029
f 901//2029 2141//2029 2127//2029
f 2141//2030 2142//2030 2127//2030
f 2127//2030 2142//2030 2128//2030
f 2142//2031 2143//2031 2128//2031
f 2128//2031 2143//2031 2129//2031
f 2143//2032 2144//2032 2129//2032
f 2129//2032 2144//2032 2130//2032
f 2144//2033 2145//2033 2130//2033
f 2130//2033 2145//2033 2131//2033
f 2145//2034 2146//2034 2131//2034
f 2131//2034 2146//2034 2132//2034
f 2146//2035 2147//2035 2132//2035
f 2132//2035 2147//2035 2133//2035
f 2147//2036 2148//2036 2133//2036
f 2133//2036 2148//2036 2134//2036
f 2148//2037 2149//2037 2134//2037
f 2134//2038 2149//2038 2135//2038
f 2149//2039 2150//2039 2135//2039
f 2135//2039 2150//2039 2136//2039
f 2150//2040 2151//2040 2136//2040
f 2136//2040 2151//2040 2137//2040
f 2151//2041 2152//2041 2137//2041
f 2137//2041 2152//2041 2138//2041
f 2152//2042 2153//2042 2138//2042
f 2138//2042 2153//2042 2139//2042
f 2153//2043 2154//2043 2139//2043
f 2139//2043 2154//2043 2140//2043
f 2154//2044 778//2044 2140//2044
f 2140//2044 778//2044 2124//2044
f 778//2045 777//2045 2124//2045
f 2124//2045 777//2045 2125//2045
f 896//756 897//756 899//756
f 897//2046 2155//2046 899//2046
f 899//2046 2155//2046 2141//2046
f 2155//2047 2156//2047 2141//2047
f 2141//2047 2156//2047 2142//2047
f 2156//2048 2157//2048 2142//2048
f 2142//2048 2157//2048 2143//2048
f 2157//2049 2158//2049 2143//2049
f 2143//2049 2158//2049 2144//2049
f 2158//2050 2159//2050 2144//2050
f 2144//2050 2159//2050 2145//2050
f 2159//2051 2160//2051 2145//2051
f 2145//2051 2160//2051 2146//2051
f 2160//2052 2161//2052 2146//2052
f 2146//2052 2161//2052 2147//2052
f 2161//2053 2162//2053 2147//2053
f 2147//2053 2162//2053 2148//2053
f 2162//2054 2163//2054 2148//2054
f 2148//2054 2163//2054 2149//2054
f 2163//2055 2164//2055 2149//2055
f 2149//2055 2164//2055 2150//2055
f 2164//2056 2165//2056 2150//2056
f 2150//2056 2165//2056 2151//2056
f 2165//2057 2166//2057 2151//2057
f 2151//2057 2166//2057 2152//2057
f 2166//2058 2167//2058 2152//2058
f 2152//2058 2167//2058 2153//2058
f 2167//2059 2168//2059 2153//2059
f 2153//2059 2168//2059 2154//2059
f 2168//2060 2169//2060 2154//2060
f 2154//2060 2169//2060 778//2060
f 2169//2061 2170//2061 778//2061
f 778//2062 2170//2062 776//2062
f 894//755 895//755 897//755
f 895//2063 2171//2063 897//2063
f 897//2063 2171//2063 2155//2063
f 2171//2064 2172//2064 2155//2064
f 2155//2064 2172//2064 2156//2064
f 2172//2065 2173//2065 2156//2065
f 2156//2065 2173//2065 2157//2065
f 2173//2066 2174//2066 2157//2066
f 2157//2066 2174//2066 2158//2066
f 2174//2067 2175//2067 2158//2067
f 2158//2067 2175//2067 2159//2067
f 2175//2068 2176//2068 2159//2068
f 2159//2068 2176//2068 2160//2068
f 2176//2069 2177//2069 2160//2069
f 2160//2069 2177//2069 2161//2069
f 2177//2070 2178//2070 2161//2070
f 2161//2070 2178//2070 2162//2070
f 2178//2071 2179//2071 2162//2071
f 2162//2071 2179//2071 2163//2071
f 2179//2072 2180//2072 2163//2072
f 2163//2072 2180//2072 2164//2072
f 2180//2073 2181//2073 2164//2073
f 2164//2073 2181//2073 2165//2073
f 2181//2074 2182//2074 2165//2074
f 2165//2074 2182//2074 2166//2074
f 2182//2075 2183//2075 2166//2075
f 2166//2075 2183//2075 2167//2075
f 2183//2076 2184//2076 2167//2076
f 2167//2076 2184//2076 2168//2076
f 2184//2077 775//2077 2168//2077
f 2168//2077 775//2077 2169//2077
f 775//2078 774//2078 2169//2078
f 2169//2078 774//2078 2170//2078
f 892//754 893//754 895//754
f 893//2079 2185//2079 895//2079
f 895//2079 2185//2079 2171//2079
f 2185//2080 2186//2080 2171//2080
f 2171//2080 2186//2080 2172//2080
f 2186//2081 2187//2081 2172//2081
f 2172//2081 2187//2081 2173//2081
f 2187//2082 2188//2082 2173//2082
f 2173//2082 2188//2082 2174//2082
f 2188//2083 2189//2083 2174//2083
f 2174//2083 2189//2083 2175//2083
f 2189//2084 2190//2084 2175//2084
f 2175//2084 2190//2084 2176//2084
f 2190//2085 2191//2085 2176//2085
f 2176//2085 2191//2085 2177//2085
f 2191//2086 2192//2086 2177//2086
f 2177//2086 2192//2086 2178//2086
f 2192//2087 2193//2087 2178//2087
f 2178//2087 2193//2087 2179//2087
f 2193//2088 2194//2088 2179//2088
f 2179//2088 2194//2088 2180//2088
f 2194//2089 2195//2089 2180//2089
f 2180//2089 2195//2089 2181//2089
f 2195//2090 2196//2090 2181//2090
f 2181//2090 2196//2090 2182//2090
f 2196//2091 2197//2091 2182//2091
f 2182//2091 2197//2091 2183//2091
f 2197//2092 2198//2092 2183//2092
f 2183//2092 2198//2092 2184//2092
f 2198//2093 2199//2093 2184//2093
f 2184//2093 2199//2093 775//2093
f 2199//2094 2200//2094 775//2094
f 775//2095 2200//2095 773//2095
f 2201//2096 2202//2096 2203//2096
f 890//753 891//753 893//753
f 891//2097 2204//2097 893//2097
f 893//2097 2204//2097 2185//2097
f 2204//2098 2205//2098 2185//2098
f 2185//2099 2205//2099 2186//2099
f 2205//2100 2206//2100 2186//2100
f 2186//2100 2206//2100 2187//2100
f 2206//2101 2207//2101 2187//2101
f 2187//2102 2207//2102 2188//2102
f 2207//2103 2208//2103 2188//2103
f 2188//2103 2208//2103 2189//2103
f 2208//2104 2209//2104 2189//2104
f 2189//2104 2209//2104 2190//2104
f 2209//2105 2210//2105 2190//2105
f 2190//2106 2210//2106 2191//2106
f 2210//2107 2211//2107 2191//2107
f 2191//2107 2211//2107 2192//2107
f 2211//2108 2212//2108 2192//2108
f 2192//2108 2212//2108 2193//2108
f 2212//2109 2213//2109 2193//2109
f 2193//2109 2213//2109 2194//2109
f 2213//2110 2214//2110 2194//2110
f 2194//2110 2214//2110 2195//2110
f 2214//2111 2215//2111 2195//2111
f 2195//2111 2215//2111 2196//2111
f 2215//2112 2216//2112 2196//2112
f 2196//2112 2216//2112 2197//2112
f 2216//2113 2217//2113 2197//2113
f 2197//2113 2217//2113 2198//2113
f 2217//2114 2201//2114 2198//2114
f 2198//2114 2201//2114 2199//2114
f 2201//2115 2203//2115 2199//2115
f 2199//2116 2203//2116 2200//2116
f 888//752 889//752 891//752
f 889//2117 2218//2117 891//2117
f 891//2117 2218//2117 2204//2117
f 2218//2118 2219//2118 2204//2118
f 2204//2118 2219//2118 2205//2118
f 2219//2119 2220//2119 2205//2119
f 2205//2119 2220//2119 2206//2119
f 2220//2120 2221//2120 2206//2120
f 2206//2120 2221//2120 2207//2120
f 2221//2121 2222//2121 2207//2121
f 2207//2121 2222//2121 2208//2121
f 2222//2122 2223//2122 2208//2122
f 2208//2122 2223//2122 2209//2122
f 2223//2123 2224//2123 2209//2123
f 2209//2123 2224//2123 2210//2123
f 2224//2124 2225//2124 2210//2124
f 2210//2124 2225//2124 2211//2124
f 2225//2125 2226//2125 2211//2125
f 2211//2125 2226//2125 2212//2125
f 2226//2126 2227//2126 2212//2126
f 2212//2126 2227//2126 2213//2126
f 2227//2127 2228//2127 2213//2127
f 2213//2127 2228//2127 2214//2127
f 2228//2128 2229//2128 2214//2128
f 2214//2128 2229//2128 2215//2128
f 2229//2129 2230//2129 2215//2129
f 2215//2129 2230//2129 2216//2129
f 2230//2130 2231//2130 2216//2130
f 2216//2130 2231//2130 2217//2130
f 2231//2131 2232//2131 2217//2131
f 2217//2131 2232//2131 2201//2131
f 2232//2132 2233//2132 2201//2132
f 2201//2132 2233//2132 2202//2132
f 2234//2133 2235//2133 2236//2133
f 886//751 887//751 889//751
f 887//2134 2237//2134 889//2134
f 889//2134 2237//2134 2218//2134
f 2237//2135 2238//2135 2218//2135
f 2218//2135 2238//2135 2219//2135
f 2238//2136 2239//2136 2219//2136
f 2219//2136 2239//2136 2220//2136
f 2239//2137 2240//2137 2220//2137
f 2220//2137 2240//2137 2221//2137
f 2240//2138 2241//2138 2221//2138
f 2221//2138 2241//2138 2222//2138
f 2241//2139 2242//2139 2222//2139
f 2222//2139 2242//2139 2223//2139
f 2242//2140 2243//2140 2223//2140
f 2223//2140 2243//2140 2224//2140
f 2243//2141 2244//2141 2224//2141
f 2224//2141 2244//2141 2225//2141
f 2244//2142 2245//2142 2225//2142
f 2225//2142 2245//2142 2226//2142
f 2245//2143 2246//2143 2226//2143
f 2226//2143 2246//2143 2227//2143
f 2246//2144 2247//2144 2227//2144
f 2227//2144 2247//2144 2228//2144
f 2247//2145 2248//2145 2228//2145
f 2228//2145 2248//2145 2229//2145
f 2248//2146 2249//2146 2229//2146
f 2229//2146 2249//2146 2230//2146
f 2249//2147 2250//2147 2230//2147
f 2230//2147 2250//2147 2231//2147
f 2250//2148 2234//2148 2231//2148
f 2231//2148 2234//2148 2232//2148
f 2234//2149 2236//2149 2232//2149
f 2232//2150 2236//2150 2233//2150
f 884//750 885//750 887//750
f 885//2151 2251//2151 887//2151
f 887//2151 2251//2151 2237//2151
f 2251//2152 2252//2152 2237//2152
f 2237//2153 2252//2153 2238//2153
f 2252//2154 2253//2154 2238//2154
f 2238//2154 2253//2154 2239//2154
f 2253//2155 2254//2155 2239//2155
f 2239//2155 2254//2155 2240//2155
f 2254//2156 2255//2156 2240//2156
f 2240//2156 2255//2156 2241//2156
f 2255//2157 2256//2157 2241//2157
f 2241//2157 2256//2157 2242//2157
f 2256//2158 2257//2158 2242//2158
f 2242//2158 2257//2158 2243//2158
f 2257//2159 2258//2159 2243//2159
f 2243//2159 2258//2159 2244//2159
f 2258//2160 2259//2160 2244//2160
f 2244//2160 2259//2160 2245//2160
f 2259//2161 2260//2161 2245//2161
f 2245//2161 2260//2161 2246//2161
f 2260//2162 2261//2162 2246//2162
f 2246//2162 2261//2162 2247//2162
f 2261//2163 2262//2163 2247//2163
f 2247//2163 2262//2163 2248//2163
f 2262//2164 2263//2164 2248//2164
f 2248//2164 2263//2164 2249//2164
f 2263//2165 2264//2165 2249//2165
f 2249//2165 2264//2165 2250//2165
f 2264//2166 772//2166 2250//2166
f 2250//2166 772//2166 2234//2166
f 772//2167 771//2167 2234//2167
f 2234//2167 771//2167 2235//2167
f 882//749 883//749 885//749
f 883//2168 2265//2168 885//2168
f 885//2168 2265//2168 2251//2168
f 2265//2169 2266//2169 2251//2169
f 2251//2169 2266//2169 2252//2169
f 2266//2170 2267//2170 2252//2170
f 2252//2170 2267//2170 2253//2170
f 2267//2171 2268//2171 2253//2171
f 2253//2171 2268//2171 2254//2171
f 2268//2172 2269//2172 2254//2172
f 2254//2172 2269//2172 2255//2172
f 2269//2173 2270//2173 2255//2173
f 2255//2173 2270//2173 2256//2173
f 2270//2174 2271//2174 2256//2174
f 2256//2174 2271//2174 2257//2174
f 2271//2175 2272//2175 2257//2175
f 2257//2175 2272//2175 2258//2175
f 2272//2176 2273//2176 2258//2176
f 2258//2176 2273//2176 2259//2176
f 2273//2177 2274//2177 2259//2177
f 2259//2177 2274//2177 2260//2177
f 2274//2178 2275//2178 2260//2178
f 2260//2178 2275//2178 2261//2178
f 2275//2179 2276//2179 2261//2179
f 2261//2179 2276//2179 2262//2179
f 2276//2180 2277//2180 2262//2180
f 2262//2180 2277//2180 2263//2180
f 2277//2181 2278//2181 2263//2181
f 2263//2181 2278//2181 2264//2181
f 2278//2182 2279//2182 2264//2182
f 2264//2182 2279//2182 772//2182
f 2279//2183 2280//2183 772//2183
f 772//2184 2280//2184 770//2184
f 880//748 881//748 883//748
f 881//2185 2281//2185 883//2185
f 883//2185 2281//2185 2265//2185
f 2281//2186 2282//2186 2265//2186
f 2265//2186 2282//2186 2266//2186
f 2282//2187 2283//2187 2266//2187
f 2266//2187 2283//2187 2267//2187
f 2283//2188 2284//2188 2267//2188
f 2267//2188 2284//2188 2268//2188
f 2284//2189 2285//2189 2268//2189
f 2268//2189 2285//2189 2269//2189
f 2285//2190 2286//2190 2269//2190
f 2269//2190 2286//2190 2270//2190
f 2286//2191 2287//2191 2270//2191
f 2270//2191 2287//2191 2271//2191
f 2287//2192 2288//2192 2271//2192
f 2271//2192 2288//2192 2272//2192
f 2288//2193 2289//2193 2272//2193
f 2272//2193 2289//2193 2273//2193
f 2289//2194 2290//2194 2273//2194
f 2273//2194 2290//2194 2274//2194
f 2290//2195 2291//2195 2274//2195
f 2274//2195 2291//2195 2275//2195
f 2291//2196 2292//2196 2275//2196
f 2275//2196 2292//2196 2276//2196
f 2292//2197 2293//2197 2276//2197
f 2276//2197 2293//2197 2277//2197
f 2293//2198 2294//2198 2277//2198
f 2277//2198 2294//2198 2278//2198
f 2294//2199 769//2199 2278//2199
f 2278//2199 769//2199 2279//2199
f 769//2200 768//2200 2279//2200
f 2279//2200 768//2200 2280//2200
f 878//747 879//747 881//747
f 879//2201 2295//2201 881//2201
f 881//2201 2295//2201 2281//2201
f 2295//2202 2296//2202 2281//2202
f 2281//2203 2296//2203 2282//2203
f 2296//2204 2297//2204 2282//2204
f 2282//2204 2297//2204 2283//2204
f 2297//2205 2298//2205 2283//2205
f 2283//2206 2298//2206 2284//2206
f 2298//2207 2299//2207 2284//2207
f 2284//2207 2299//2207 2285//2207
f 2299//2208 2300//2208 2285//2208
f 2285//2208 2300//2208 2286//2208
f 2300//2209 2301//2209 2286//2209
f 2286//2209 2301//2209 2287//2209
f 2301//2210 2302//2210 2287//2210
f 2287//2210 2302//2210 2288//2210
f 2302//2211 2303//2211 2288//2211
f 2288//2211 2303//2211 2289//2211
f 2303//2212 2304//2212 2289//2212
f 2289//2212 2304//2212 2290//2212
f 2304//2213 2305//2213 2290//2213
f 2290//2213 2305//2213 2291//2213
f 2305//2214 2306//2214 2291//2214
f 2291//2214 2306//2214 2292//2214
f 2306//2215 2307//2215 2292//2215
f 2292//2215 2307//2215 2293//2215
f 2307//2216 2308//2216 2293//2216
f 2293//2216 2308//2216 2294//2216
f 2308//2217 2309//2217 2294//2217
f 2294//2217 2309//2217 769//2217
f 2309//2218 2310//2218 769//2218
f 769//2219 2310//2219 767//2219
f 2311//2220 2312//2220 2313//2220
f 876//746 877//746 879//746
f 877//2221 2314//2221 879//2221
f 879//2221 2314//2221 2295//2221
f 2314//2222 2315//2222 2295//2222
f 2295//2222 2315//2222 2296//2222
f 2315//2223 2316//2223 2296//2223
f 2296//2223 2316//2223 2297//2223
f 2316//2224 2317//2224 2297//2224
f 2297//2224 2317//2224 2298//2224
f 2317//2225 2318//2225 2298//2225
f 2298//2225 2318//2225 2299//2225
f 2318//2226 2319//2226 2299//2226
f 2299//2226 2319//2226 2300//2226
f 2319//2227 2320//2227 2300//2227
f 2300//2227 2320//2227 2301//2227
f 2320//2228 2321//2228 2301//2228
f 2301//2228 2321//2228 2302//2228
f 2321//2229 2322//2229 2302//2229
f 2302//2229 2322//2229 2303//2229
f 2322//2230 2323//2230 2303//2230
f 2303//2230 2323//2230 2304//2230
f 2323//2231 2324//2231 2304//2231
f 2304//2231 2324//2231 2305//2231
f 2324//2232 2325//2232 2305//2232
f 2305//2232 2325//2232 2306//2232
f 2325//2233 2326//2233 2306//2233
f 2306//2233 2326//2233 2307//2233
f 2326//2234 2327//2234 2307//2234
f 2307//2234 2327//2234 2308//2234
f 2327//2235 2311//2235 2308//2235
f 2308//2235 2311//2235 2309//2235
f 2311//2236 2313//2236 2309//2236
f 2309//2237 2313//2237 2310//2237
f 874//745 875//745 877//745
f 875//2238 2328//2238 877//2238
f 877//2238 2328//2238 2314//2238
f 2328//2239 2329//2239 2314//2239
f 2314//2239 2329//2239 2315//2239
f 2329//2240 2330//2240 2315//2240
f 2315//2240 2330//2240 2316//2240
f 2330//2241 2331//2241 2316//2241
f 2316//2241 2331//2241 2317//2241
f 2331//2242 2332//2242 2317//2242
f 2317//2242 2332//2242 2318//2242
f 2332//2243 2333//2243 2318//2243
f 2318//2243 2333//2243 2319//2243
f 2333//2244 2334//2244 2319//2244
f 2319//2244 2334//2244 2320//2244
f 2334//2245 2335//2245 2320//2245
f 2320//2245 2335//2245 2321//2245
f 2335//2246 2336//2246 2321//2246
f 2321//2246 2336//2246 2322//2246
f 2336//2247 2337//2247 2322//2247
f 2322//2247 2337//2247 2323//2247
f 2337//2248 2338//2248 2323//2248
f 2323//2248 2338//2248 2324//2248
f 2338//2249 2339//2249 2324//2249
f 2324//2249 2339//2249 2325//2249
f 2339//2250 2340//2250 2325//2250
f 2325//2250 2340//2250 2326//2250
f 2340//2251 2341//2251 2326//2251
f 2326//2251 2341//2251 2327//2251
f 2341//2252 2342//2252 2327//2252
f 2327//2252 2342//2252 2311//2252
f 2342//2253 2343//2253 2311//2253
f 2311//2253 2343//2253 2312//2253
f 2344//2254 2345//2254 2346//2254
f 872//744 873//744 875//744
f 873//2255 2347//2255 875//2255
f 875//2255 2347//2255 2328//2255
f 2347//2256 2348//2256 2328//2256
f 2328//2256 2348//2256 2329//2256
f 2348//2257 2349//2257 2329//2257
f 2329//2257 2349//2257 2330//2257
f 2349//2258 2350//2258 2330//2258
f 2330//2258 2350//2258 2331//2258
f 2350//2259 2351//2259 2331//2259
f 2331//2259 2351//2259 2332//2259
f 2351//2260 2352//2260 2332//2260
f 2332//2260 2352//2260 2333//2260
f 2352//2261 2353//2261 2333//2261
f 2333//2261 2353//2261 2334//2261
f 2353//2262 2354//2262 2334//2262
f 2334//2262 2354//2262 2335//2262
f 2354//2263 2355//2263 2335//2263
f 2335//2263 2355//2263 2336//2263
f 2355//2264 2356//2264 2336//2264
f 2336//2264 2356//2264 2337//2264
f 2356//2265 2357//2265 2337//2265
f 2337//2265 2357//2265 2338//2265
f 2357//2266 2358//2266 2338//2266
f 2338//2266 2358//2266 2339//2266
f 2358//2267 2359//2267 2339//2267
f 2339//2267 2359//2267 2340//2267
f 2359//2268 2360//2268 2340//2268
f 2340//2268 2360//2268 2341//2268
f 2360//2269 2344//2269 2341//2269
f 2341//2269 2344//2269 2342//2269
f 2344//2270 2346//2270 2342//2270
f 2342//2271 2346//2271 2343//2271
f 870//743 871//743 873//743
f 871//2272 2361//2272 873//2272
f 873//2272 2361//2272 2347//2272
f 2361//2273 2362//2273 2347//2273
f 2347//2273 2362//2273 2348//2273
f 2362//2274 2363//2274 2348//2274
f 2348//2274 2363//2274 2349//2274
f 2363//2275 2364//2275 2349//2275
f 2349//2275 2364//2275 2350//2275
f 2364//2276 2365//2276 2350//2276
f 2350//2276 2365//2276 2351//2276
f 2365//2277 2366//2277 2351//2277
f 2351//2277 2366//2277 2352//2277
f 2366//2278 2367//2278 2352//2278
f 2352//2278 2367//2278 2353//2278
f 2367//2279 2368//2279 2353//2279
f 2353//2279 2368//2279 2354//2279
f 2368//2280 2369//2280 2354//2280
f 2354//2281 2369//2281 2355//2281
f 2369//2282 2370//2282 2355//2282
f 2355//2282 2370//2282 2356//2282
f 2370//2283 2371//2283 2356//2283
f 2356//2283 2371//2283 2357//2283
f 2371//2284 2372//2284 2357//2284
f 2357//2284 2372//2284 2358//2284
f 2372//2285 2373//2285 2358//2285
f 2358//2285 2373//2285 2359//2285
f 2373//2286 2374//2286 2359//2286
f 2359//2287 2374//2287 2360//2287
f 2374//2288 766//2288 2360//2288
f 2360//2288 766//2288 2344//2288
f 766//2289 765//2289 2344//2289
f 2344//2289 765//2289 2345//2289
f 868//742 869//742 871//742
f 869//2290 2375//2290 871//2290
f 871//2290 2375//2290 2361//2290
f 2375//2291 2376//2291 2361//2291
f 2361//2291 2376//2291 2362//2291
f 2376//2292 2377//2292 2362//2292
f 2362//2292 2377//2292 2363//2292
f 2377//2293 2378//2293 2363//2293
f 2363//2293 2378//2293 2364//2293
f 2378//2294 2379//2294 2364//2294
f 2364//2294 2379//2294 2365//2294
f 2379//2295 2380//2295 2365//2295
f 2365//2295 2380//2295 2366//2295
f 2380//2296 2381//2296 2366//2296
f 2366//2296 2381//2296 2367//2296
f 2381//2297 2382//2297 2367//2297
f 2367//2297 2382//2297 2368//2297
f 2382//2298 2383//2298 2368//2298
f 2368//2298 2383//2298 2369//2298
f 2383//2299 2384//2299 2369//2299
f 2369//2299 2384//2299 2370//2299
f 2384//2300 2385//2300 2370//2300
f 2370//2300 2385//2300 2371//2300
f 2385//2301 2386//2301 2371//2301
f 2371//2301 2386//2301 2372//2301
f 2386//2302 2387//2302 2372//2302
f 2372//2302 2387//2302 2373//2302
f 2387//2303 2388//2303 2373//2303
f 2373//2303 2388//2303 2374//2303
f 2388//2304 2389//2304 2374//2304
f 2374//2304 2389//2304 766//2304
f 2389//2305 2390//2305 766//2305
f 766//2306 2390//2306 764//2306
f 866//741 867//741 869//741
f 867//2307 2391//2307 869//2307
f 869//2307 2391//2307 2375//2307
f 2391//2308 2392//2308 2375//2308
f 2375//2308 2392//2308 2376//2308
f 2392//2309 2393//2309 2376//2309
f 2376//2309 2393//2309 2377//2309
f 2393//2310 2394//2310 2377//2310
f 2377//2310 2394//2310 2378//2310
f 2394//2311 2395//2311 2378//2311
f 2378//2311 2395//2311 2379//2311
f 2395//2312 2396//2312 2379//2312
f 2379//2312 2396//2312 2380//2312
f 2396//2313 2397//2313 2380//2313
f 2380//2313 2397//2313 2381//2313
f 2397//2314 2398//2314 2381//2314
f 2381//2314 2398//2314 2382//2314
f 2398//2315 2399//2315 2382//2315
f 2382//2315 2399//2315 2383//2315
f 2399//2316 2400//2316 2383//2316
f 2383//2316 2400//2316 2384//2316
f 2400//2317 2401//2317 2384//2317
f 2384//2317 2401//2317 2385//2317
f 2401//2318 2402//2318 2385//2318
f 2385//2318 2402//2318 2386//2318
f 2402//2319 2403//2319 2386//2319
f 2386//2319 2403//2319 2387//2319
f 2403//2320 2404//2320 2387//2320
f 2387//2320 2404//2320 2388//2320
f 2404//2321 763//2321 2388//2321
f 2388//2321 763//2321 2389//2321
f 763//2322 762//2322 2389//2322
f 2389//2322 762//2322 2390//2322
f 864//740 865//740 867//740
f 865//2323 2405//2323 867//2323
f 867//2323 2405//2323 2391//2323
f 2405//2324 2406//2324 2391//2324
f 2391//2325 2406//2325 2392//2325
f 2406//2326 2407//2326 2392//2326
f 2392//2326 2407//2326 2393//2326
f 2407//2327 2408//2327 2393//2327
f 2393//2327 2408//2327 2394//2327
f 2408//2328 2409//2328 2394//2328
f 2394//2328 2409//2328 2395//2328
f 2409//2329 2410//2329 2395//2329
f 2395//2329 2410//2329 2396//2329
f 2410//2330 2411//2330 2396//2330
f 2396//2330 2411//2330 2397//2330
f 2411//2331 2412//2331 2397//2331
f 2397//2331 2412//2331 2398//2331
f 2412//2332 2413//2332 2398//2332
f 2398//2333 2413//2333 2399//2333
f 2413//2334 2414//2334 2399//2334
f 2399//2334 2414//2334 2400//2334
f 2414//2335 2415//2335 2400//2335
f 2400//2335 2415//2335 2401//2335
f 2415//2336 2416//2336 2401//2336
f 2401//2336 2416//2336 2402//2336
f 2416//2337 2417//2337 2402//2337
f 2402//2337 2417//2337 2403//2337
f 2417//2338 2418//2338 2403//2338
f 2403//2338 2418//2338 2404//2338
f 2418//2339 2419//2339 2404//2339
f 2404//2339 2419//2339 763//2339
f 2419//2340 2420//2340 763//2340
f 763//2341 2420//2341 761//2341
f 2421//2342 2422//2342 2423//2342
f 862//739 863//739 865//739
f 863//2343 2424//2343 865//2343
f 865//2343 2424//2343 2405//2343
f 2424//2344 2425//2344 2405//2344
f 2405//2344 2425//2344 2406//2344
f 2425//2345 2426//2345 2406//2345
f 2406//2345 2426//2345 2407//2345
f 2426//2346 2427//2346 2407//2346
f 2407//2346 2427//2346 2408//2346
f 2427//2347 2428//2347 2408//2347
f 2408//2347 2428//2347 2409//2347
f 2428//2348 2429//2348 2409//2348
f 2409//2348 2429//2348 2410//2348
f 2429//2349 2430//2349 2410//2349
f 2410//2349 2430//2349 2411//2349
f 2430//2350 2431//2350 2411//2350
f 2411//2350 2431//2350 2412//2350
f 2431//2351 2432//2351 2412//2351
f 2412//2351 2432//2351 2413//2351
f 2432//2352 2433//2352 2413//2352
f 2413//2352 2433//2352 2414//2352
f 2433//2353 2434//2353 2414//2353
f 2414//2353 2434//2353 2415//2353
f 2434//2354 2435//2354 2415//2354
f 2415//2354 2435//2354 2416//2354
f 2435//2355 2436//2355 2416//2355
f 2416//2355 2436//2355 2417//2355
f 2436//2356 2437//2356 2417//2356
f 2417//2356 2437//2356 2418//2356
f 2437//2357 2421//2357 2418//2357
f 2418//2357 2421//2357 2419//2357
f 2421//2358 2423//2358 2419//2358
f 2419//2359 2423//2359 2420//2359
f 860//738 861//738 863//738
f 861//2360 2438//2360 863//2360
f 863//2360 2438//2360 2424//2360
f 2438//2361 2439//2361 2424//2361
f 2424//2361 2439//2361 2425//2361
f 2439//2362 2440//2362 2425//2362
f 2425//2362 2440//2362 2426//2362
f 2440//2363 2441//2363 2426//2363
f 2426//2363 2441//2363 2427//2363
f 2441//2364 2442//2364 2427//2364
f 2427//2364 2442//2364 2428//2364
f 2442//2365 2443//2365 2428//2365
f 2428//2365 2443//2365 2429//2365
f 2443//2366 2444//2366 2429//2366
f 2429//2366 2444//2366 2430//2366
f 2444//2367 2445//2367 2430//2367
f 2430//2367 2445//2367 2431//2367
f 2445//2368 2446//2368 2431//2368
f 2431//2368 2446//2368 2432//2368
f 2446//2369 2447//2369 2432//2369
f 2432//2369 2447//2369 2433//2369
f 2447//2370 2448//2370 2433//2370
f 2433//2370 2448//2370 2434//2370
f 2448//2371 2449//2371 2434//2371
f 2434//2371 2449//2371 2435//2371
f 2449//2372 2450//2372 2435//2372
f 2435//2372 2450//2372 2436//2372
f 2450//2373 2451//2373 2436//2373
f 2436//2373 2451//2373 2437//2373
f 2451//2374 2452//2374 2437//2374
f 2437//2374 2452//2374 2421//2374
f 2452//2375 2453//2375 2421//2375
f 2421//2375 2453//2375 2422//2375
f 2454//2376 2455//2376 2456//2376
f 858//737 859//737 861//737
f 859//2377 2457//2377 861//2377
f 861//2377 2457//2377 2438//2377
f 2457//2378 2458//2378 2438//2378
f 2438//2379 2458//2379 2439//2379
f 2458//2380 2459//2380 2439//2380
f 2439//2380 2459//2380 2440//2380
f 2459//2381 2460//2381 2440//2381
f 2440//2381 2460//2381 2441//2381
f 2460//2382 2461//2382 2441//2382
f 2441//2382 2461//2382 2442//2382
f 2461//2383 2462//2383 2442//2383
f 2442//2383 2462//2383 2443//2383
f 2462//2384 2463//2384 2443//2384
f 2443//2385 2463//2385 2444//2385
f 2463//2386 2464//2386 2444//2386
f 2444//2386 2464//2386 2445//2386
f 2464//2387 2465//2387 2445//2387
f 2445//2387 2465//2387 2446//2387
f 2465//2388 2466//2388 2446//2388
f 2446//2388 2466//2388 2447//2388
f 2466//2389 2467//2389 2447//2389
f 2447//2389 2467//2389 2448//2389
f 2467//2390 2468//2390 2448//2390
f 2448//2390 2468//2390 2449//2390
f 2468//2391 2469//2391 2449//2391
f 2449//2391 2469//2391 2450//2391
f 2469//2392 2470//2392 2450//2392
f 2450//2392 2470//2392 2451//2392
f 2470//2393 2454//2393 2451//2393
f 2451//2393 2454//2393 2452//2393
f 2454//2394 2456//2394 2452//2394
f 2452//2395 2456//2395 2453//2395
f 856//736 857//736 859//736
f 857//2396 2471//2396 859//2396
f 859//2396 2471//2396 2457//2396
f 2471//2397 2472//2397 2457//2397
f 2457//2397 2472//2397 2458//2397
f 2472//2398 2473//2398 2458//2398
f 2458//2399 2473//2399 2459//2399
f 2473//2400 2474//2400 2459//2400
f 2459//2400 2474//2400 2460//2400
f 2474//2401 2475//2401 2460//2401
f 2460//2401 2475//2401 2461//2401
f 2475//2402 2476//2402 2461//2402
f 2461//2402 2476//2402 2462//2402
f 2476//2403 2477//2403 2462//2403
f 2462//2403 2477//2403 2463//2403
f 2477//2404 2478//2404 2463//2404
f 2463//2404 2478//2404 2464//2404
f 2478//2405 2479//2405 2464//2405
f 2464//2406 2479//2406 2465//2406
f 2479//2407 2480//2407 2465//2407
f 2465//2407 2480//2407 2466//2407
f 2480//2408 2481//2408 2466//2408
f 2466//2408 2481//2408 2467//2408
f 2481//2409 2482//2409 2467//2409
f 2467//2409 2482//2409 2468//2409
f 2482//2410 2483//2410 2468//2410
f 2468//2410 2483//2410 2469//2410
f 2483//2411 2484//2411 2469//2411
f 2469//2411 2484//2411 2470//2411
f 2484//2412 760//2412 2470//2412
f 2470//2412 760//2412 2454//2412
f 760//2413 759//2413 2454//2413
f 2454//2413 759//2413 2455//2413
f 854//735 855//735 857//735
f 855//2414 2485//2414 857//2414
f 857//2414 2485//2414 2471//2414
f 2485//2415 2486//2415 2471//2415
f 2471//2415 2486//2415 2472//2415
f 2486//2416 2487//2416 2472//2416
f 2472//2416 2487//2416 2473//2416
f 2487//2417 2488//2417 2473//2417
f 2473//2417 2488//2417 2474//2417
f 2488//2418 2489//2418 2474//2418
f 2474//2419 2489//2419 2475//2419
f 2489//2420 2490//2420 2475//2420
f 2475//2420 2490//2420 2476//2420
f 2490//2421 2491//2421 2476//2421
f 2476//2421 2491//2421 2477//2421
f 2491//2422 2492//2422 2477//2422
f 2477//2422 2492//2422 2478//2422
f 2492//2423 2493//2423 2478//2423
f 2478//2423 2493//2423 2479//2423
f 2493//2424 2494//2424 2479//2424
f 2479//2424 2494//2424 2480//2424
f 2494//2425 2495//2425 2480//2425
f 2480//2425 2495//2425 2481//2425
f 2495//2426 2496//2426 2481//2426
f 2481//2426 2496//2426 2482//2426
f 2496//2427 2497//2427 2482//2427
f 2482//2427 2497//2427 2483//2427
f 2497//2428 2498//2428 2483//2428
f 2483//2428 2498//2428 2484//2428
f 2498//2429 2499//2429 2484//2429
f 2484//2429 2499//2429 760//2429
f 2499//2430 2500//2430 760//2430
f 760//2431 2500//2431 758//2431
f 852//734 853//734 855//734
f 853//2432 2501//2432 855//2432
f 855//2432 2501//2432 2485//2432
f 2501//2433 2502//2433 2485//2433
f 2485//2433 2502//2433 2486//2433
f 2502//2434 2503//2434 2486//2434
f 2486//2434 2503//2434 2487//2434
f 2503//2435 2504//2435 2487//2435
f 2487//2435 2504//2435 2488//2435
f 2504//2436 2505//2436 2488//2436
f 2488//2436 2505//2436 2489//2436
f 2505//2437 2506//2437 2489//2437
f 2489//2437 2506//2437 2490//2437
f 2506//2438 2507//2438 2490//2438
f 2490//2438 2507//2438 2491//2438
f 2507//2439 2508//2439 2491//2439
f 2491//2439 2508//2439 2492//2439
f 2508//2440 2509//2440 2492//2440
f 2492//2440 2509//2440 2493//2440
f 2509//2441 2510//2441 2493//2441
f 2493//2441 2510//2441 2494//2441
f 2510//2442 2511//2442 2494//2442
f 2494//2442 2511//2442 2495//2442
f 2511//2443 2512//2443 2495//2443
f 2495//2443 2512//2443 2496//2443
f 2512//2444 2513//2444 2496//2444
f 2496//2444 2513//2444 2497//2444
f 2513//2445 2514//2445 2497//2445
f 2497//2445 2514//2445 2498//2445
f 2514//2446 757//2446 2498//2446
f 2498//2446 757//2446 2499//2446
f 757//2447 756//2447 2499//2447
f 2499//2447 756//2447 2500//2447
f 850//733 851//733 853//733
f 851//2448 2515//2448 853//2448
f 853//2448 2515//2448 2501//2448
f 2515//2449 2516//2449 2501//2449
f 2501//2449 2516//2449 2502//2449
f 2516//2450 2517//2450 2502//2450
f 2502//2450 2517//2450 2503//2450
f 2517//2451 2518//2451 2503//2451
f 2503//2451 2518//2451 2504//2451
f 2518//2452 2519//2452 2504//2452
f 2504//2452 2519//2452 2505//2452
f 2519//2453 2520//2453 2505//2453
f 2505//2453 2520//2453 2506//2453
f 2520//2454 2521//2454 2506//2454
f 2506//2454 2521//2454 2507//2454
f 2521//2455 2522//2455 2507//2455
f 2507//2455 2522//2455 2508//2455
f 2522//2456 2523//2456 2508//2456
f 2508//2456 2523//2456 2509//2456
f 2523//2457 2524//2457 2509//2457
f 2509//2457 2524//2457 2510//2457
f 2524//2458 2525//2458 2510//2458
f 2510//2458 2525//2458 2511//2458
f 2525//2459 2526//2459 2511//2459
f 2511//2459 2526//2459 2512//2459
f 2526//2460 2527//2460 2512//2460
f 2512//2460 2527//2460 2513//2460
f 2527//2461 2528//2461 2513//2461
f 2513//2461 2528//2461 2514//2461
f 2528//2462 2529//2462 2514//2462
f 2514//2462 2529//2462 757//2462
f 2529//2463 2530//2463 757//2463
f 757//2464 2530//2464 755//2464
f 2531//2465 2532//2465 2533//2465
f 848//732 849//732 851//732
f 849//2466 2534//2466 851//2466
f 851//2466 2534//2466 2515//2466
f 2534//2467 2535//2467 2515//2467
f 2515//2467 2535//2467 2516//2467
f 2535//2468 2536//2468 2516//2468
f 2516//2468 2536//2468 2517//2468
f 2536//2469 2537//2469 2517//2469
f 2517//2469 2537//2469 2518//2469
f 2537//2470 2538//2470 2518//2470
f 2518//2470 2538//2470 2519//2470
f 2538//2471 2539//2471 2519//2471
f 2519//2471 2539//2471 2520//2471
f 2539//2472 2540//2472 2520//2472
f 2520//2472 2540//2472 2521//2472
f 2540//2473 2541//2473 2521//2473
f 2521//2473 2541//2473 2522//2473
f 2541//2474 2542//2474 2522//2474
f 2522//2474 2542//2474 2523//2474
f 2542//2475 2543//2475 2523//2475
f 2523//2475 2543//2475 2524//2475
f 2543//2476 2544//2476 2524//2476
f 2524//2476 2544//2476 2525//2476
f 2544//2477 2545//2477 2525//2477
f 2525//2477 2545//2477 2526//2477
f 2545//2478 2546//2478 2526//2478
f 2526//2478 2546//2478 2527//2478
f 2546//2479 2547//2479 2527//2479
f 2527//2479 2547//2479 2528//2479
f 2547//2480 2531//2480 2528//2480
f 2528//2480 2531//2480 2529//2480
f 2531//2481 2533//2481 2529//2481
f 2529//2482 2533//2482 2530//2482
f 846//731 847//731 849//731
f 847//2483 2548//2483 849//2483
f 849//2483 2548//2483 2534//2483
f 2548//2484 2549//2484 2534//2484
f 2534//2484 2549//2484 2535//2484
f 2549//2485 2550//2485 2535//2485
f 2535//2485 2550//2485 2536//2485
f 2550//2486 2551//2486 2536//2486
f 2536//2486 2551//2486 2537//2486
f 2551//2487 2552//2487 2537//2487
f 2537//2487 2552//2487 2538//2487
f 2552//2488 2553//2488 2538//2488
f 2538//2488 2553//2488 2539//2488
f 2553//2489 2554//2489 2539//2489
f 2539//2489 2554//2489 2540//2489
f 2554//2490 2555//2490 2540//2490
f 2540//2490 2555//2490 2541//2490
f 2555//2491 2556//2491 2541//2491
f 2541//2491 2556//2491 2542//2491
f 2556//2492 2557//2492 2542//2492
f 2542//2492 2557//2492 2543//2492
f 2557//2493 2558//2493 2543//2493
f 2543//2493 2558//2493 2544//2493
f 2558//2494 2559//2494 2544//2494
f 2544//2494 2559//2494 2545//2494
f 2559//2495 2560//2495 2545//2495
f 2545//2495 2560//2495 2546//2495
f 2560//2496 2561//2496 2546//2496
f 2546//2496 2561//2496 2547//2496
f 2561//2497 2562//2497 2547//2497
f 2547//2498 2562//2498 2531//2498
f 2562//2499 2563//2499 2531//2499
f 2531//2499 2563//2499 2532//2499
f 2564//2500 2565//2500 2566//2500
f 844//730 845//730 847//730
f 845//2501 2567//2501 847//2501
f 847//2501 2567//2501 2548//2501
f 2567//2502 2568//2502 2548//2502
f 2548//2502 2568//2502 2549//2502
f 2568//2503 2569//2503 2549//2503
f 2549//2503 2569//2503 2550//2503
f 2569//2504 2570//2504 2550//2504
f 2550//2504 2570//2504 2551//2504
f 2570//2505 2571//2505 2551//2505
f 2551//2505 2571//2505 2552//2505
f 2571//2506 2572//2506 2552//2506
f 2552//2506 2572//2506 2553//2506
f 2572//2507 2573//2507 2553//2507
f 2553//2507 2573//2507 2554//2507
f 2573//2508 2574//2508 2554//2508
f 2554//2508 2574//2508 2555//2508
f 2574//2509 2575//2509 2555//2509
f 2555//2509 2575//2509 2556//2509
f 2575//2510 2576//2510 2556//2510
f 2556//2510 2576//2510 2557//2510
f 2576//2511 2577//2511 2557//2511
f 2557//2511 2577//2511 2558//2511
f 2577//2512 2578//2512 2558//2512
f 2558//2512 2578//2512 2559//2512
f 2578//2513 2579//2513 2559//2513
f 2559//2513 2579//2513 2560//2513
f 2579//2514 2580//2514 2560//2514
f 2560//2514 2580//2514 2561//2514
f 2580//2515 2564//2515 2561//2515
f 2561//2515 2564//2515 2562//2515
f 2564//2516 2566//2516 2562//2516
f 2562//2517 2566//2517 2563//2517
f 842//729 843//729 845//729
f 843//2518 2581//2518 845//2518
f 845//2518 2581//2518 2567//2518
f 2581//2519 2582//2519 2567//2519
f 2567//2519 2582//2519 2568//2519
f 2582//2520 2583//2520 2568//2520
f 2568//2520 2583//2520 2569//2520
f 2583//2521 2584//2521 2569//2521
f 2569//2521 2584//2521 2570//2521
f 2584//2522 2585//2522 2570//2522
f 2570//2522 2585//2522 2571//2522
f 2585//2523 2586//2523 2571//2523
f 2571//2523 2586//2523 2572//2523
f 2586//2524 2587//2524 2572//2524
f 2572//2524 2587//2524 2573//2524
f 2587//2525 2588//2525 2573//2525
f 2573//2525 2588//2525 2574//2525
f 2588//2526 2589//2526 2574//2526
f 2574//2526 2589//2526 2575//2526
f 2589//2527 2590//2527 2575//2527
f 2575//2527 2590//2527 2576//2527
f 2590//2528 2591//2528 2576//2528
f 2576//2528 2591//2528 2577//2528
f 2591//2529 2592//2529 2577//2529
f 2577//2529 2592//2529 2578//2529
f 2592//2530 2593//2530 2578//2530
f 2578//2530 2593//2530 2579//2530
f 2593//2531 2594//2531 2579//2531
f 2579//2531 2594//2531 2580//2531
f 2594//2532 754//2532 2580//2532
f 2580//2532 754//2532 2564//2532
f 754//2533 753//2533 2564//2533
f 2564//2533 753//2533 2565//2533
f 840//728 841//728 843//728
f 841//2534 2595//2534 843//2534
f 843//2534 2595//2534 2581//2534
f 2595//2535 2596//2535 2581//2535
f 2581//2535 2596//2535 2582//2535
f 2596//2536 2597//2536 2582//2536
f 2582//2536 2597//2536 2583//2536
f 2597//2537 2598//2537 2583//2537
f 2583//2537 2598//2537 2584//2537
f 2598//2538 2599//2538 2584//2538
f 2584//2538 2599//2538 2585//2538
f 2599//2539 2600//2539 2585//2539
f 2585//2539 2600//2539 2586//2539
f 2600//2540 2601//2540 2586//2540
f 2586//2540 2601//2540 2587//2540
f 2601//2541 2602//2541 2587//2541
f 2587//2541 2602//2541 2588//2541
f 2602//2542 2603//2542 2588//2542
f 2588//2542 2603//2542 2589//2542
f 2603//2543 2604//2543 2589//2543
f 2589//2543 2604//2543 2590//2543
f 2604//2544 2605//2544 2590//2544
f 2590//2544 2605//2544 2591//2544
f 2605//2545 2606//2545 2591//2545
f 2591//2545 2606//2545 2592//2545
f 2606//2546 2607//2546 2592//2546
f 2592//2546 2607//2546 2593//2546
f 2607//2547 2608//2547 2593//2547
f 2593//2547 2608//2547 2594//2547
f 2608//2548 2609//2548 2594//2548
f 2594//2548 2609//2548 754//2548
f 2609//2549 2610//2549 754//2549
f 754//2550 2610//2550 752//2550
f 838//727 839//727 841//727
f 839//2551 2611//2551 841//2551
f 841//2551 2611//2551 2595//2551
f 2611//2552 2612//2552 2595//2552
f 2595//2552 2612//2552 2596//2552
f 2612//2553 2613//2553 2596//2553
f 2596//2553 2613//2553 2597//2553
f 2613//2554 2614//2554 2597//2554
f 2597//2554 2614//2554 2598//2554
f 2614//2555 2615//2555 2598//2555
f 2598//2555 2615//2555 2599//2555
f 2615//2556 2616//2556 2599//2556
f 2599//2556 2616//2556 2600//2556
f 2616//2557 2617//2557 2600//2557
f 2600//2557 2617//2557 2601//2557
f 2617//2558 2618//2558 2601//2558
f 2601//2558 2618//2558 2602//2558
f 2618//2559 2619//2559 2602//2559
f 2602//2559 2619//2559 2603//2559
f 2619//2560 2620//2560 2603//2560
f 2603//2560 2620//2560 2604//2560
f 2620//2561 2621//2561 2604//2561
f 2604//2561 2621//2561 2605//2561
f 2621//2562 2622//2562 2605//2562
f 2605//2562 2622//2562 2606//2562
f 2622//2563 2623//2563 2606//2563
f 2606//2563 2623//2563 2607//2563
f 2623//2564 2624//2564 2607//2564
f 2607//2564 2624//2564 2608//2564
f 2624//2565 751//2565 2608//2565
f 2608//2565 751//2565 2609//2565
f 751//2566 750//2566 2609//2566
f 2609//2566 750//2566 2610//2566
f 836//726 837//726 839//726
f 837//2567 2625//2567 839//2567
f 839//2567 2625//2567 2611//2567
f 2625//2568 2626//2568 2611//2568
f 2611//2568 2626//2568 2612//2568
f 2626//2569 2627//2569 2612//2569
f 2612//2569 2627//2569 2613//2569
f 2627//2570 2628//2570 2613//2570
f 2613//2570 2628//2570 2614//2570
f 2628//2571 2629//2571 2614//2571
f 2614//2571 2629//2571 2615//2571
f 2629//2572 2630//2572 2615//2572
f 2615//2572 2630//2572 2616//2572
f 2630//2573 2631//2573 2616//2573
f 2616//2573 2631//2573 2617//2573
f 2631//2574 2632//2574 2617//2574
f 2617//2574 2632//2574 2618//2574
f 2632//2575 2633//2575 2618//2575
f 2618//2575 2633//2575 2619//2575
f 2633//2576 2634//2576 2619//2576
f 2619//2576 2634//2576 2620//2576
f 2634//2577 2635//2577 2620//2577
f 2620//2577 2635//2577 2621//2577
f 2635//2578 2636//2578 2621//2578
f 2621//2578 2636//2578 2622//2578
f 2636//2579 2637//2579 2622//2579
f 2622//2579 2637//2579 2623//2579
f 2637//2580 2638//2580 2623//2580
f 2623//2580 2638//2580 2624//2580
f 2638//2581 2639//2581 2624//2581
f 2624//2581 2639//2581 751//2581
f 2639//2582 2640//2582 751//2582
f 751//2583 2640//2583 749//2583
f 833//725 835//725 837//725
f 835//2584 1038//2584 837//2584
f 837//2584 1038//2584 2625//2584
f 1038//2585 1040//2585 2625//2585
f 2625//2585 1040//2585 2626//2585
f 1040//2586 1042//2586 2626//2586
f 2626//2586 1042//2586 2627//2586
f 1042//2587 1044//2587 2627//2587
f 2627//2587 1044//2587 2628//2587
f 1044//2588 1046//2588 2628//2588
f 2628//2588 1046//2588 2629//2588
f 1046//2589 1048//2589 2629//2589
f 2629//2589 1048//2589 2630//2589
f 1048//2590 1050//2590 2630//2590
f 2630//2590 1050//2590 2631//2590
f 1050//2591 1052//2591 2631//2591
f 2631//2591 1052//2591 2632//2591
f 1052//2592 1054//2592 2632//2592
f 2632//2592 1054//2592 2633//2592
f 1054//2593 1056//2593 2633//2593
f 2633//2593 1056//2593 2634//2593
f 1056//2594 1058//2594 2634//2594
f 2634//2594 1058//2594 2635//2594
f 1058//2595 1060//2595 2635//2595
f 2635//2595 1060//2595 2636//2595
f 1060//2596 1062//2596 2636//2596
f 2636//2596 1062//2596 2637//2596
f 1062//2597 1064//2597 2637//2597
f 2637//2597 1064//2597 2638//2597
f 1064//2598 1066//2598 2638//2598
f 2638//2598 1066//2598 2639//2598
f 1066//2599 1068//2599 2639//2599
f 2639//2599 1068//2599 2640//2599
f 434//2600 587//2600 2641//2600
f 402//2600 401//2600 2641//2600
f 401//2600 544//2600 2641//2600
f 2641//2600 544//2600 545//2600
f 2642//2600 92//2600 94//2600
f 89//2600 14//2600 2642//2600
f 14//2600 13//2600 2642//2600
f 2642//2600 13//2600 92//2600
f 94//2600 99//2600 2642//2600
f 99//2600 106//2600 2642//2600
f 2642//2600 106//2600 291//2600
f 211//2600 255//2600 2641//2600
f 255//2600 565//2600 2641//2600
f 2641//2600 565//2600 402//2600
f 291//2600 133//2600 2642//2600
f 133//2600 132//2600 2642//2600
f 2642//2600 132//2600 189//2600
f 587//2600 165//2600 2641//2600
f 165//2600 164//2600 2641//2600
f 2641//2600 164//2600 211//2600
f 2643//2600 2644//2600 273//2600
f 2644//2600 2645//2600 273//2600
f 273//2600 2645//2600 2646//2600
f 2646//2600 2647//2600 273//2600
f 2647//2600 2648//2600 273//2600
f 273//2600 2648//2600 2649//2600
f 2650//2600 2651//2600 273//2600
f 2651//2600 2642//2600 273//2600
f 273//2600 2642//2600 225//2600
f 2642//2600 189//2600 225//2600
f 2652//2600 2653//2600 273//2600
f 2654//2600 2655//2600 2656//2600
f 2649//2600 2657//2600 273//2600
f 2657//2600 2658//2600 273//2600
f 273//2600 2658//2600 2650//2600
f 2653//2600 2659//2600 273//2600
f 2659//2600 2660//2600 273//2600
f 273//2600 2660//2600 2643//2600
f 434//2600 2641//2600 435//2600
f 2641//2600 2661//2600 435//2600
f 435//2600 2661//2600 608//2600
f 2661//2600 2662//2600 608//2600
f 608//2600 2662//2600 273//2600
f 2662//2600 2663//2600 273//2600
f 273//2600 2663//2600 2652//2600
f 2654//2600 2664//2600 2655//2600
f 2664//2600 2665//2600 2655//2600
f 2655//2600 2665//2600 2666//2600
f 2665//2600 2667//2600 2666//2600
f 2641//2600 2668//2600 2661//2600
f 2668//2600 2654//2600 2661//2600
f 2661//2600 2654//2600 2669//2600
f 2654//2600 2656//2600 2669//2600
f 2670//695 628//695 934//695
f 934//695 936//695 2670//695
f 936//695 938//695 2670//695
f 2670//695 938//695 940//695
f 940//695 942//695 2670//695
f 942//695 944//695 2670//695
f 2670//695 944//695 946//695
f 946//695 948//695 2670//695
f 948//695 950//695 2670//695
f 2670//695 950//695 952//695
f 952//695 954//695 2670//695
f 954//695 956//695 2670//695
f 2670//695 956//695 958//695
f 958//695 960//695 2670//695
f 960//695 962//695 2670//695
f 2670//695 962//695 964//695
f 1022//695 1024//695 625//695
f 1024//695 1026//695 625//695
f 1032//695 1034//695 625//695
f 1034//695 834//695 625//695
f 625//695 834//695 623//695
f 834//695 833//695 623//695
f 623//695 833//695 836//695
f 836//695 838//695 623//695
f 838//695 840//695 623//695
f 623//695 840//695 842//695
f 842//695 844//695 623//695
f 844//695 846//695 623//695
f 623//695 846//695 848//695
f 848//695 850//695 623//695
f 850//695 852//695 623//695
f 623//695 852//695 854//695
f 990//695 992//695 625//695
f 992//695 994//695 625//695
f 1000//695 1002//695 625//695
f 1002//695 1004//695 625//695
f 1026//695 1028//695 625//695
f 1028//695 1030//695 625//695
f 625//695 1030//695 1032//695
f 854//695 856//695 623//695
f 856//695 858//695 623//695
f 623//695 858//695 860//695
f 860//695 862//695 623//695
f 862//695 864//695 623//695
f 623//695 864//695 866//695
f 866//695 868//695 623//695
f 868//695 870//695 623//695
f 623//695 870//695 872//695
f 964//695 966//695 2670//695
f 966//695 968//695 2670//695
f 2670//695 968//695 970//695
f 970//695 972//695 2670//695
f 972//695 974//695 2670//695
f 2670//695 974//695 976//695
f 976//695 978//695 2670//695
f 978//695 980//695 2670//695
f 2670//695 980//695 982//695
f 982//695 984//695 2670//695
f 984//695 986//695 2670//695
f 2670//695 986//695 625//695
f 986//695 988//695 625//695
f 625//695 988//695 990//695
f 1004//695 1006//695 625//695
f 1006//695 1008//695 625//695
f 625//695 1008//695 1010//695
f 1010//695 1012//695 625//695
f 1012//695 1014//695 625//695
f 625//695 1014//695 1016//695
f 886//695 888//695 628//695
f 888//695 890//695 628//695
f 628//695 890//695 892//695
f 994//695 996//695 625//695
f 996//695 998//695 625//695
f 625//695 998//695 1000//695
f 1016//695 1018//695 625//695
f 1018//695 1020//695 625//695
f 625//695 1020//695 1022//695
f 872//695 874//695 623//695
f 874//695 876//695 623//695
f 623//695 876//695 878//695
f 878//695 880//695 623//695
f 880//695 882//695 623//695
f 623//695 882//695 628//695
f 882//695 884//695 628//695
f 628//695 884//695 886//695
f 892//695 894//695 628//695
f 894//695 896//695 628//695
f 628//695 896//695 898//695
f 628//695 910//695 912//695
f 898//695 900//695 628//695
f 900//695 902//695 628//695
f 628//695 902//695 904//695
f 912//695 914//695 628//695
f 914//695 916//695 628//695
f 628//695 916//695 918//695
f 928//695 628//695 926//695
f 628//695 924//695 926//695
f 928//695 930//695 628//695
f 930//695 932//695 628//695
f 628//695 932//695 934//695
f 904//695 906//695 628//695
f 906//695 908//695 628//695
f 628//695 908//695 910//695
f 918//695 920//695 628//695
f 920//695 922//695 628//695
f 628//695 922//695 924//695
f 400//2601 399//2601 633//2601
f 399//2601 40//2601 633//2601
f 633//2601 40//2601 42//2601
f 671//2601 2641//2601 633//2601
f 2641//2601 545//2601 633//2601
f 633//2601 545//2601 400//2601
f 42//2601 44//2601 633//2601
f 44//2601 37//2601 633//2601
f 633//2601 37//2601 39//2601
f 633//2601 361//2601 343//2601
f 39//2601 518//2601 633//2601
f 518//2601 362//2601 633//2601
f 633//2601 362//2601 361//2601
f 343//2601 342//2601 633//2601
f 342//2601 499//2601 633//2601
f 633//2601 499//2601 35//2601
f 35//2601 34//2601 633//2601
f 34//2601 46//2601 633//2601
f 633//2601 46//2601 45//2601
f 45//2601 491//2601 633//2601
f 491//2601 49//2601 633//2601
f 633//2601 49//2601 48//2601
f 48//2602 53//2602 633//2602
f 53//2601 52//2601 633//2601
f 633//2601 52//2601 54//2601
f 54//2601 473//2601 633//2601
f 473//2601 474//2601 633//2601
f 633//2601 474//2601 58//2601
f 58//2603 57//2603 633//2603
f 57//2601 61//2601 633//2601
f 633//2601 61//2601 67//2601
f 67//2602 66//2602 633//2602
f 66//2601 64//2601 633//2601
f 633//2603 64//2603 63//2603
f 2641//2604 671//2604 692//2604
f 2641//2604 692//2604 2668//2604
f 692//2605 694//2605 2668//2605
f 2668//2605 694//2605 2654//2605
f 694//2606 696//2606 2654//2606
f 2654//2606 696//2606 2664//2606
f 696//2607 698//2607 2664//2607
f 2664//2607 698//2607 2665//2607
f 698//2608 700//2608 2665//2608
f 2665//2608 700//2608 2667//2608
f 700//2609 702//2609 2667//2609
f 2667//2609 702//2609 2666//2609
f 702//2610 704//2610 2666//2610
f 2666//2610 704//2610 2655//2610
f 704//2611 706//2611 2655//2611
f 2655//2611 706//2611 2656//2611
f 706//2612 708//2612 2656//2612
f 2656//2612 708//2612 2669//2612
f 708//2613 710//2613 2669//2613
f 2669//2613 710//2613 2661//2613
f 710//2614 712//2614 2661//2614
f 2661//2614 712//2614 2662//2614
f 712//2615 714//2615 2662//2615
f 2662//2616 714//2616 2663//2616
f 714//2617 716//2617 2663//2617
f 2663//2617 716//2617 2652//2617
f 716//2618 718//2618 2652//2618
f 2652//2618 718//2618 2653//2618
f 718//2619 720//2619 2653//2619
f 2653//2619 720//2619 2659//2619
f 720//2620 722//2620 2659//2620
f 2659//2620 722//2620 2660//2620
f 722//2621 724//2621 2660//2621
f 2660//2622 724//2622 2643//2622
f 724//2623 726//2623 2643//2623
f 2643//2623 726//2623 2644//2623
f 726//2624 728//2624 2644//2624
f 2644//2624 728//2624 2645//2624
f 728//2625 730//2625 2645//2625
f 2645//2625 730//2625 2646//2625
f 730//2626 732//2626 2646//2626
f 2646//2626 732//2626 2647//2626
f 732//2627 734//2627 2647//2627
f 2647//2627 734//2627 2648//2627
f 734//2628 736//2628 2648//2628
f 2648//2628 736//2628 2649//2628
f 736//2629 738//2629 2649//2629
f 2649//2629 738//2629 2657//2629
f 738//2630 740//2630 2657//2630
f 2657//2630 740//2630 2658//2630
f 740//2631 742//2631 2658//2631
f 2658//2631 742//2631 2650//2631
f 742//2632 744//2632 2650//2632
f 2650//2632 744//2632 2651//2632
f 744//2633 644//2633 2651//2633
f 2651//2633 644//2633 2642//2633
f 2343//2634 2346//2634 688//2634
f 765//2635 764//2635 686//2635
f 2453//2636 2456//2636 683//2636
f 759//2637 758//2637 662//2637
f 2563//2638 2566//2638 685//2638
f 753//2639 752//2639 664//2639
f 1101//2640 1104//2640 650//2640
f 1321//2641 1324//2641 659//2641
f 69//2642 631//2642 676//2642
f 69//2643 813//2643 70//2643
f 813//2644 812//2644 70//2644
f 70//2645 812//2645 619//2645
f 812//2646 1478//2646 619//2646
f 1478//2647 810//2647 619//2647
f 619//2648 810//2648 620//2648
f 810//2649 809//2649 620//2649
f 620//2650 809//2650 621//2650
f 809//2651 1508//2651 621//2651
f 614//2652 468//2652 1511//2652
f 468//2653 467//2653 1511//2653
f 1511//2654 467//2654 1508//2654
f 467//2655 622//2655 1508//2655
f 1508//2656 622//2656 621//2656
f 614//2657 1511//2657 615//2657
f 1511//2658 1510//2658 615//2658
f 615//2659 1510//2659 1541//2659
f 1541//2660 1544//2660 615//2660
f 1544//2661 1543//2661 615//2661
f 615//2662 1543//2662 616//2662
f 1543//2663 807//2663 616//2663
f 616//2664 807//2664 617//2664
f 807//2665 806//2665 617//2665
f 617//2666 806//2666 613//2666
f 806//2667 1588//2667 613//2667
f 613//2668 1588//2668 612//2668
f 1588//2669 804//2669 612//2669
f 612//2670 804//2670 592//2670
f 804//2671 803//2671 592//2671
f 592//2672 803//2672 593//2672
f 803//2673 1618//2673 593//2673
f 593//2674 1618//2674 609//2674
f 1618//2675 1621//2675 609//2675
f 609//2676 1621//2676 610//2676
f 1621//2677 1620//2677 610//2677
f 1651//2678 571//2678 1620//2678
f 571//2679 611//2679 1620//2679
f 1620//2680 611//2680 610//2680
f 1651//2681 1654//2681 571//2681
f 1654//2682 1653//2682 571//2682
f 571//2683 1653//2683 572//2683
f 1653//2684 801//2684 572//2684
f 572//2685 801//2685 588//2685
f 801//2686 800//2686 588//2686
f 588//2687 800//2687 589//2687
f 800//2688 1698//2688 589//2688
f 589//2689 1698//2689 590//2689
f 1698//2690 798//2690 590//2690
f 590//2691 798//2691 591//2691
f 798//2692 797//2692 591//2692
f 591//2693 797//2693 570//2693
f 797//2694 1728//2694 570//2694
f 570//2695 1728//2695 569//2695
f 569//2696 1728//2696 549//2696
f 1728//2697 1731//2697 549//2697
f 549//2698 1731//2698 550//2698
f 1731//2699 1730//2699 550//2699
f 550//2700 1730//2700 566//2700
f 1730//2701 1761//2701 566//2701
f 1761//2702 1764//2702 566//2702
f 566//2703 1764//2703 567//2703
f 1764//2704 1763//2704 567//2704
f 567//2705 1763//2705 568//2705
f 1763//2706 795//2706 568//2706
f 568//2707 795//2707 528//2707
f 795//2708 794//2708 528//2708
f 528//2709 794//2709 529//2709
f 794//2710 1808//2710 529//2710
f 1808//2711 792//2711 529//2711
f 529//2712 792//2712 546//2712
f 792//2713 791//2713 546//2713
f 546//2714 791//2714 547//2714
f 791//2715 1838//2715 547//2715
f 547//2716 1838//2716 548//2716
f 548//2717 1838//2717 366//2717
f 1838//2718 1854//2718 366//2718
f 366//2719 1854//2719 367//2719
f 1854//2720 1870//2720 367//2720
f 367//2721 1870//2721 524//2721
f 524//2722 1870//2722 525//2722
f 1870//2723 1873//2723 525//2723
f 525//2724 1873//2724 526//2724
f 1873//2725 1872//2725 526//2725
f 526//2726 1872//2726 527//2726
f 1872//2727 1903//2727 527//2727
f 1903//2728 1906//2728 527//2728
f 527//2729 1906//2729 523//2729
f 1906//2730 1905//2730 523//2730
f 523//2731 1905//2731 522//2731
f 1905//2732 789//2732 522//2732
f 522//2733 789//2733 507//2733
f 789//2734 788//2734 507//2734
f 507//2735 788//2735 508//2735
f 788//2736 1950//2736 508//2736
f 1950//2737 786//2737 508//2737
f 508//2738 786//2738 519//2738
f 786//2739 785//2739 519//2739
f 519//2740 785//2740 520//2740
f 785//2741 1980//2741 520//2741
f 2013//2742 506//2742 1982//2742
f 506//2743 326//2743 1982//2743
f 1982//2744 326//2744 1983//2744
f 326//2745 325//2745 1983//2745
f 1983//2746 325//2746 1980//2746
f 325//2747 521//2747 1980//2747
f 1980//2748 521//2748 520//2748
f 2013//2749 2016//2749 506//2749
f 2016//2750 2015//2750 506//2750
f 506//2751 2015//2751 495//2751
f 2015//2752 783//2752 495//2752
f 495//2753 783//2753 496//2753
f 783//2754 782//2754 496//2754
f 496//2755 782//2755 497//2755
f 782//2756 2060//2756 497//2756
f 497//2757 2060//2757 498//2757
f 2060//2758 484//2758 498//2758
f 2060//2759 780//2759 484//2759
f 780//2760 779//2760 484//2760
f 484//2761 779//2761 485//2761
f 779//2762 2090//2762 485//2762
f 485//2763 2090//2763 492//2763
f 2090//2764 2093//2764 492//2764
f 492//2765 2093//2765 493//2765
f 2093//2766 2092//2766 493//2766
f 493//2767 2092//2767 494//2767
f 2092//2768 2123//2768 494//2768
f 494//2769 2123//2769 476//2769
f 2123//2770 2126//2770 476//2770
f 476//2771 2126//2771 477//2771
f 2126//2772 2125//2772 477//2772
f 2125//2773 777//2773 477//2773
f 477//2774 777//2774 480//2774
f 777//2775 776//2775 480//2775
f 480//2776 776//2776 481//2776
f 776//2777 2170//2777 481//2777
f 481//2778 2170//2778 482//2778
f 2170//2779 774//2779 482//2779
f 482//2780 774//2780 483//2780
f 774//2781 773//2781 483//2781
f 483//2782 773//2782 475//2782
f 773//2783 2200//2783 475//2783
f 475//2784 2200//2784 59//2784
f 59//2785 2200//2785 60//2785
f 2200//2786 2203//2786 60//2786
f 60//2787 2203//2787 62//2787
f 2203//2788 2202//2788 62//2788
f 62//2789 2202//2789 65//2789
f 771//2790 770//2790 63//2790
f 770//2791 667//2791 63//2791
f 63//2791 667//2791 633//2791
f 2202//2792 2233//2792 65//2792
f 2233//2793 2236//2793 65//2793
f 65//2794 2236//2794 63//2794
f 2236//2795 2235//2795 63//2795
f 63//2796 2235//2796 771//2796
f 1400//2797 1431//2797 676//2797
f 1431//2798 1434//2798 676//2798
f 676//2642 1434//2642 69//2642
f 1434//2799 1433//2799 69//2799
f 69//2800 1433//2800 813//2800
f 1400//2801 676//2801 1401//2801
f 676//2802 677//2802 1401//2802
f 1401//2803 677//2803 1398//2803
f 677//2804 661//2804 1398//2804
f 1398//2805 661//2805 815//2805
f 815//2806 661//2806 816//2806
f 661//2807 660//2807 816//2807
f 816//2808 660//2808 1368//2808
f 1324//2809 1323//2809 659//2809
f 1323//2810 819//2810 659//2810
f 659//2811 819//2811 660//2811
f 819//2812 818//2812 660//2812
f 660//2813 818//2813 1368//2813
f 674//2814 1288//2814 675//2814
f 1288//2815 1291//2815 675//2815
f 675//2816 1291//2816 659//2816
f 1291//2817 1290//2817 659//2817
f 659//2818 1290//2818 1321//2818
f 824//2819 1258//2819 681//2819
f 1258//2820 822//2820 681//2820
f 681//2821 822//2821 674//2821
f 822//2822 821//2822 674//2822
f 674//2823 821//2823 1288//2823
f 824//2824 681//2824 825//2824
f 681//2825 682//2825 825//2825
f 825//2826 682//2826 1213//2826
f 1180//2827 1211//2827 682//2827
f 1211//2828 1214//2828 682//2828
f 682//2829 1214//2829 1213//2829
f 1180//2830 682//2830 1181//2830
f 682//2831 680//2831 1181//2831
f 1181//2832 680//2832 1178//2832
f 680//2833 679//2833 1178//2833
f 1178//2834 679//2834 827//2834
f 827//2835 679//2835 828//2835
f 679//2836 678//2836 828//2836
f 828//2837 678//2837 1148//2837
f 1104//2838 1103//2838 650//2838
f 1103//2839 831//2839 650//2839
f 650//2840 831//2840 678//2840
f 831//2841 830//2841 678//2841
f 678//2842 830//2842 1148//2842
f 666//2843 1067//2843 649//2843
f 1067//2844 1071//2844 649//2844
f 649//2845 1071//2845 650//2845
f 1071//2846 1070//2846 650//2846
f 650//2847 1070//2847 1101//2847
f 665//2848 2640//2848 666//2848
f 2640//2849 1068//2849 666//2849
f 666//2850 1068//2850 1067//2850
f 752//2851 2610//2851 664//2851
f 2610//2852 750//2852 664//2852
f 664//2853 750//2853 665//2853
f 750//2854 749//2854 665//2854
f 665//2855 749//2855 2640//2855
f 685//2856 2566//2856 664//2856
f 2566//2857 2565//2857 664//2857
f 664//2858 2565//2858 753//2858
f 663//2859 2530//2859 684//2859
f 2530//2860 2533//2860 684//2860
f 684//2861 2533//2861 685//2861
f 2533//2862 2532//2862 685//2862
f 685//2863 2532//2863 2563//2863
f 758//2864 2500//2864 662//2864
f 2500//2865 756//2865 662//2865
f 662//2866 756//2866 663//2866
f 756//2867 755//2867 663//2867
f 663//2868 755//2868 2530//2868
f 683//2869 2456//2869 662//2869
f 2456//2870 2455//2870 662//2870
f 662//2871 2455//2871 759//2871
f 687//2872 2420//2872 652//2872
f 2420//2873 2423//2873 652//2873
f 652//2874 2423//2874 683//2874
f 2423//2875 2422//2875 683//2875
f 683//2876 2422//2876 2453//2876
f 764//2877 2390//2877 686//2877
f 2390//2878 762//2878 686//2878
f 686//2879 762//2879 687//2879
f 762//2880 761//2880 687//2880
f 687//2881 761//2881 2420//2881
f 688//2882 2346//2882 686//2882
f 2346//2883 2345//2883 686//2883
f 686//2884 2345//2884 765//2884
f 668//2885 2310//2885 689//2885
f 2310//2886 2313//2886 689//2886
f 689//2887 2313//2887 688//2887
f 2313//2888 2312//2888 688//2888
f 688//2889 2312//2889 2343//2889
f 770//2890 2280//2890 667//2890
f 2280//2891 768//2891 667//2891
f 667//2892 768//2892 668//2892
f 768//2893 767//2893 668//2893
f 668//2894 767//2894 2310//2894
f 2670//2895 2671//2895 628//2895
f 2671//2895 627//2895 628//2895
f 87//2896 631//2896 88//2896
f 631//2896 98//2896 88//2896
f 87//2896 86//2896 631//2896
f 86//2896 85//2896 631//2896
f 631//2896 85//2896 91//2896
f 2642//2896 644//2896 89//2896
f 644//2896 631//2896 89//2896
f 89//2896 631//2896 90//2896
f 631//2896 91//2896 90//2896
f 105//2896 84//2896 631//2896
f 84//2896 83//2896 631//2896
f 631//2896 83//2896 98//2896
f 76//2896 631//2896 78//2896
f 631//2896 79//2896 78//2896
f 76//2896 17//2896 631//2896
f 17//2897 16//2897 631//2897
f 631//2896 16//2896 105//2896
f 21//2896 115//2896 631//2896
f 21//2896 631//2896 22//2896
f 115//2896 19//2896 631//2896
f 19//2896 18//2896 631//2896
f 631//2896 18//2896 79//2896
f 25//2896 24//2896 631//2896
f 74//2896 73//2896 631//2896
f 73//2896 71//2896 631//2896
f 631//2896 71//2896 22//2896
f 25//2896 631//2896 27//2896
f 24//2896 23//2896 631//2896
f 23//2896 75//2896 631//2896
f 631//2896 75//2896 74//2896
f 306//2896 29//2896 631//2896
f 29//2896 28//2896 631//2896
f 631//2896 28//2896 27//2896
f 618//2896 631//2896 68//2896
f 631//2898 69//2898 68//2898
f 618//2896 32//2896 631//2896
f 32//2896 31//2896 631//2896
f 631//2896 31//2896 306//2896
f 625//2899 626//2899 2670//2899
f 626//2899 2671//2899 2670//2899
f 2671//2953 2730//2953 627//2953
f 2730//2953 747//2953 627//2953
f 626//2942 2732//2942 2671//2942
f 2732//2942 2730//2942 2671//2942
f 2732//2600 2733//2600 2730//2600
f 747//2600 2733//2600 748//2600
f 624//2954 748//2954 626//2954
f 748//2954 2732//2954 626//2954
f 2732//2600 748//2600 2733//2600
f 747//2600 2730//2600 2733//2600
usemtl Metalic
f 651//2900 2672//2900 653//2900
f 2672//2901 2673//2901 653//2901
f 653//2901 2673//2901 634//2901
f 2673//2902 2674//2902 634//2902
f 634//2856 2674//2856 635//2856
f 2674//2861 2675//2861 635//2861
f 635//2861 2675//2861 639//2861
f 2675//2903 2676//2903 639//2903
f 639//2903 2676//2903 640//2903
f 2676//2904 2677//2904 640//2904
f 640//2904 2677//2904 641//2904
f 2677//2869 2678//2869 641//2869
f 641//2869 2678//2869 654//2869
f 2678//2874 2679//2874 654//2874
f 654//2874 2679//2874 655//2874
f 2679//2905 2680//2905 655//2905
f 655//2905 2680//2905 656//2905
f 2680//2906 2681//2906 656//2906
f 656//2907 2681//2907 669//2907
f 2681//2882 2682//2882 669//2882
f 669//2882 2682//2882 670//2882
f 2682//2887 2683//2887 670//2887
f 670//2887 2683//2887 672//2887
f 2683//2908 2684//2908 672//2908
f 672//2908 2684//2908 673//2908
f 2684//2909 2685//2909 673//2909
f 673//2909 2685//2909 690//2909
f 2685//696 2686//696 690//696
f 690//696 2686//696 691//696
f 2686//2910 2687//2910 691//2910
f 691//2910 2687//2910 693//2910
f 2687//2911 2688//2911 693//2911
f 693//2911 2688//2911 695//2911
f 2688//2912 2689//2912 695//2912
f 695//2912 2689//2912 697//2912
f 2689//2913 2690//2913 697//2913
f 697//2913 2690//2913 699//2913
f 2690//2914 2691//2914 699//2914
f 699//2914 2691//2914 701//2914
f 2691//2915 2692//2915 701//2915
f 701//2915 2692//2915 703//2915
f 2692//2916 2693//2916 703//2916
f 703//2916 2693//2916 705//2916
f 2693//2917 2694//2917 705//2917
f 705//2917 2694//2917 707//2917
f 2694//2918 2695//2918 707//2918
f 707//2918 2695//2918 709//2918
f 2695//2919 2696//2919 709//2919
f 709//2919 2696//2919 711//2919
f 2696//2920 2697//2920 711//2920
f 711//2921 2697//2921 713//2921
f 2697//2922 2698//2922 713//2922
f 713//2923 2698//2923 715//2923
f 2698//2924 2699//2924 715//2924
f 715//2924 2699//2924 717//2924
f 2699//2925 2700//2925 717//2925
f 717//2925 2700//2925 719//2925
f 2700//2926 2701//2926 719//2926
f 719//2926 2701//2926 721//2926
f 2701//2927 2702//2927 721//2927
f 721//2927 2702//2927 723//2927
f 2702//2928 2703//2928 723//2928
f 723//2929 2703//2929 725//2929
f 2703//2930 2704//2930 725//2930
f 725//2931 2704//2931 727//2931
f 2704//2932 2705//2932 727//2932
f 727//2932 2705//2932 729//2932
f 2705//2933 2706//2933 729//2933
f 729//2933 2706//2933 731//2933
f 2706//2934 2707//2934 731//2934
f 731//2934 2707//2934 733//2934
f 2707//2935 2708//2935 733//2935
f 733//2935 2708//2935 735//2935
f 2708//2936 2709//2936 735//2936
f 735//2936 2709//2936 737//2936
f 2709//2937 2710//2937 737//2937
f 737//2937 2710//2937 739//2937
f 2710//2938 2711//2938 739//2938
f 739//2938 2711//2938 741//2938
f 2711//2939 2712//2939 741//2939
f 741//2939 2712//2939 743//2939
f 2712//2940 2713//2940 743//2940
f 743//2940 2713//2940 745//2940
f 2713//2941 2714//2941 745//2941
f 745//2941 2714//2941 746//2941
f 2714//2942 2715//2942 746//2942
f 746//2942 2715//2942 642//2942
f 2715//2802 2716//2802 642//2802
f 642//2802 2716//2802 643//2802
f 2716//2943 2717//2943 643//2943
f 643//2943 2717//2943 645//2943
f 2717//2944 2718//2944 645//2944
f 645//2944 2718//2944 646//2944
f 2718//2945 2719//2945 646//2945
f 646//2945 2719//2945 647//2945
f 2719//2946 2720//2946 647//2946
f 647//2816 2720//2816 648//2816
f 2720//2947 2721//2947 648//2947
f 648//2947 2721//2947 657//2947
f 2721//2821 2722//2821 657//2821
f 657//2821 2722//2821 658//2821
f 2722//2948 2723//2948 658//2948
f 658//2948 2723//2948 629//2948
f 2723//2831 2724//2831 629//2831
f 629//2831 2724//2831 630//2831
f 2724//2949 2725//2949 630//2949
f 630//2949 2725//2949 632//2949
f 2725//2836 2726//2836 632//2836
f 632//2836 2726//2836 636//2836
f 2726//2950 2727//2950 636//2950
f 636//2951 2727//2951 637//2951
f 2727//2845 2728//2845 637//2845
f 637//2845 2728//2845 638//2845
f 2728//2952 2729//2952 638//2952
f 638//2952 2729//2952 651//2952
f 2729//2900 2672//2900 651//2900
f 2700//695 2699//695 2731//695
f 2703//695 2702//695 2731//695
f 2702//695 2701//695 2731//695
f 2731//695 2701//695 2700//695
f 2706//695 2705//695 2731//695
f 2705//695 2704//695 2731//695
f 2731//695 2704//695 2703//695
f 2709//695 2708//695 2731//695
f 2708//695 2707//695 2731//695
f 2731//695 2707//695 2706//695
f 2712//695 2711//695 2731//695
f 2711//695 2710//695 2731//695
f 2731//695 2710//695 2709//695
f 2715//695 2714//695 2731//695
f 2714//695 2713//695 2731//695
f 2731//695 2713//695 2712//695
f 2718//695 2717//695 2731//695
f 2717//695 2716//695 2731//695
f 2731//695 2716//695 2715//695
f 2721//695 2720//695 2731//695
f 2720//695 2719//695 2731//695
f 2731//695 2719//695 2718//695
f 2724//695 2723//695 2731//695
f 2723//695 2722//695 2731//695
f 2731//695 2722//695 2721//695
f 2727//695 2726//695 2731//695
f 2726//695 2725//695 2731//695
f 2731//695 2725//695 2724//695
f 2672//695 2729//695 2731//695
f 2729//695 2728//695 2731//695
f 2731//695 2728//695 2727//695
f 2675//695 2674//695 2731//695
f 2674//695 2673//695 2731//695
f 2731//695 2673//695 2672//695
f 2678//695 2677//695 2731//695
f 2677//695 2676//695 2731//695
f 2731//695 2676//695 2675//695
f 2681//695 2680//695 2731//695
f 2680//695 2679//695 2731//695
f 2731//695 2679//695 2678//695
f 2684//695 2683//695 2731//695
f 2683//695 2682//695 2731//695
f 2731//695 2682//695 2681//695
f 2687//695 2686//695 2731//695
f 2686//695 2685//695 2731//695
f 2731//695 2685//695 2684//695
f 2690//695 2689//695 2731//695
f 2689//695 2688//695 2731//695
f 2731//695 2688//695 2687//695
f 2693//695 2692//695 2731//695
f 2692//695 2691//695 2731//695
f 2731//695 2691//695 2690//695
f 2696//695 2695//695 2731//695
f 2695//695 2694//695 2731//695
f 2731//695 2694//695 2693//695
f 2699//695 2698//695 2731//695
f 2698//695 2697//695 2731//695
f 2731//695 2697//695 2696//695
