# Blender 4.3.2
# www.blender.org
mtllib arm1.mtl
o arm1
v -0.046678 0.193420 0.183250
v -0.049480 0.333465 0.183245
v -0.049825 0.333458 0.180764
v -0.028170 0.292466 0.200890
v -0.027575 0.292315 0.200926
v -0.027352 0.333907 0.200969
v -0.026852 0.292059 0.200958
v -0.024995 0.333955 0.200991
v -0.025823 0.291585 0.200983
v -0.024129 0.290662 0.200991
v -0.030944 0.292204 0.200564
v -0.030519 0.292363 0.200633
v -0.032248 0.333809 0.200481
v -0.030076 0.292478 0.200696
v -0.029617 0.292548 0.200754
v -0.029767 0.333859 0.200826
v -0.029129 0.292569 0.200808
v -0.028660 0.292542 0.200852
v -0.034759 0.333759 0.199884
v -0.033513 0.290136 0.199990
v -0.032846 0.290871 0.200168
v -0.032312 0.291354 0.200295
v -0.031812 0.291727 0.200402
v -0.031346 0.292009 0.200493
v -0.034366 0.288978 0.199731
v -0.036006 0.333734 0.199483
v -0.035424 0.287179 0.199358
v -0.037236 0.333710 0.199012
v -0.036505 0.284870 0.198908
v -0.038438 0.333686 0.198471
v -0.037541 0.282172 0.198405
v -0.039604 0.333662 0.197860
v -0.038713 0.278464 0.197738
v -0.040724 0.333640 0.197180
v -0.039735 0.274558 0.197053
v -0.041790 0.333619 0.196433
v -0.040816 0.269611 0.196199
v -0.042798 0.333598 0.195620
v -0.041829 0.263987 0.195241
v -0.043741 0.333580 0.194741
v -0.042301 0.260976 0.194730
v -0.044620 0.333562 0.193797
v -0.042795 0.257497 0.194141
v -0.045433 0.333546 0.192790
v -0.043637 0.250573 0.192972
v -0.046180 0.333531 0.191723
v -0.044399 0.242889 0.191674
v -0.046860 0.333517 0.190603
v -0.045127 0.233714 0.190121
v -0.046576 0.199984 0.184376
v -0.046377 0.208056 0.185756
v -0.048883 0.333477 0.185757
v -0.046215 0.212921 0.186587
v -0.048483 0.333485 0.187004
v -0.045737 0.223685 0.188420
v -0.048012 0.333494 0.188234
v -0.047470 0.333505 0.189437
v -0.046347 0.151340 0.175991
v -0.046430 0.155565 0.176724
v -0.049990 0.333455 0.175991
v -0.046701 0.173597 0.179841
v -0.049968 0.333455 0.178348
v -0.046734 0.178997 0.180772
v -0.046732 0.186628 0.182084
v -0.016346 0.287202 0.200991
v -0.045939 0.130956 0.172439
v -0.011010 0.285682 0.200991
v -0.044553 0.061659 0.160237
v -0.044074 0.037710 0.155991
v -0.033231 0.036301 0.155991
v 0.032859 0.282872 0.198982
v 0.039823 0.274187 0.196988
v 0.038719 0.278441 0.197734
v 0.041825 0.264013 0.195245
v 0.040845 0.269468 0.196175
v 0.033448 0.273975 0.197551
v 0.043697 0.250020 0.192878
v 0.042819 0.257317 0.194111
v 0.042302 0.260972 0.194729
v 0.021484 0.289306 0.200991
v 0.023956 0.290567 0.200991
v 0.024129 0.290662 0.200991
v 0.026198 0.291770 0.200976
v 0.027151 0.292174 0.200946
v 0.028834 0.292557 0.200836
v 0.028374 0.292503 0.200875
v 0.027780 0.292374 0.200915
v 0.033711 0.289891 0.199933
v 0.033062 0.290650 0.200112
v 0.033443 0.287201 0.199571
v 0.032523 0.291174 0.200246
v 0.031992 0.291601 0.200365
v 0.031504 0.291920 0.200463
v 0.031053 0.292156 0.200546
v 0.030630 0.292326 0.200615
v 0.030208 0.292449 0.200678
v 0.029756 0.292532 0.200737
v 0.029302 0.292568 0.200790
v 0.037643 0.281878 0.198352
v 0.036466 0.284962 0.198925
v 0.035532 0.286969 0.199316
v 0.034551 0.288694 0.199670
v 0.018946 0.288183 0.200991
v 0.045257 0.231798 0.189797
v 0.044527 0.241428 0.191427
v 0.011013 0.285683 0.200991
v 0.046657 0.169371 0.179112
v 0.013702 0.286369 0.200991
v 0.046741 0.183393 0.181528
v 0.046678 0.193420 0.183251
v 0.046637 0.196495 0.183778
v 0.016349 0.287203 0.200991
v 0.046352 0.208888 0.185898
v 0.045868 0.221099 0.187980
v 0.033249 0.036303 0.155991
v 0.044074 0.037710 0.155991
v 0.044692 0.068632 0.161471
v -0.008287 0.285146 0.200991
v -0.013699 0.286368 0.200991
v -0.018943 0.288182 0.200991
v -0.021481 0.289304 0.200991
v -0.023953 0.290566 0.200991
v -0.033429 0.274061 0.197566
v -0.032586 0.282932 0.199018
v -0.033295 0.287341 0.199607
v -0.005539 0.284762 0.200991
v -0.016637 0.034916 0.155991
v -0.002773 0.284531 0.200991
v 0.000009 0.034455 0.155991
v 0.000001 0.284455 0.200991
v 0.016654 0.034917 0.155991
v 0.002776 0.284532 0.200991
v 0.005541 0.284763 0.200991
v 0.008290 0.285147 0.200991
v 0.045825 0.125249 0.171441
v 0.046347 0.151340 0.175991
v 0.047927 0.346796 0.183245
v 0.047411 0.348650 0.183245
v 0.046839 0.348479 0.185757
v 0.007920 0.383823 0.175991
v 0.006378 0.384046 0.175991
v 0.006375 0.384021 0.178348
v 0.000560 0.384287 0.180764
v -0.001358 0.384271 0.180764
v -0.001348 0.383926 0.183245
v -0.003273 0.384181 0.180764
v -0.005184 0.384017 0.180764
v -0.005148 0.383674 0.183245
v -0.007920 0.383823 0.175991
v -0.013102 0.382707 0.175991
v -0.012840 0.382752 0.178348
v -0.028323 0.375035 0.183245
v -0.029885 0.373899 0.183245
v -0.029525 0.373424 0.185757
v -0.041691 0.361748 0.180764
v -0.042724 0.360102 0.180764
v -0.042428 0.359925 0.183245
v -0.049973 0.336105 0.175991
v 0.048411 0.337256 0.187004
v 0.047941 0.337228 0.188234
v 0.048012 0.333494 0.188234
v 0.047044 0.340873 0.189437
v 0.047581 0.340946 0.188234
v 0.046934 0.344613 0.188234
v 0.034659 0.368941 0.185757
v 0.035968 0.367573 0.185757
v 0.036407 0.367977 0.183245
v -0.031541 0.369943 0.189437
v -0.031135 0.369486 0.190603
v -0.028302 0.371810 0.190603
v -0.038677 0.361987 0.189437
v -0.038180 0.361633 0.190603
v -0.035970 0.364499 0.190603
v -0.042493 0.355632 0.189437
v -0.041946 0.355360 0.190603
v -0.040181 0.358576 0.190603
v -0.044577 0.354537 0.185757
v -0.043758 0.356262 0.185757
v -0.044292 0.356529 0.183245
v -0.046235 0.345255 0.189437
v -0.045640 0.345116 0.190603
v -0.044681 0.348607 0.190603
v -0.038446 0.334462 0.198471
v -0.037243 0.334462 0.199012
v -0.037142 0.337205 0.199012
v -0.036013 0.334461 0.199483
v -0.034766 0.334461 0.199884
v -0.034671 0.337022 0.199884
v -0.049456 0.336288 0.183245
v -0.049355 0.338109 0.183245
v -0.049699 0.338135 0.180764
v -0.048360 0.338036 0.187004
v -0.048492 0.334464 0.187004
v -0.047890 0.338001 0.188234
v -0.048021 0.334464 0.188234
v -0.047350 0.337961 0.189437
v -0.047480 0.334463 0.189437
v -0.046741 0.337916 0.190603
v -0.046869 0.334463 0.190603
v -0.035915 0.337114 0.199483
v -0.046331 0.341539 0.190603
v -0.046935 0.341631 0.189437
v -0.047470 0.341713 0.188234
v -0.047935 0.341784 0.187004
v -0.046762 0.345378 0.188234
v -0.045264 0.348791 0.189437
v -0.043452 0.352023 0.190603
v -0.046334 0.353188 0.178348
v -0.046891 0.351331 0.180764
v -0.046202 0.353135 0.180764
v -0.046566 0.351215 0.183245
v -0.045882 0.353005 0.183245
v -0.046005 0.351012 0.185757
v -0.040704 0.358890 0.189437
v -0.041168 0.359169 0.188234
v -0.042977 0.355873 0.188234
v -0.043399 0.356084 0.187004
v -0.044957 0.352631 0.187004
v -0.021502 0.374486 0.192790
v -0.024936 0.373331 0.191723
v -0.024533 0.372702 0.192790
v -0.027892 0.371269 0.191723
v -0.027441 0.370673 0.192790
v -0.030683 0.368978 0.191723
v -0.030187 0.368420 0.192790
v -0.033276 0.366488 0.191723
v -0.032738 0.365970 0.192790
v -0.035449 0.364063 0.191723
v -0.034876 0.363584 0.192790
v -0.037626 0.361239 0.191723
v -0.037017 0.360806 0.192790
v -0.039598 0.358226 0.191723
v -0.038958 0.357842 0.192790
v -0.041338 0.355056 0.191723
v -0.040669 0.354723 0.192790
v -0.042822 0.351768 0.191723
v -0.042129 0.351488 0.192790
v -0.044034 0.348402 0.191723
v -0.043321 0.348176 0.192790
v -0.044978 0.344962 0.191723
v -0.044251 0.344792 0.192790
v -0.045659 0.341436 0.191723
v -0.044920 0.341323 0.192790
v -0.046063 0.337866 0.191723
v -0.045318 0.337810 0.192790
v -0.046189 0.334463 0.191723
v -0.045442 0.334463 0.192790
v -0.014509 0.375728 0.194741
v -0.018029 0.375280 0.193797
v -0.017674 0.374476 0.194741
v -0.021117 0.373770 0.193797
v -0.020701 0.372996 0.194741
v -0.024094 0.372018 0.193797
v -0.023619 0.371278 0.194741
v -0.026949 0.370025 0.193797
v -0.026419 0.369324 0.194741
v -0.029647 0.367812 0.193797
v -0.029063 0.367155 0.194741
v -0.032152 0.365406 0.193797
v -0.031519 0.364797 0.194741
v -0.034251 0.363063 0.193797
v -0.033577 0.362500 0.194741
v -0.036355 0.360334 0.193797
v -0.035639 0.359824 0.194741
v -0.038260 0.357423 0.193797
v -0.037507 0.356971 0.194741
v -0.039941 0.354360 0.193797
v -0.039155 0.353968 0.194741
v -0.041375 0.351183 0.193797
v -0.040560 0.350854 0.194741
v -0.042546 0.347931 0.193797
v -0.041708 0.347665 0.194741
v -0.043459 0.344607 0.193797
v -0.042603 0.344407 0.194741
v -0.044116 0.341200 0.193797
v -0.043248 0.341067 0.194741
v -0.044507 0.337750 0.193797
v -0.043631 0.337685 0.194741
v -0.044629 0.334463 0.193797
v -0.043750 0.334463 0.194741
v -0.007554 0.375562 0.196433
v -0.010997 0.375821 0.195620
v -0.010738 0.374848 0.196433
v -0.014196 0.374837 0.195620
v -0.013862 0.373887 0.196433
v -0.017293 0.373612 0.195620
v -0.016886 0.372691 0.196433
v -0.020254 0.372164 0.195620
v -0.019778 0.371277 0.196433
v -0.023110 0.370483 0.195620
v -0.022566 0.369636 0.196433
v -0.025849 0.368572 0.195620
v -0.025241 0.367769 0.196433
v -0.028436 0.366450 0.195620
v -0.027767 0.365697 0.196433
v -0.030839 0.364142 0.195620
v -0.030113 0.363443 0.196433
v -0.032852 0.361895 0.195620
v -0.032079 0.361249 0.196433
v -0.034870 0.359277 0.195620
v -0.034049 0.358693 0.196433
v -0.036698 0.356485 0.195620
v -0.035834 0.355966 0.196433
v -0.038310 0.353547 0.195620
v -0.037408 0.353098 0.196433
v -0.039685 0.350500 0.195620
v -0.038751 0.350122 0.196433
v -0.040808 0.347380 0.195620
v -0.039848 0.347076 0.196433
v -0.041684 0.344192 0.195620
v -0.040703 0.343963 0.196433
v -0.042315 0.340924 0.195620
v -0.041319 0.340772 0.196433
v -0.042689 0.337616 0.195620
v -0.041685 0.337541 0.196433
v -0.042806 0.334463 0.195620
v -0.041799 0.334462 0.196433
v -0.001079 0.374051 0.197860
v -0.004237 0.374964 0.197180
v -0.004121 0.373850 0.197860
v -0.007361 0.374513 0.197180
v -0.007159 0.373411 0.197860
v -0.010464 0.373817 0.197180
v -0.010177 0.372735 0.197860
v -0.013508 0.372881 0.197180
v -0.013137 0.371824 0.197860
v -0.016455 0.371715 0.197180
v -0.016002 0.370690 0.197860
v -0.019273 0.370337 0.197180
v -0.018743 0.369350 0.197860
v -0.021990 0.368738 0.197180
v -0.021385 0.367795 0.197860
v -0.024596 0.366919 0.197180
v -0.023920 0.366026 0.197860
v -0.027058 0.364899 0.197180
v -0.026314 0.364062 0.197860
v -0.029344 0.362704 0.197180
v -0.028537 0.361927 0.197860
v -0.031261 0.360565 0.197180
v -0.030401 0.359847 0.197860
v -0.033180 0.358074 0.197180
v -0.032268 0.357425 0.197860
v -0.034919 0.355417 0.197180
v -0.033959 0.354841 0.197860
v -0.036454 0.352622 0.197180
v -0.035451 0.352123 0.197860
v -0.037762 0.349722 0.197180
v -0.036724 0.349303 0.197860
v -0.038831 0.346754 0.197180
v -0.037763 0.346416 0.197860
v -0.039664 0.343720 0.197180
v -0.038573 0.343465 0.197860
v -0.040264 0.340611 0.197180
v -0.039157 0.340442 0.197860
v -0.040621 0.337463 0.197180
v -0.039504 0.337380 0.197860
v -0.040732 0.334462 0.197180
v -0.039612 0.334462 0.197860
v -0.003211 0.383241 0.185757
v -0.003251 0.383837 0.183245
v -0.001308 0.382458 0.188234
v -0.001321 0.382929 0.187004
v -0.005044 0.382682 0.187004
v -0.034366 0.339709 0.199884
v -0.035600 0.339898 0.199483
v -0.033854 0.342363 0.199884
v -0.035069 0.342647 0.199483
v -0.033143 0.344952 0.199884
v -0.034332 0.345329 0.199483
v -0.032231 0.347486 0.199884
v -0.033387 0.347954 0.199483
v -0.031114 0.349961 0.199884
v -0.032231 0.350518 0.199483
v -0.029805 0.352347 0.199884
v -0.030874 0.352989 0.199483
v -0.028320 0.354615 0.199884
v -0.029337 0.355338 0.199483
v -0.026682 0.356740 0.199884
v -0.027639 0.357540 0.199483
v -0.025046 0.358566 0.199884
v -0.025945 0.359431 0.199483
v -0.023095 0.360440 0.199884
v -0.023924 0.361372 0.199483
v -0.020993 0.362164 0.199884
v -0.021747 0.363158 0.199483
v -0.018769 0.363716 0.199884
v -0.019442 0.364766 0.199483
v -0.016450 0.365081 0.199884
v -0.017040 0.366180 0.199483
v -0.014044 0.366257 0.199884
v -0.014548 0.367398 0.199483
v -0.011529 0.367252 0.199884
v -0.011943 0.368429 0.199483
v -0.008931 0.368051 0.199884
v -0.009252 0.369257 0.199483
v -0.006283 0.368645 0.199884
v -0.006508 0.369872 0.199483
v -0.003616 0.369030 0.199884
v -0.003746 0.370271 0.199483
v -0.000947 0.369207 0.199884
v -0.000981 0.370454 0.199483
v -0.038341 0.337294 0.198471
v -0.036816 0.340084 0.199012
v -0.038005 0.340265 0.198471
v -0.036267 0.342927 0.199012
v -0.037438 0.343200 0.198471
v -0.035505 0.345700 0.199012
v -0.036652 0.346064 0.198471
v -0.034528 0.348415 0.199012
v -0.035643 0.348866 0.198471
v -0.033331 0.351066 0.199012
v -0.034408 0.351603 0.198471
v -0.031929 0.353622 0.199012
v -0.032960 0.354241 0.198471
v -0.030339 0.356051 0.199012
v -0.031318 0.356749 0.198471
v -0.028583 0.358329 0.199012
v -0.029506 0.359100 0.198471
v -0.026831 0.360284 0.199012
v -0.027697 0.361118 0.198471
v -0.024741 0.362292 0.199012
v -0.025540 0.363191 0.198471
v -0.022490 0.364138 0.199012
v -0.023216 0.365097 0.198471
v -0.020106 0.365801 0.199012
v -0.020756 0.366814 0.198471
v -0.017622 0.367264 0.199012
v -0.018191 0.368323 0.198471
v -0.015045 0.368524 0.199012
v -0.015531 0.369624 0.198471
v -0.012351 0.369589 0.199012
v -0.012750 0.370724 0.198471
v -0.009568 0.370446 0.199012
v -0.009877 0.371608 0.198471
v -0.006731 0.371082 0.199012
v -0.006948 0.372265 0.198471
v -0.003874 0.371494 0.199012
v -0.003999 0.372690 0.198471
v -0.001015 0.371684 0.199012
v -0.001047 0.372886 0.198471
v 0.010196 0.383232 0.180764
v 0.008282 0.383593 0.180764
v 0.008225 0.383253 0.183245
v 0.046791 0.337162 0.190603
v 0.047401 0.337197 0.189437
v 0.047470 0.333505 0.189437
v 0.046860 0.333517 0.190603
v 0.046180 0.333531 0.191723
v -0.049841 0.338145 0.178348
v -0.049978 0.334464 0.178348
v -0.049801 0.336301 0.180764
v -0.049835 0.334464 0.180764
v -0.049490 0.334464 0.183245
v -0.048893 0.334464 0.185757
v -0.048860 0.336266 0.185757
v -0.048760 0.338065 0.185757
v -0.049176 0.340026 0.183245
v -0.049519 0.340065 0.180764
v -0.049263 0.341987 0.180764
v -0.027357 0.334460 0.200969
v -0.025000 0.334459 0.200991
v -0.027283 0.336475 0.200969
v -0.024923 0.336419 0.200991
v -0.027043 0.338589 0.200969
v -0.024585 0.338990 0.200991
v -0.026640 0.340678 0.200969
v -0.049404 0.342008 0.178348
v -0.048667 0.345823 0.178348
v -0.048529 0.345791 0.180764
v -0.048933 0.343896 0.180764
v -0.048594 0.343831 0.183245
v -0.048922 0.341935 0.183245
v -0.048332 0.341844 0.185757
v -0.048583 0.339959 0.185757
v -0.048008 0.343718 0.185757
v -0.048193 0.345713 0.183245
v -0.047611 0.345577 0.185757
v -0.047221 0.345486 0.187004
v -0.045780 0.348955 0.188234
v -0.044018 0.352252 0.189437
v -0.049863 0.338147 0.175991
v -0.049517 0.341386 0.175991
v -0.048689 0.345829 0.175991
v -0.048505 0.346589 0.175991
v -0.047645 0.349546 0.178348
v -0.047666 0.349552 0.175991
v -0.046948 0.351655 0.175991
v -0.044520 0.352455 0.188234
v -0.046229 0.349097 0.187004
v -0.047146 0.347407 0.185757
v -0.047722 0.347565 0.183245
v -0.048055 0.347657 0.180764
v -0.046355 0.353196 0.175991
v -0.047509 0.349503 0.180764
v -0.047180 0.349398 0.183245
v -0.046611 0.349218 0.185757
v -0.045328 0.352782 0.185757
v -0.026080 0.342715 0.200969
v -0.023988 0.341496 0.200991
v -0.025362 0.344709 0.200969
v -0.023132 0.343937 0.200991
v -0.024484 0.346657 0.200969
v -0.022017 0.346294 0.200991
v -0.023453 0.348534 0.200969
v -0.042846 0.360176 0.178348
v -0.044728 0.356746 0.178348
v -0.044601 0.356683 0.180764
v -0.045436 0.354924 0.180764
v -0.045121 0.354783 0.183245
v -0.043393 0.358245 0.183245
v -0.043695 0.358411 0.180764
v -0.042870 0.357958 0.185757
v -0.041916 0.359618 0.185757
v -0.041572 0.359411 0.187004
v -0.039118 0.362301 0.188234
v -0.036439 0.364891 0.189437
v -0.033765 0.366960 0.190603
v -0.040712 0.363436 0.178348
v -0.040596 0.363353 0.180764
v -0.041403 0.361559 0.183245
v -0.040315 0.363153 0.183245
v -0.040903 0.361232 0.185757
v -0.039829 0.362807 0.185757
v -0.039502 0.362574 0.187004
v -0.036855 0.365238 0.188234
v -0.034206 0.367383 0.189437
v -0.037216 0.365540 0.187004
v -0.037524 0.365797 0.185757
v -0.038705 0.364324 0.185757
v -0.037982 0.366179 0.183245
v -0.039178 0.364689 0.183245
v -0.038247 0.366400 0.180764
v -0.039451 0.364899 0.180764
v -0.034596 0.367759 0.188234
v -0.036005 0.369116 0.178348
v -0.038356 0.366492 0.178348
v -0.037098 0.367729 0.180764
v -0.035902 0.369017 0.180764
v -0.036841 0.367499 0.183245
v -0.035654 0.368778 0.183245
v -0.036397 0.367101 0.185757
v -0.035224 0.368364 0.185757
v -0.034935 0.368085 0.187004
v -0.022285 0.350318 0.200969
v -0.020668 0.348516 0.200991
v -0.020996 0.351991 0.200969
v -0.019118 0.350563 0.200991
v -0.019709 0.353428 0.200969
v -0.017373 0.352431 0.200991
v -0.018173 0.354902 0.200969
v -0.044864 0.356528 0.175991
v -0.042275 0.361153 0.175991
v -0.040733 0.363451 0.175991
v -0.039211 0.365478 0.175991
v -0.036021 0.369131 0.175991
v -0.035707 0.369455 0.175991
v -0.033200 0.371810 0.178348
v -0.033216 0.371827 0.175991
v -0.031802 0.373038 0.175991
v -0.033878 0.369708 0.185757
v -0.034291 0.370139 0.183245
v -0.034530 0.370388 0.180764
v -0.032213 0.370700 0.187004
v -0.031026 0.372240 0.185757
v -0.032480 0.370999 0.185757
v -0.031405 0.372702 0.183245
v -0.032876 0.371446 0.183245
v -0.031624 0.372968 0.180764
v -0.033105 0.371704 0.180764
v -0.026981 0.376520 0.178348
v -0.030179 0.374288 0.178348
v -0.028520 0.375318 0.180764
v -0.030093 0.374174 0.180764
v -0.025261 0.377410 0.180764
v -0.026904 0.376400 0.180764
v -0.026718 0.376109 0.183245
v -0.027981 0.374546 0.185757
v -0.023647 0.378482 0.178348
v -0.023580 0.378356 0.180764
v -0.025086 0.377113 0.183245
v -0.023417 0.378052 0.183245
v -0.024784 0.376598 0.185757
v -0.023134 0.377526 0.185757
v -0.022945 0.377173 0.187004
v -0.016520 0.356259 0.200969
v -0.015408 0.354140 0.200991
v -0.014769 0.357480 0.200969
v -0.013284 0.355631 0.200991
v -0.012944 0.358554 0.200969
v -0.011043 0.356883 0.200991
v -0.011052 0.359480 0.200969
v -0.019590 0.378814 0.187004
v -0.019752 0.379181 0.185757
v -0.021459 0.378386 0.185757
v -0.019993 0.379727 0.183245
v -0.021721 0.378923 0.183245
v -0.020132 0.380042 0.180764
v -0.021872 0.379233 0.180764
v -0.030194 0.374308 0.175991
v -0.027539 0.376187 0.175991
v -0.022966 0.378868 0.175991
v -0.020199 0.380193 0.175991
v -0.020190 0.380172 0.178348
v -0.018136 0.381049 0.175991
v -0.016574 0.381603 0.178348
v -0.016582 0.381625 0.175991
v -0.017997 0.379915 0.185757
v -0.018217 0.380470 0.183245
v -0.018344 0.380791 0.180764
v -0.009073 0.360263 0.200969
v -0.008662 0.357906 0.200991
v -0.007028 0.360892 0.200969
v -0.016413 0.381143 0.183245
v -0.014676 0.382078 0.180764
v -0.016527 0.381469 0.180764
v -0.012714 0.382281 0.183245
v -0.014399 0.381178 0.185757
v -0.012561 0.381704 0.185757
v -0.016082 0.380202 0.187004
v -0.012458 0.381316 0.187004
v -0.012337 0.380861 0.188234
v -0.008678 0.381682 0.188234
v -0.008581 0.381149 0.189437
v -0.004939 0.381675 0.189437
v -0.004875 0.381067 0.190603
v -0.001277 0.381306 0.190603
v -0.001258 0.380626 0.191723
v -0.001166 0.377245 0.195620
v -0.001192 0.378188 0.194741
v -0.004551 0.377965 0.194741
v -0.004642 0.378839 0.193797
v -0.008065 0.378346 0.193797
v -0.008212 0.379145 0.192790
v -0.011674 0.378369 0.192790
v -0.011866 0.379091 0.191723
v -0.015318 0.378029 0.191723
v -0.015543 0.378670 0.190603
v -0.018934 0.377329 0.190603
v -0.019181 0.377888 0.189437
v -0.022466 0.376281 0.189437
v -0.022722 0.376758 0.188234
v -0.025925 0.374873 0.188234
v -0.026179 0.375269 0.187004
v -0.029282 0.373104 0.187004
v -0.026396 0.375607 0.185757
v -0.029773 0.334460 0.200826
v -0.029692 0.336653 0.200826
v -0.029431 0.338955 0.200826
v -0.028992 0.341227 0.200826
v -0.028383 0.343445 0.200826
v -0.027602 0.345615 0.200826
v -0.026646 0.347734 0.200826
v -0.025524 0.349777 0.200826
v -0.024253 0.351719 0.200826
v -0.022850 0.353540 0.200826
v -0.021449 0.355103 0.200826
v -0.019778 0.356708 0.200826
v -0.017979 0.358184 0.200826
v -0.016073 0.359514 0.200826
v -0.014087 0.360683 0.200826
v -0.012027 0.361690 0.200826
v -0.009874 0.362542 0.200826
v -0.007649 0.363226 0.200826
v -0.005381 0.363735 0.200826
v -0.005201 0.384183 0.175991
v -0.009032 0.383606 0.178348
v -0.012803 0.382614 0.180764
v -0.014575 0.381748 0.183245
v -0.016215 0.380580 0.185757
v -0.010707 0.382158 0.185757
v -0.010837 0.382740 0.183245
v -0.010913 0.383077 0.180764
v -0.001293 0.381917 0.189437
v -0.004995 0.382213 0.188234
v -0.008764 0.382145 0.187004
v -0.008836 0.382539 0.185757
v -0.008944 0.383126 0.183245
v -0.009006 0.383466 0.180764
v -0.001216 0.379067 0.193797
v -0.004727 0.379648 0.192790
v -0.008347 0.379880 0.191723
v -0.012041 0.379748 0.190603
v -0.015746 0.379247 0.189437
v -0.019399 0.378383 0.188234
v -0.032254 0.334461 0.200481
v -0.032167 0.336836 0.200481
v -0.031884 0.339330 0.200481
v -0.031409 0.341792 0.200481
v -0.030749 0.344194 0.200481
v -0.029903 0.346545 0.200481
v -0.028866 0.348841 0.200481
v -0.027652 0.351054 0.200481
v -0.026275 0.353158 0.200481
v -0.024754 0.355131 0.200481
v -0.023237 0.356824 0.200481
v -0.021427 0.358563 0.200481
v -0.019477 0.360162 0.200481
v -0.017413 0.361602 0.200481
v -0.015262 0.362869 0.200481
v -0.013030 0.363960 0.200481
v -0.010697 0.364883 0.200481
v -0.008286 0.365624 0.200481
v -0.005829 0.366176 0.200481
v -0.003355 0.366533 0.200481
v -0.006966 0.382846 0.185757
v -0.007051 0.383437 0.183245
v -0.007100 0.383778 0.180764
v -0.001238 0.379880 0.192790
v -0.004805 0.380391 0.191723
v -0.008470 0.380549 0.190603
v -0.012198 0.380338 0.189437
v -0.015925 0.379757 0.188234
v -0.001110 0.375171 0.197180
v -0.001139 0.376238 0.196433
v -0.004348 0.376025 0.196433
v -0.004453 0.377027 0.195620
v -0.007736 0.376553 0.195620
v -0.007907 0.377481 0.194741
v -0.011240 0.376734 0.194741
v -0.011465 0.377583 0.193797
v -0.014800 0.376557 0.193797
v -0.015070 0.377324 0.192790
v -0.018357 0.376024 0.192790
v -0.018659 0.376707 0.191723
v -0.021855 0.375144 0.191723
v -0.022177 0.375743 0.190603
v -0.025303 0.373903 0.190603
v -0.025633 0.374417 0.189437
v -0.028671 0.372297 0.189437
v -0.028998 0.372729 0.188234
v -0.031900 0.370348 0.188234
v -0.006174 0.358679 0.200991
v -0.003633 0.359188 0.200991
v -0.004944 0.361359 0.200969
v -0.002846 0.361662 0.200969
v -0.003097 0.364065 0.200826
v -0.005086 0.383081 0.185757
v -0.000879 0.366697 0.200481
v -0.000811 0.364216 0.200826
v -0.000745 0.361801 0.200969
v -0.001081 0.359431 0.200991
v -0.005199 0.384159 0.178348
v -0.002650 0.384384 0.175991
v -0.001361 0.384413 0.178348
v 0.002485 0.384393 0.175991
v 0.002484 0.384370 0.178348
v 0.002650 0.384384 0.175991
v 0.001728 0.369177 0.199884
v 0.001603 0.366669 0.200481
v 0.001480 0.364190 0.200826
v 0.001360 0.361777 0.200969
v 0.001081 0.359431 0.200991
v -0.001332 0.383329 0.185757
v 0.000556 0.383942 0.183245
v 0.002477 0.384227 0.180764
v 0.006357 0.383880 0.180764
v 0.004420 0.384092 0.180764
v 0.004390 0.383748 0.183245
v 0.002460 0.383883 0.183245
v 0.002430 0.383287 0.185757
v 0.000550 0.383345 0.185757
v 0.001790 0.370423 0.199483
v 0.004435 0.368934 0.199884
v 0.004114 0.366444 0.200481
v 0.003798 0.363983 0.200826
v 0.003490 0.361587 0.200969
v 0.003675 0.359182 0.200991
v 0.010225 0.383372 0.178348
v 0.006185 0.382548 0.187004
v 0.008126 0.382665 0.185757
v 0.006237 0.382946 0.185757
v 0.006313 0.383538 0.183245
v 0.001851 0.371651 0.199012
v 0.004594 0.370172 0.199483
v 0.007113 0.368482 0.199884
v 0.006599 0.366024 0.200481
v 0.006091 0.363596 0.200826
v 0.005597 0.361231 0.200969
v 0.006215 0.358668 0.200991
v 0.013572 0.381006 0.187004
v 0.013684 0.381391 0.185757
v 0.011852 0.381886 0.185757
v 0.013851 0.381964 0.183245
v 0.011997 0.382465 0.183245
v 0.013948 0.382296 0.180764
v 0.012081 0.382800 0.180764
v 0.007657 0.360717 0.200969
v 0.008333 0.363036 0.200826
v 0.009027 0.365418 0.200481
v 0.009730 0.367829 0.199884
v 0.007368 0.369704 0.199483
v 0.004751 0.371392 0.199012
v 0.001911 0.372852 0.198471
v 0.010230 0.383397 0.175991
v 0.013102 0.382707 0.175991
v 0.013988 0.382432 0.178348
v 0.017644 0.381238 0.175991
v 0.017636 0.381217 0.178348
v 0.018136 0.381049 0.175991
v 0.017112 0.379827 0.187004
v 0.017253 0.380202 0.185757
v 0.015480 0.380831 0.185757
v 0.017464 0.380760 0.183245
v 0.015669 0.381397 0.183245
v 0.017586 0.381083 0.180764
v 0.015779 0.381725 0.180764
v 0.001969 0.374017 0.197860
v 0.004904 0.372584 0.198471
v 0.007620 0.370907 0.199012
v 0.010079 0.369027 0.199483
v 0.012268 0.366983 0.199884
v 0.011382 0.364634 0.200481
v 0.010506 0.362312 0.200826
v 0.009654 0.360051 0.200969
v 0.008666 0.357904 0.200991
v 0.021210 0.379708 0.178348
v 0.021220 0.379728 0.175991
v 0.019016 0.379498 0.185757
v 0.019248 0.380048 0.183245
v 0.019383 0.380366 0.180764
v 0.002025 0.375136 0.197180
v 0.005053 0.373741 0.197860
v 0.007866 0.372085 0.198471
v 0.010424 0.370208 0.199012
v 0.012708 0.368151 0.199483
v 0.014754 0.365934 0.199884
v 0.013689 0.363660 0.200481
v 0.012635 0.361413 0.200826
v 0.011610 0.359226 0.200969
v 0.011050 0.356880 0.200991
v 0.024677 0.377912 0.178348
v 0.021150 0.379579 0.180764
v 0.020580 0.378363 0.187004
v 0.022463 0.377881 0.185757
v 0.020750 0.378726 0.185757
v 0.022737 0.378411 0.183245
v 0.021003 0.379266 0.183245
v 0.022896 0.378717 0.180764
v 0.002078 0.376201 0.196433
v 0.005196 0.374852 0.197180
v 0.008104 0.373226 0.197860
v 0.010760 0.371362 0.198471
v 0.013142 0.369302 0.199012
v 0.015284 0.367063 0.199483
v 0.017166 0.364685 0.199884
v 0.015926 0.362501 0.200481
v 0.014701 0.360343 0.200826
v 0.013508 0.358243 0.200969
v 0.013322 0.355607 0.200991
v 0.027994 0.375852 0.178348
v 0.027539 0.376187 0.175991
v 0.024689 0.377934 0.175991
v 0.022966 0.378868 0.175991
v 0.023944 0.376621 0.187004
v 0.025784 0.375993 0.185757
v 0.024142 0.376969 0.185757
v 0.026099 0.376500 0.183245
v 0.024437 0.377488 0.183245
v 0.026281 0.376793 0.180764
v 0.024607 0.377788 0.180764
v 0.015324 0.357115 0.200969
v 0.016677 0.359116 0.200826
v 0.018067 0.361172 0.200481
v 0.019473 0.363252 0.199884
v 0.017782 0.365770 0.199483
v 0.015806 0.368177 0.199012
v 0.013567 0.370427 0.198471
v 0.011086 0.372481 0.197860
v 0.008333 0.374322 0.197180
v 0.005332 0.375910 0.196433
v 0.002128 0.377207 0.195620
v 0.030197 0.372394 0.187004
v 0.030447 0.372708 0.185757
v 0.028939 0.373860 0.185757
v 0.030819 0.373175 0.183245
v 0.029292 0.374341 0.183245
v 0.031034 0.373445 0.180764
v 0.029496 0.374620 0.180764
v 0.002175 0.378150 0.194741
v 0.005460 0.376909 0.195620
v 0.008552 0.375366 0.196433
v 0.011400 0.373557 0.197180
v 0.013978 0.371518 0.197860
v 0.016316 0.369266 0.198471
v 0.018389 0.366839 0.199012
v 0.020172 0.364285 0.199483
v 0.021650 0.361655 0.199884
v 0.020086 0.359690 0.200481
v 0.018540 0.357748 0.200826
v 0.017036 0.355858 0.200969
v 0.015436 0.354119 0.200991
v 0.033025 0.369963 0.187004
v 0.033298 0.370256 0.185757
v 0.031896 0.371509 0.185757
v 0.033704 0.370693 0.183245
v 0.032286 0.371962 0.183245
v 0.033939 0.370946 0.180764
v 0.032511 0.372223 0.180764
v 0.034036 0.371050 0.178348
v 0.031122 0.373556 0.178348
v 0.034052 0.371067 0.175991
v 0.031802 0.373038 0.175991
v 0.002218 0.379028 0.193797
v 0.005581 0.377845 0.194741
v 0.008758 0.376352 0.195620
v 0.011699 0.374581 0.196433
v 0.014374 0.372566 0.197180
v 0.016811 0.370322 0.197860
v 0.018983 0.367885 0.198471
v 0.020861 0.365304 0.199012
v 0.022426 0.362631 0.199483
v 0.023676 0.359911 0.199884
v 0.021966 0.358073 0.200481
v 0.020276 0.356256 0.200826
v 0.018631 0.354487 0.200969
v 0.017372 0.352433 0.200991
v 0.035673 0.367301 0.187004
v 0.002259 0.379840 0.192790
v 0.005693 0.378717 0.193797
v 0.008951 0.377276 0.194741
v 0.011981 0.375548 0.195620
v 0.014750 0.373564 0.196433
v 0.017286 0.371336 0.197180
v 0.019559 0.368899 0.197860
v 0.021535 0.366300 0.198471
v 0.023192 0.363593 0.199012
v 0.024526 0.360825 0.199483
v 0.025575 0.358003 0.199884
v 0.023728 0.356302 0.200481
v 0.021902 0.354622 0.200826
v 0.020125 0.352985 0.200969
v 0.019124 0.350555 0.200991
v 0.038867 0.365870 0.178348
v 0.036765 0.368308 0.178348
v 0.036661 0.368211 0.180764
v 0.035327 0.369605 0.180764
v 0.035082 0.369362 0.183245
v 0.037015 0.366397 0.185757
v 0.037467 0.366787 0.183245
v 0.037728 0.367013 0.180764
v 0.021275 0.351651 0.200969
v 0.023154 0.353169 0.200826
v 0.025084 0.354729 0.200481
v 0.027037 0.356308 0.199884
v 0.026493 0.358849 0.199483
v 0.025364 0.361726 0.199012
v 0.023941 0.364534 0.198471
v 0.022188 0.367266 0.197860
v 0.020112 0.369873 0.197180
v 0.017739 0.372302 0.196433
v 0.015105 0.374506 0.195620
v 0.012245 0.376454 0.194741
v 0.009131 0.378136 0.193797
v 0.005796 0.379523 0.192790
v 0.002296 0.380586 0.191723
v 0.035707 0.369455 0.175991
v 0.038886 0.365885 0.175991
v 0.039211 0.365478 0.175991
v 0.041204 0.362732 0.178348
v 0.041225 0.362747 0.175991
v 0.037712 0.364936 0.187004
v 0.039196 0.363675 0.185757
v 0.038024 0.365188 0.185757
v 0.039675 0.364032 0.183245
v 0.038488 0.365563 0.183245
v 0.039952 0.364238 0.180764
v 0.038756 0.365780 0.180764
v 0.002330 0.381265 0.190603
v 0.005892 0.380264 0.191723
v 0.009297 0.378932 0.192790
v 0.012491 0.377298 0.193797
v 0.015439 0.375390 0.194741
v 0.018167 0.373214 0.195620
v 0.020639 0.370800 0.196433
v 0.022815 0.368194 0.197180
v 0.024667 0.365446 0.197860
v 0.026183 0.362606 0.198471
v 0.027398 0.359682 0.199012
v 0.028007 0.357092 0.199483
v 0.028662 0.354125 0.199884
v 0.026592 0.352704 0.200481
v 0.024546 0.351300 0.200826
v 0.022554 0.349933 0.200969
v 0.020696 0.348475 0.200991
v 0.043283 0.359434 0.178348
v 0.042155 0.361027 0.180764
v 0.041086 0.362651 0.180764
v 0.040802 0.362456 0.183245
v 0.043160 0.359362 0.180764
v 0.041863 0.360843 0.183245
v 0.042861 0.359190 0.183245
v 0.041358 0.360525 0.185757
v 0.042344 0.358892 0.185757
v 0.041996 0.358691 0.187004
v 0.002360 0.381875 0.189437
v 0.005978 0.380938 0.190603
v 0.009450 0.379664 0.191723
v 0.012718 0.378079 0.192790
v 0.015749 0.376212 0.193797
v 0.018567 0.374069 0.194741
v 0.021136 0.371676 0.195620
v 0.023413 0.369077 0.196433
v 0.025365 0.366322 0.197180
v 0.026977 0.363460 0.197860
v 0.028282 0.360496 0.198471
v 0.028964 0.357865 0.199012
v 0.029691 0.354831 0.199483
v 0.030109 0.351831 0.199884
v 0.027934 0.350575 0.200481
v 0.025785 0.349335 0.200826
v 0.023692 0.348128 0.200969
v 0.022034 0.346261 0.200991
v 0.043745 0.355376 0.187004
v 0.044107 0.355549 0.185757
v 0.043257 0.357237 0.185757
v 0.044645 0.355807 0.183245
v 0.043785 0.357515 0.183245
v 0.044956 0.355955 0.180764
v 0.044091 0.357676 0.180764
v 0.024679 0.346257 0.200969
v 0.026858 0.347300 0.200826
v 0.029097 0.348370 0.200481
v 0.031362 0.349454 0.199884
v 0.031189 0.352454 0.199483
v 0.030705 0.355527 0.199012
v 0.029899 0.358621 0.198471
v 0.029140 0.361286 0.197860
v 0.027740 0.364280 0.197180
v 0.026029 0.367157 0.196433
v 0.023977 0.369912 0.195620
v 0.021602 0.372497 0.194741
v 0.018940 0.374865 0.193797
v 0.016036 0.376973 0.192790
v 0.012927 0.378796 0.191723
v 0.009589 0.380329 0.190603
v 0.006056 0.381544 0.189437
v 0.002387 0.382416 0.188234
v 0.046619 0.352468 0.178348
v 0.046639 0.352476 0.175991
v 0.045085 0.356017 0.178348
v 0.044864 0.356528 0.175991
v 0.043306 0.359447 0.175991
v 0.042275 0.361153 0.175991
v 0.045233 0.351932 0.187004
v 0.045607 0.352077 0.185757
v 0.044891 0.353828 0.185757
v 0.046164 0.352292 0.183245
v 0.045439 0.354064 0.183245
v 0.046486 0.352416 0.180764
v 0.045756 0.354201 0.180764
v 0.002411 0.382886 0.187004
v 0.006125 0.382081 0.188234
v 0.009714 0.380927 0.189437
v 0.013118 0.379448 0.190603
v 0.016299 0.377672 0.191723
v 0.019285 0.375601 0.192790
v 0.022036 0.373261 0.193797
v 0.024506 0.370694 0.194741
v 0.026657 0.367945 0.195620
v 0.028466 0.365061 0.196433
v 0.029964 0.362045 0.197180
v 0.030805 0.359354 0.197860
v 0.031696 0.356207 0.198471
v 0.032254 0.353069 0.199012
v 0.032488 0.349992 0.199483
v 0.032429 0.346985 0.199884
v 0.030087 0.346080 0.200481
v 0.027772 0.345185 0.200826
v 0.025518 0.344315 0.200969
v 0.023134 0.343932 0.200991
v 0.048505 0.346589 0.175991
v 0.047899 0.348796 0.175991
v 0.047878 0.348790 0.178348
v 0.046948 0.351655 0.175991
v 0.046258 0.350290 0.185757
v 0.046823 0.350483 0.183245
v 0.047149 0.350595 0.180764
v 0.004337 0.383153 0.185757
v 0.009825 0.381457 0.188234
v 0.013289 0.380035 0.189437
v 0.016539 0.378308 0.190603
v 0.019602 0.376278 0.191723
v 0.022438 0.373969 0.192790
v 0.024998 0.371422 0.193797
v 0.027244 0.368684 0.194741
v 0.029152 0.365799 0.195620
v 0.030749 0.362768 0.196433
v 0.031677 0.360058 0.197180
v 0.032658 0.356867 0.197860
v 0.033296 0.353670 0.198471
v 0.033597 0.350523 0.199012
v 0.033593 0.347435 0.199483
v 0.033305 0.344426 0.199884
v 0.030899 0.343706 0.200481
v 0.028522 0.342994 0.200826
v 0.026208 0.342301 0.200969
v 0.023991 0.341485 0.200991
v 0.048868 0.345032 0.175991
v 0.048847 0.345027 0.178348
v 0.048261 0.346882 0.180764
v 0.047741 0.348749 0.180764
v 0.049080 0.343101 0.180764
v 0.048707 0.344997 0.180764
v 0.048370 0.344924 0.183245
v 0.047349 0.346647 0.185757
v 0.042798 0.333598 0.195620
v 0.043741 0.333580 0.194741
v 0.043677 0.336982 0.194741
v 0.044555 0.337032 0.193797
v 0.044220 0.340488 0.193797
v 0.045025 0.340598 0.192790
v 0.044414 0.344068 0.192790
v 0.045144 0.344226 0.191723
v 0.044249 0.347703 0.191723
v 0.044900 0.347898 0.190603
v 0.043719 0.351347 0.190603
v 0.044289 0.351567 0.189437
v 0.042832 0.354939 0.189437
v 0.043320 0.355173 0.188234
v 0.041588 0.358456 0.188234
v 0.039979 0.361891 0.187004
v 0.040310 0.362118 0.185757
v 0.010125 0.382894 0.183245
v 0.010003 0.382310 0.185757
v 0.009921 0.381918 0.187004
v 0.013440 0.380554 0.188234
v 0.016755 0.378879 0.189437
v 0.019891 0.376893 0.190603
v 0.022807 0.374618 0.191723
v 0.025454 0.372095 0.192790
v 0.027792 0.369371 0.193797
v 0.029795 0.366490 0.194741
v 0.031490 0.363450 0.195620
v 0.032506 0.360729 0.196433
v 0.033581 0.357501 0.197180
v 0.034306 0.354253 0.197860
v 0.034682 0.351042 0.198471
v 0.034740 0.347878 0.199012
v 0.034500 0.344784 0.199483
v 0.033979 0.341809 0.199884
v 0.031524 0.341278 0.200481
v 0.029099 0.340753 0.200826
v 0.026738 0.340242 0.200969
v 0.024589 0.338970 0.200991
v 0.049378 0.341192 0.180764
v 0.048740 0.343041 0.183245
v 0.047787 0.344798 0.185757
v 0.046455 0.348364 0.187004
v 0.047395 0.344713 0.187004
v 0.048047 0.341010 0.187004
v 0.048152 0.342937 0.185757
v 0.044620 0.333562 0.193797
v 0.045367 0.337079 0.192790
v 0.045766 0.340699 0.191723
v 0.045808 0.344369 0.190603
v 0.045485 0.348073 0.189437
v 0.044794 0.351763 0.188234
v 0.034759 0.333759 0.199884
v 0.036006 0.333734 0.199483
v 0.035953 0.336535 0.199483
v 0.037181 0.336606 0.199012
v 0.036902 0.339489 0.199012
v 0.038093 0.339652 0.198471
v 0.037576 0.342588 0.198471
v 0.038715 0.342834 0.197860
v 0.037948 0.345816 0.197860
v 0.039021 0.346138 0.197180
v 0.037994 0.349135 0.197180
v 0.038990 0.349520 0.196433
v 0.037707 0.352488 0.196433
v 0.038615 0.352923 0.195620
v 0.037072 0.355849 0.195620
v 0.037889 0.356321 0.194741
v 0.036069 0.359208 0.194741
v 0.036794 0.359706 0.193797
v 0.034707 0.362507 0.193797
v 0.035340 0.363019 0.192790
v 0.033429 0.365235 0.192790
v 0.033979 0.365741 0.191723
v 0.031456 0.368276 0.191723
v 0.031919 0.368774 0.190603
v 0.029187 0.371124 0.190603
v 0.029567 0.371602 0.189437
v 0.026595 0.373783 0.189437
v 0.026898 0.374232 0.188234
v 0.023711 0.376211 0.188234
v 0.049519 0.341211 0.178348
v 0.049894 0.337341 0.178348
v 0.049752 0.337333 0.180764
v 0.049603 0.339266 0.180764
v 0.049259 0.339233 0.183245
v 0.049036 0.341145 0.183245
v 0.048445 0.341064 0.185757
v 0.049826 0.335396 0.180764
v 0.049408 0.337313 0.183245
v 0.048665 0.339175 0.185757
v 0.045433 0.333546 0.192790
v 0.046112 0.337122 0.191723
v 0.046439 0.340791 0.190603
v 0.046405 0.344499 0.189437
v 0.046004 0.348228 0.188234
v 0.040724 0.333640 0.197180
v 0.041790 0.333619 0.196433
v 0.041729 0.336869 0.196433
v 0.042735 0.336927 0.195620
v 0.042413 0.340241 0.195620
v 0.043349 0.340369 0.194741
v 0.042760 0.343710 0.194741
v 0.043619 0.343896 0.193797
v 0.042754 0.347255 0.193797
v 0.043533 0.347489 0.192790
v 0.042388 0.350833 0.192790
v 0.043085 0.351102 0.191723
v 0.041667 0.354382 0.191723
v 0.042280 0.354676 0.190603
v 0.040591 0.357880 0.190603
v 0.041120 0.358185 0.189437
v 0.039144 0.361319 0.189437
v 0.039591 0.361625 0.188234
v 0.037345 0.364640 0.188234
v 0.038438 0.333686 0.198471
v 0.039604 0.333662 0.197860
v 0.039546 0.336743 0.197860
v 0.040664 0.336807 0.197180
v 0.040358 0.339961 0.197180
v 0.041415 0.340105 0.196433
v 0.040853 0.343297 0.196433
v 0.041837 0.343510 0.195620
v 0.041008 0.346733 0.195620
v 0.041912 0.347003 0.194741
v 0.040810 0.350223 0.194741
v 0.041629 0.350540 0.193797
v 0.040260 0.353709 0.193797
v 0.040993 0.354060 0.192790
v 0.039355 0.357167 0.192790
v 0.040002 0.357540 0.191723
v 0.038080 0.360588 0.191723
v 0.038641 0.360973 0.190603
v 0.036449 0.363915 0.190603
v 0.036924 0.364300 0.189437
v 0.034928 0.366616 0.189437
v 0.035326 0.366982 0.188234
v 0.032704 0.369618 0.188234
v 0.037236 0.333710 0.199012
v 0.038382 0.336675 0.198471
v 0.039248 0.339810 0.197860
v 0.039810 0.343071 0.197180
v 0.040043 0.346444 0.196433
v 0.039929 0.349883 0.195620
v 0.039467 0.353330 0.194741
v 0.038651 0.356760 0.193797
v 0.037464 0.360166 0.192790
v 0.035921 0.363488 0.191723
v 0.034478 0.366202 0.190603
v 0.032335 0.369221 0.189437
v 0.029904 0.372025 0.188234
v 0.027162 0.374622 0.187004
v 0.027387 0.374954 0.185757
v 0.027721 0.375448 0.183245
v 0.027915 0.375734 0.180764
v 0.016946 0.379386 0.188234
v 0.020380 0.377936 0.188234
v 0.020150 0.377446 0.189437
v 0.023444 0.375740 0.189437
v 0.023142 0.375209 0.190603
v 0.026253 0.373277 0.190603
v 0.025872 0.372714 0.191723
v 0.028763 0.370592 0.191723
v 0.028298 0.370008 0.192790
v 0.030948 0.367729 0.192790
v 0.030394 0.367134 0.193797
v 0.032831 0.364685 0.193797
v 0.032184 0.364089 0.194741
v 0.034024 0.361955 0.194741
v 0.033290 0.361362 0.195620
v 0.035291 0.358674 0.195620
v 0.034461 0.358104 0.196433
v 0.036200 0.355346 0.196433
v 0.035276 0.354813 0.197180
v 0.036744 0.352028 0.197180
v 0.035734 0.351545 0.197860
v 0.036950 0.348732 0.197860
v 0.035862 0.348311 0.198471
v 0.036831 0.345482 0.198471
v 0.035679 0.345137 0.199012
v 0.036400 0.342333 0.199012
v 0.035198 0.342073 0.199483
v 0.035683 0.339323 0.199483
v 0.034447 0.339154 0.199884
v 0.034708 0.336463 0.199884
v 0.031959 0.338815 0.200481
v 0.032201 0.336318 0.200481
v 0.029500 0.338479 0.200826
v 0.029723 0.336174 0.200826
v 0.027106 0.338153 0.200969
v 0.027312 0.336035 0.200969
v 0.049517 0.341386 0.175991
v 0.049917 0.337343 0.175991
v 0.049973 0.336105 0.175991
v 0.049968 0.333455 0.178348
v 0.049990 0.333455 0.175991
v 0.048812 0.337279 0.185757
v 0.049481 0.335390 0.183245
v 0.048885 0.335378 0.185757
v 0.048483 0.333485 0.187004
v 0.048883 0.333477 0.185757
v 0.049480 0.333465 0.183245
v 0.049825 0.333458 0.180764
v 0.032248 0.333809 0.200481
v 0.029767 0.333859 0.200826
v 0.027352 0.333907 0.200969
v 0.024924 0.336401 0.200991
v 0.024995 0.333955 0.200991
v -0.000000 0.294455 0.120991
v -0.004325 0.294689 0.120991
v 0.000000 0.334455 0.120991
v 0.012772 0.296548 0.120991
v 0.008599 0.295390 0.120991
v 0.004325 0.294689 0.120991
v 0.024207 0.302611 0.120991
v 0.020622 0.300180 0.120991
v 0.016796 0.298152 0.120991
v 0.033108 0.312007 0.120991
v 0.030486 0.308559 0.120991
v 0.027508 0.305415 0.120991
v 0.038542 0.323753 0.120991
v 0.037159 0.319649 0.120991
v 0.035340 0.315718 0.120991
v 0.039941 0.336620 0.120991
v 0.039941 0.332289 0.120991
v 0.039473 0.327983 0.120991
v 0.037159 0.349260 0.120991
v 0.038542 0.345156 0.120991
v 0.039473 0.340926 0.120991
v 0.030486 0.360350 0.120991
v 0.033108 0.356902 0.120991
v 0.035340 0.353191 0.120991
v 0.020622 0.368729 0.120991
v 0.024207 0.366298 0.120991
v 0.027508 0.363494 0.120991
v 0.008599 0.373519 0.120991
v 0.012772 0.372361 0.120991
v 0.016796 0.370758 0.120991
v -0.004325 0.374220 0.120991
v 0.000000 0.374455 0.120991
v 0.004325 0.374220 0.120991
v -0.016796 0.370758 0.120991
v -0.012772 0.372361 0.120991
v -0.008599 0.373519 0.120991
v -0.027508 0.363494 0.120991
v -0.024207 0.366298 0.120991
v -0.020622 0.368729 0.120991
v -0.035340 0.353191 0.120991
v -0.033108 0.356902 0.120991
v -0.030486 0.360350 0.120991
v -0.039473 0.340926 0.120991
v -0.038542 0.345156 0.120991
v -0.037159 0.349260 0.120991
v -0.039473 0.327983 0.120991
v -0.039941 0.332289 0.120991
v -0.039941 0.336620 0.120991
v -0.035340 0.315718 0.120991
v -0.037159 0.319649 0.120991
v -0.038542 0.323753 0.120991
v -0.027508 0.305415 0.120991
v -0.030486 0.308559 0.120991
v -0.033108 0.312007 0.120991
v -0.016796 0.298152 0.120991
v -0.020622 0.300180 0.120991
v -0.024207 0.302611 0.120991
v -0.008599 0.295390 0.120991
v -0.012772 0.296548 0.120991
v -0.000000 -0.135545 0.155991
v 0.003244 -0.135721 0.160991
v 0.003244 -0.135721 0.155991
v 0.006449 -0.136247 0.160991
v 0.006449 -0.136247 0.155991
v 0.009579 -0.137116 0.160991
v 0.009579 -0.137116 0.155991
v 0.012597 -0.138318 0.160991
v 0.012597 -0.138318 0.155991
v 0.015467 -0.139840 0.160991
v 0.015467 -0.139840 0.155991
v 0.018155 -0.141663 0.160991
v 0.018155 -0.141663 0.155991
v 0.020631 -0.143766 0.160991
v 0.020631 -0.143766 0.155991
v 0.022865 -0.146124 0.160991
v 0.022865 -0.146124 0.155991
v 0.024831 -0.148710 0.160991
v 0.024831 -0.148710 0.155991
v 0.026505 -0.151493 0.160991
v 0.026505 -0.151493 0.155991
v 0.027869 -0.154441 0.160991
v 0.027869 -0.154441 0.155991
v 0.028906 -0.157520 0.160991
v 0.028906 -0.157520 0.155991
v 0.029605 -0.160692 0.160991
v 0.029605 -0.160692 0.155991
v 0.029956 -0.163921 0.160991
v 0.029956 -0.163921 0.155991
v 0.029956 -0.167170 0.160991
v 0.029956 -0.167170 0.155991
v 0.029605 -0.170399 0.160991
v 0.029605 -0.170399 0.155991
v 0.028906 -0.173571 0.160991
v 0.028906 -0.173571 0.155991
v 0.027869 -0.176650 0.160991
v 0.027869 -0.176650 0.155991
v 0.026505 -0.179598 0.160991
v 0.026505 -0.179598 0.155991
v 0.024831 -0.182381 0.160991
v 0.024831 -0.182381 0.155991
v 0.022865 -0.184967 0.160991
v 0.022865 -0.184967 0.155991
v 0.020631 -0.187325 0.160991
v 0.020631 -0.187325 0.155991
v 0.018155 -0.189428 0.160991
v 0.018155 -0.189428 0.155991
v 0.015467 -0.191251 0.160991
v 0.015467 -0.191251 0.155991
v 0.012597 -0.192773 0.160991
v 0.012597 -0.192773 0.155991
v 0.009579 -0.193975 0.160991
v 0.009579 -0.193975 0.155991
v 0.006449 -0.194844 0.160991
v 0.006449 -0.194844 0.155991
v 0.003244 -0.195370 0.160991
v 0.003244 -0.195370 0.155991
v 0.000000 -0.195545 0.160991
v 0.000000 -0.195545 0.155991
v -0.003244 -0.195370 0.160991
v -0.003244 -0.195370 0.155991
v -0.006449 -0.194844 0.160991
v -0.006449 -0.194844 0.155991
v -0.009579 -0.193975 0.160991
v -0.009579 -0.193975 0.155991
v -0.012597 -0.192773 0.160991
v -0.012597 -0.192773 0.155991
v -0.015467 -0.191251 0.160991
v -0.015467 -0.191251 0.155991
v -0.018155 -0.189428 0.160991
v -0.018155 -0.189428 0.155991
v -0.020631 -0.187325 0.160991
v -0.020631 -0.187325 0.155991
v -0.022865 -0.184967 0.160991
v -0.022865 -0.184967 0.155991
v -0.024831 -0.182381 0.160991
v -0.024831 -0.182381 0.155991
v -0.026505 -0.179598 0.160991
v -0.026505 -0.179598 0.155991
v -0.027869 -0.176650 0.160991
v -0.027869 -0.176650 0.155991
v -0.028906 -0.173571 0.160991
v -0.028906 -0.173571 0.155991
v -0.029605 -0.170399 0.160991
v -0.029605 -0.170399 0.155991
v -0.029956 -0.167170 0.160991
v -0.029956 -0.167170 0.155991
v -0.029956 -0.163921 0.160991
v -0.029956 -0.163921 0.155991
v -0.029605 -0.160692 0.160991
v -0.029605 -0.160692 0.155991
v -0.028906 -0.157520 0.160991
v -0.028906 -0.157520 0.155991
v -0.027869 -0.154441 0.160991
v -0.027869 -0.154441 0.155991
v -0.026505 -0.151493 0.160991
v -0.026505 -0.151493 0.155991
v -0.024831 -0.148710 0.160991
v -0.024831 -0.148710 0.155991
v -0.022865 -0.146124 0.160991
v -0.022865 -0.146124 0.155991
v -0.020631 -0.143766 0.160991
v -0.020631 -0.143766 0.155991
v -0.018155 -0.141663 0.160991
v -0.018155 -0.141663 0.155991
v -0.015467 -0.139840 0.160991
v -0.015467 -0.139840 0.155991
v -0.012597 -0.138318 0.160991
v -0.012597 -0.138318 0.155991
v -0.009579 -0.137116 0.160991
v -0.009579 -0.137116 0.155991
v -0.006449 -0.136247 0.160991
v -0.006449 -0.136247 0.155991
v -0.003244 -0.135721 0.160991
v -0.003244 -0.135721 0.155991
v 0.000000 -0.135545 0.160991
v 0.049990 0.333455 0.125991
v 0.049973 0.336105 0.125991
v 0.049517 0.341386 0.125991
v 0.048505 0.346589 0.125991
v 0.046948 0.351655 0.125991
v 0.044864 0.356528 0.125991
v 0.042275 0.361153 0.125991
v 0.039211 0.365478 0.125991
v 0.035707 0.369455 0.125991
v 0.031802 0.373038 0.125991
v 0.027539 0.376187 0.125991
v 0.022966 0.378868 0.125991
v 0.018136 0.381049 0.125991
v 0.013102 0.382707 0.125991
v 0.007920 0.383823 0.125991
v 0.002650 0.384384 0.125991
v -0.002650 0.384384 0.125991
v -0.007920 0.383823 0.125991
v -0.013102 0.382707 0.125991
v -0.018136 0.381049 0.125991
v -0.022966 0.378868 0.125991
v -0.027539 0.376187 0.125991
v -0.031802 0.373038 0.125991
v -0.035707 0.369455 0.125991
v -0.039211 0.365478 0.125991
v -0.042275 0.361153 0.125991
v -0.044864 0.356528 0.125991
v -0.046948 0.351655 0.125991
v -0.048505 0.346589 0.125991
v -0.049517 0.341386 0.125991
v -0.049973 0.336105 0.125991
v -0.049990 0.333455 0.125991
v -0.039992 -0.166345 0.155991
v -0.039992 -0.166345 0.125991
v -0.039678 -0.170610 0.125991
v -0.039678 -0.170610 0.155991
v -0.038911 -0.174817 0.125991
v -0.038911 -0.174817 0.155991
v -0.037699 -0.178917 0.125991
v -0.037699 -0.178917 0.155991
v -0.036056 -0.182865 0.125991
v -0.036056 -0.182865 0.155991
v -0.034001 -0.186615 0.125991
v -0.034001 -0.186615 0.155991
v -0.031558 -0.190124 0.125991
v -0.031558 -0.190124 0.155991
v -0.028754 -0.193352 0.125991
v -0.028754 -0.193352 0.155991
v -0.025621 -0.196263 0.125991
v -0.025621 -0.196263 0.155991
v -0.022196 -0.198822 0.125991
v -0.022196 -0.198822 0.155991
v -0.018517 -0.201002 0.125991
v -0.018517 -0.201002 0.155991
v -0.014626 -0.202776 0.125991
v -0.014626 -0.202776 0.155991
v -0.010568 -0.204124 0.125991
v -0.010568 -0.204124 0.155991
v -0.006390 -0.205032 0.125991
v -0.006390 -0.205032 0.155991
v -0.002138 -0.205488 0.125991
v -0.002138 -0.205488 0.155991
v 0.002138 -0.205488 0.125991
v 0.002138 -0.205488 0.155991
v 0.006390 -0.205032 0.125991
v 0.006390 -0.205032 0.155991
v 0.010568 -0.204124 0.125991
v 0.010568 -0.204124 0.155991
v 0.014626 -0.202776 0.125991
v 0.014626 -0.202776 0.155991
v 0.018517 -0.201002 0.125991
v 0.018517 -0.201002 0.155991
v 0.022196 -0.198822 0.125991
v 0.022196 -0.198822 0.155991
v 0.025621 -0.196263 0.125991
v 0.025621 -0.196263 0.155991
v 0.028754 -0.193352 0.125991
v 0.028754 -0.193352 0.155991
v 0.031558 -0.190124 0.125991
v 0.031558 -0.190124 0.155991
v 0.034001 -0.186615 0.125991
v 0.034001 -0.186615 0.155991
v 0.036056 -0.182865 0.125991
v 0.036056 -0.182865 0.155991
v 0.037699 -0.178917 0.125991
v 0.037699 -0.178917 0.155991
v 0.038911 -0.174817 0.125991
v 0.038911 -0.174817 0.155991
v 0.039678 -0.170610 0.125991
v 0.039678 -0.170610 0.155991
v 0.039992 -0.166345 0.125991
v 0.039992 -0.166345 0.155991
v 0.000000 -0.165545 0.160991
v 0.000000 0.294455 0.125991
v 0.004325 0.294689 0.125991
v 0.008599 0.295390 0.125991
v 0.012772 0.296548 0.125991
v 0.016796 0.298152 0.125991
v 0.020622 0.300180 0.125991
v 0.024207 0.302611 0.125991
v 0.027508 0.305415 0.125991
v 0.030486 0.308559 0.125991
v 0.033108 0.312007 0.125991
v 0.035340 0.315718 0.125991
v 0.037159 0.319649 0.125991
v 0.038542 0.323753 0.125991
v 0.039473 0.327983 0.125991
v 0.039941 0.332289 0.125991
v 0.039941 0.336620 0.125991
v 0.039473 0.340926 0.125991
v 0.038542 0.345156 0.125991
v 0.037159 0.349260 0.125991
v 0.035340 0.353191 0.125991
v 0.033108 0.356902 0.125991
v 0.030486 0.360350 0.125991
v 0.027508 0.363494 0.125991
v 0.024207 0.366298 0.125991
v 0.020622 0.368729 0.125991
v 0.016796 0.370758 0.125991
v 0.012772 0.372361 0.125991
v 0.008599 0.373519 0.125991
v 0.004325 0.374220 0.125991
v 0.000000 0.374455 0.125991
v -0.004325 0.374220 0.125991
v -0.008599 0.373519 0.125991
v -0.012772 0.372361 0.125991
v -0.016796 0.370758 0.125991
v -0.020622 0.368729 0.125991
v -0.024207 0.366298 0.125991
v -0.027508 0.363494 0.125991
v -0.030486 0.360350 0.125991
v -0.033108 0.356902 0.125991
v -0.035340 0.353191 0.125991
v -0.037159 0.349260 0.125991
v -0.038542 0.345156 0.125991
v -0.039473 0.340926 0.125991
v -0.039941 0.336620 0.125991
v -0.039941 0.332289 0.125991
v -0.039473 0.327983 0.125991
v -0.038542 0.323753 0.125991
v -0.037159 0.319649 0.125991
v -0.035340 0.315718 0.125991
v -0.033108 0.312007 0.125991
v -0.030486 0.308559 0.125991
v -0.027508 0.305415 0.125991
v -0.024207 0.302611 0.125991
v -0.020622 0.300180 0.125991
v -0.016796 0.298152 0.125991
v -0.012772 0.296548 0.125991
v -0.008599 0.295390 0.125991
v -0.004325 0.294689 0.125991
vn -0.9903 -0.0198 0.1377
vn -0.0614 -0.0007 0.9981
vn -0.0440 -0.0008 0.9990
vn -0.0095 -0.0004 1.0000
vn -0.0239 0.0003 0.9997
vn -0.0050 -0.0001 1.0000
vn -0.1572 -0.0030 0.9876
vn -0.1414 -0.0023 0.9900
vn -0.1254 -0.0014 0.9921
vn -0.1377 -0.0022 0.9905
vn -0.1090 -0.0021 0.9940
vn -0.0588 -0.0014 0.9983
vn -0.0931 0.0001 0.9957
vn -0.0777 -0.0004 0.9970
vn -0.2526 -0.0049 0.9676
vn -0.2285 -0.0038 0.9735
vn -0.2087 -0.0026 0.9780
vn -0.2312 -0.0042 0.9729
vn -0.1890 -0.0038 0.9820
vn -0.1726 -0.0034 0.9850
vn -0.2833 -0.0058 0.9590
vn -0.3059 -0.0059 0.9520
vn -0.3228 -0.0066 0.9464
vn -0.3576 -0.0070 0.9339
vn -0.3703 -0.0075 0.9289
vn -0.4103 -0.0081 0.9119
vn -0.4184 -0.0084 0.9082
vn -0.4641 -0.0092 0.8858
vn -0.4719 -0.0096 0.8816
vn -0.5186 -0.0103 0.8550
vn -0.5284 -0.0107 0.8490
vn -0.5735 -0.0114 0.8191
vn -0.5854 -0.0119 0.8106
vn -0.6281 -0.0124 0.7780
vn -0.6479 -0.0132 0.7616
vn -0.6813 -0.0135 0.7319
vn -0.6924 -0.0138 0.7214
vn -0.7317 -0.0146 0.6815
vn -0.7232 -0.0142 0.6905
vn -0.7779 -0.0158 0.6282
vn -0.7667 -0.0152 0.6418
vn -0.8190 -0.0165 0.5736
vn -0.8168 -0.0164 0.5767
vn -0.8548 -0.0171 0.5187
vn -0.8618 -0.0174 0.5070
vn -0.9789 -0.0196 0.2033
vn -0.9680 -0.0189 0.2501
vn -0.9727 -0.0194 0.2313
vn -0.9546 -0.0191 0.2974
vn -0.9518 -0.0190 0.3060
vn -0.9349 -0.0188 0.3544
vn -0.9337 -0.0187 0.3577
vn -0.9028 -0.0180 0.4297
vn -0.9117 -0.0186 0.4104
vn -0.8856 -0.0176 0.4642
vn -0.9998 -0.0200 0.0014
vn -0.9994 -0.0199 0.0282
vn -0.9997 -0.0203 0.0095
vn -0.9967 -0.0196 0.0785
vn -0.9981 -0.0200 0.0588
vn -0.9929 -0.0199 0.1169
vn -0.9871 -0.0194 0.1588
vn -0.0595 -0.1669 0.9842
vn -0.0412 -0.1723 0.9842
vn -0.0227 -0.1750 0.9843
vn 0.0985 -0.1470 0.9842
vn 0.0908 -0.1515 0.9843
vn 0.0838 -0.1561 0.9842
vn 0.0872 -0.1542 0.9842
vn 0.0889 -0.1530 0.9842
vn 0.0961 -0.1489 0.9842
vn 0.0805 -0.1577 0.9842
vn 0.0852 -0.1553 0.9842
vn 0.0901 -0.1526 0.9842
vn 0.0892 -0.1533 0.9841
vn 0.0941 -0.1500 0.9842
vn 0.0942 -0.1500 0.9842
vn 0.0999 -0.1469 0.9841
vn 0.0985 -0.1475 0.9841
vn 0.0967 -0.1485 0.9842
vn 0.1049 -0.1430 0.9842
vn 0.1052 -0.1430 0.9841
vn 0.1053 -0.1429 0.9841
vn 0.1049 -0.1431 0.9841
vn 0.1044 -0.1433 0.9842
vn 0.1038 -0.1437 0.9842
vn 0.1030 -0.1442 0.9842
vn 0.1020 -0.1448 0.9842
vn 0.1010 -0.1464 0.9841
vn 0.0981 -0.1475 0.9842
vn 0.1017 -0.1451 0.9842
vn 0.1021 -0.1449 0.9842
vn 0.1039 -0.1434 0.9842
vn 0.1043 -0.1429 0.9842
vn 0.1043 -0.1428 0.9842
vn 0.1045 -0.1430 0.9842
vn 0.0716 -0.1620 0.9842
vn 0.0740 -0.1610 0.9842
vn 0.0790 -0.1586 0.9842
vn 0.0438 -0.1717 0.9842
vn 0.0503 -0.1699 0.9842
vn 0.0539 -0.1687 0.9842
vn 0.0559 -0.1680 0.9842
vn 0.0533 -0.1690 0.9842
vn 0.0591 -0.1670 0.9842
vn 0.0625 -0.1657 0.9842
vn 0.0639 -0.1652 0.9842
vn 0.0690 -0.1632 0.9842
vn 0.0227 -0.1749 0.9843
vn -0.0342 -0.1739 0.9842
vn -0.0521 -0.1693 0.9842
vn -0.0502 -0.1699 0.9842
vn -0.0438 -0.1718 0.9842
vn -0.0467 -0.1708 0.9842
vn -0.0439 -0.1716 0.9842
vn -0.0533 -0.1690 0.9842
vn -0.0565 -0.1678 0.9842
vn -0.0544 -0.1686 0.9842
vn -0.0745 -0.1606 0.9842
vn -0.0700 -0.1627 0.9842
vn -0.0626 -0.1658 0.9842
vn -0.0650 -0.1647 0.9842
vn -0.0619 -0.1660 0.9842
vn -0.0717 -0.1622 0.9842
vn -0.0805 -0.1578 0.9842
vn -0.0793 -0.1583 0.9842
vn -0.0840 -0.1560 0.9842
vn -0.0908 -0.1515 0.9843
vn -0.0890 -0.1530 0.9842
vn -0.0872 -0.1542 0.9842
vn -0.0931 -0.1507 0.9842
vn -0.0959 -0.1490 0.9842
vn -0.0979 -0.1479 0.9841
vn -0.0994 -0.1472 0.9841
vn -0.1006 -0.1467 0.9841
vn -0.1043 -0.1429 0.9842
vn -0.1047 -0.1432 0.9841
vn -0.1042 -0.1434 0.9842
vn -0.1017 -0.1451 0.9842
vn -0.1027 -0.1443 0.9842
vn -0.1035 -0.1438 0.9842
vn -0.1051 -0.1431 0.9841
vn -0.1052 -0.1430 0.9841
vn -0.1049 -0.1430 0.9841
vn -0.1045 -0.1430 0.9842
vn -0.0852 -0.1553 0.9842
vn -0.0885 -0.1535 0.9842
vn -0.0900 -0.1528 0.9841
vn -0.0932 -0.1506 0.9842
vn -0.0962 -0.1488 0.9842
vn -0.0972 -0.1479 0.9842
vn -0.0993 -0.1467 0.9842
vn -0.1016 -0.1451 0.9842
vn -0.1022 -0.1448 0.9842
vn -0.1039 -0.1434 0.9842
vn -0.0338 -0.1740 0.9842
vn -0.0241 -0.1756 0.9842
vn -0.0245 -0.1755 0.9842
vn -0.0147 -0.1766 0.9842
vn -0.0049 -0.1772 0.9842
vn 0.0049 -0.1772 0.9842
vn 0.0147 -0.1766 0.9842
vn 0.0245 -0.1755 0.9842
vn 0.0337 -0.1740 0.9842
vn 0.0342 -0.1738 0.9842
vn 0.0407 -0.1724 0.9842
vn 0.0457 -0.1711 0.9842
vn 0.9373 0.2608 0.2312
vn 0.1430 0.9897 0.0106
vn -0.0080 0.9904 0.1377
vn -0.0846 0.9869 0.1377
vn -0.2105 0.9776 0.0050
vn -0.5721 0.7869 0.2312
vn -0.8391 0.5263 0.1377
vn -0.9999 0.0065 0.0095
vn 0.9338 0.0176 0.3574
vn 0.8982 0.1583 0.4102
vn 0.7030 0.6726 0.2312
vn -0.5619 0.6849 0.4639
vn -0.7016 0.5408 0.4639
vn -0.7766 0.4263 0.4638
vn -0.8788 0.4175 0.2312
vn -0.8543 0.2346 0.4639
vn -0.4104 0.0152 0.9118
vn -0.3060 0.0113 0.9520
vn -0.9890 0.0548 0.1377
vn -0.9333 0.0345 0.3575
vn -0.9114 0.0337 0.4102
vn -0.8853 0.0327 0.4639
vn -0.8853 0.0328 0.4639
vn -0.3576 0.0132 0.9338
vn -0.8698 0.1679 0.4639
vn -0.8955 0.1728 0.4102
vn -0.9170 0.1770 0.3574
vn -0.8794 0.2416 0.4102
vn -0.8335 0.3001 0.4639
vn -0.9325 0.3564 0.0588
vn -0.9252 0.3536 0.1377
vn -0.9088 0.3473 0.2312
vn -0.7412 0.4852 0.4638
vn -0.7631 0.4995 0.4101
vn -0.7995 0.4388 0.4101
vn -0.8187 0.4494 0.3574
vn -0.8513 0.3841 0.3574
vn -0.4156 0.7061 0.5733
vn -0.4689 0.6719 0.5733
vn -0.5197 0.6335 0.5733
vn -0.5676 0.5909 0.5733
vn -0.6102 0.5468 0.5734
vn -0.6489 0.5002 0.5733
vn -0.6856 0.4487 0.5733
vn -0.7183 0.3942 0.5733
vn -0.7468 0.3370 0.5733
vn -0.7709 0.2775 0.5733
vn -0.7709 0.2776 0.5733
vn -0.7901 0.2170 0.5733
vn -0.8045 0.1553 0.5733
vn -0.8141 0.0922 0.5733
vn -0.8187 0.0303 0.5734
vn -0.8191 -0.0081 0.5736
vn -0.2693 0.6808 0.6812
vn -0.3216 0.6577 0.6812
vn -0.3714 0.6310 0.6812
vn -0.4190 0.6004 0.6812
vn -0.4643 0.5660 0.6812
vn -0.5072 0.5280 0.6812
vn -0.5452 0.4885 0.6812
vn -0.5452 0.4886 0.6812
vn -0.5799 0.4470 0.6812
vn -0.6126 0.4010 0.6811
vn -0.6418 0.3523 0.6811
vn -0.6673 0.3011 0.6812
vn -0.6888 0.2480 0.6812
vn -0.7060 0.1939 0.6812
vn -0.7189 0.1387 0.6812
vn -0.7275 0.0824 0.6812
vn -0.7316 0.0271 0.6812
vn -0.7318 -0.0073 0.6814
vn -0.3419 0.6992 0.6279
vn -0.3948 0.6707 0.6279
vn -0.4454 0.6382 0.6279
vn -0.4454 0.6383 0.6279
vn -0.4936 0.6017 0.6279
vn -0.5391 0.5613 0.6279
vn -0.5796 0.5193 0.6280
vn -0.6164 0.4751 0.6279
vn -0.6512 0.4262 0.6279
vn -0.6823 0.3745 0.6279
vn -0.7094 0.3201 0.6279
vn -0.7322 0.2636 0.6279
vn -0.7505 0.2061 0.6279
vn -0.7641 0.1475 0.6280
vn -0.7642 0.1475 0.6279
vn -0.7733 0.0876 0.6279
vn -0.7777 0.0288 0.6280
vn -0.7780 -0.0077 0.6282
vn -0.1376 0.6133 0.7778
vn -0.1848 0.6007 0.7778
vn -0.1848 0.6008 0.7778
vn -0.2312 0.5844 0.7778
vn -0.2761 0.5646 0.7778
vn -0.3188 0.5417 0.7778
vn -0.3597 0.5155 0.7778
vn -0.3986 0.4859 0.7778
vn -0.3986 0.4860 0.7778
vn -0.4354 0.4533 0.7778
vn -0.4681 0.4194 0.7778
vn -0.4978 0.3837 0.7778
vn -0.5259 0.3442 0.7778
vn -0.5510 0.3024 0.7778
vn -0.5729 0.2585 0.7778
vn -0.5914 0.2129 0.7778
vn -0.6061 0.1665 0.7778
vn -0.6171 0.1191 0.7778
vn -0.6245 0.0708 0.7778
vn -0.6281 0.0232 0.7778
vn -0.6282 -0.0062 0.7780
vn -0.0343 0.5178 0.8548
vn -0.0741 0.5137 0.8548
vn -0.1136 0.5064 0.8548
vn -0.1526 0.4961 0.8548
vn -0.1909 0.4826 0.8548
vn -0.2280 0.4662 0.8548
vn -0.2632 0.4473 0.8548
vn -0.2970 0.4256 0.8548
vn -0.3292 0.4013 0.8548
vn -0.3595 0.3743 0.8548
vn -0.3865 0.3463 0.8548
vn -0.4110 0.3169 0.8548
vn -0.4110 0.3168 0.8548
vn -0.4343 0.2842 0.8548
vn -0.4550 0.2497 0.8548
vn -0.4731 0.2135 0.8548
vn -0.4883 0.1758 0.8548
vn -0.5004 0.1375 0.8548
vn -0.5004 0.1374 0.8548
vn -0.5096 0.0983 0.8548
vn -0.5157 0.0584 0.8548
vn -0.5186 0.0192 0.8548
vn -0.5187 -0.0051 0.8550
vn -0.0456 0.9718 0.2312
vn -0.0464 0.9894 0.1377
vn -0.0618 0.9319 0.3574
vn -0.3043 0.0345 0.9520
vn -0.3007 0.0580 0.9520
vn -0.2953 0.0811 0.9520
vn -0.2881 0.1037 0.9520
vn -0.2791 0.1259 0.9520
vn -0.2685 0.1473 0.9520
vn -0.2684 0.1473 0.9520
vn -0.2562 0.1677 0.9520
vn -0.2425 0.1869 0.9520
vn -0.2280 0.2043 0.9520
vn -0.2121 0.2208 0.9520
vn -0.1942 0.2367 0.9520
vn -0.1942 0.2368 0.9520
vn -0.1752 0.2511 0.9520
vn -0.1553 0.2639 0.9520
vn -0.1345 0.2751 0.9520
vn -0.1127 0.2847 0.9520
vn -0.0900 0.2927 0.9520
vn -0.0670 0.2988 0.9520
vn -0.0437 0.3031 0.9520
vn -0.0203 0.3055 0.9520
vn -0.4081 0.0462 0.9118
vn -0.4032 0.0778 0.9118
vn -0.3960 0.1088 0.9118
vn -0.3864 0.1391 0.9118
vn -0.3743 0.1689 0.9118
vn -0.3600 0.1976 0.9118
vn -0.3436 0.2249 0.9118
vn -0.3253 0.2507 0.9118
vn -0.3058 0.2740 0.9118
vn -0.2845 0.2962 0.9118
vn -0.2605 0.3175 0.9118
vn -0.2350 0.3368 0.9118
vn -0.2083 0.3539 0.9118
vn -0.1804 0.3689 0.9118
vn -0.1511 0.3819 0.9118
vn -0.1208 0.3925 0.9118
vn -0.0899 0.4007 0.9118
vn -0.0587 0.4065 0.9118
vn -0.0272 0.4098 0.9118
vn -0.3556 0.0403 0.9338
vn -0.3514 0.0678 0.9338
vn -0.3451 0.0948 0.9338
vn -0.3367 0.1212 0.9338
vn -0.3262 0.1472 0.9338
vn -0.3138 0.1722 0.9338
vn -0.3138 0.1722 0.9337
vn -0.2995 0.1960 0.9338
vn -0.2995 0.1960 0.9337
vn -0.2835 0.2185 0.9338
vn -0.2665 0.2388 0.9338
vn -0.2479 0.2581 0.9338
vn -0.2270 0.2767 0.9338
vn -0.2048 0.2935 0.9338
vn -0.1815 0.3084 0.9338
vn -0.1815 0.3085 0.9338
vn -0.1572 0.3215 0.9338
vn -0.1317 0.3328 0.9338
vn -0.1052 0.3421 0.9338
vn -0.0783 0.3492 0.9338
vn -0.0511 0.3542 0.9338
vn -0.0237 0.3571 0.9338
vn 0.1838 0.9733 0.1377
vn 0.8818 0.0855 0.4639
vn 0.9119 0.0172 0.4102
vn 0.8857 0.0167 0.4639
vn 0.8550 0.0161 0.5184
vn -0.8857 -0.0088 0.4641
vn -0.9119 -0.0090 0.4104
vn -0.9338 -0.0093 0.3577
vn -0.9520 -0.0094 0.3060
vn -0.3060 -0.0030 0.9520
vn -0.3577 -0.0035 0.9338
vn -0.4104 -0.0041 0.9119
vn -0.4641 -0.0046 0.8857
vn -0.9983 0.0369 0.0448
vn -0.9981 0.0185 0.0588
vn -0.9903 0.0184 0.1377
vn -0.9727 0.0181 0.2312
vn -0.9714 0.0539 0.2312
vn -0.9687 0.0907 0.2312
vn -0.9862 0.0923 0.1377
vn -0.9818 0.1307 0.1377
vn -0.0095 -0.0001 1.0000
vn -0.0095 0.0004 1.0000
vn -0.0095 0.0011 1.0000
vn -0.0093 0.0012 1.0000
vn -0.0094 0.0018 1.0000
vn -0.9967 0.0553 0.0588
vn -0.9939 0.0930 0.0588
vn -0.9927 0.1125 0.0432
vn -0.9895 0.1317 0.0588
vn -0.9802 0.1892 0.0588
vn -0.9687 0.2065 0.1377
vn -0.9760 0.1688 0.1377
vn -0.9587 0.1658 0.2312
vn -0.9644 0.1284 0.2312
vn -0.9265 0.1233 0.3555
vn -0.8803 0.0997 0.4639
vn -0.9062 0.1027 0.4102
vn -0.9280 0.1051 0.3574
vn -0.9460 0.1072 0.3058
vn -0.9381 0.1622 0.3059
vn -0.9515 0.2029 0.2312
vn -0.9142 0.1949 0.3552
vn -0.9348 0.1804 0.3058
vn -0.9006 0.2474 0.3574
vn -0.8581 0.3090 0.4102
vn -0.8075 0.3644 0.4639
vn -0.9980 0.0534 0.0351
vn -0.9993 0.0370 0.0094
vn -0.9943 0.1063 0.0094
vn -0.9935 0.1126 0.0181
vn -0.9831 0.1832 -0.0010
vn -0.9818 0.1895 0.0095
vn -0.9719 0.2351 0.0095
vn -0.9641 0.2648 0.0197
vn -0.9621 0.2724 0.0094
vn -0.9463 0.3230 0.0094
vn -0.8313 0.3751 0.4101
vn -0.8581 0.3089 0.4102
vn -0.8787 0.3164 0.3574
vn -0.9100 0.2500 0.3307
vn -0.9227 0.2344 0.3060
vn -0.9430 0.2395 0.2312
vn -0.9600 0.2439 0.1377
vn -0.9331 0.3595 0.0096
vn -0.9406 0.3386 0.0251
vn -0.9392 0.3382 0.0588
vn -0.9469 0.3202 0.0277
vn -0.9383 0.3173 0.1377
vn -0.9216 0.3117 0.2312
vn -0.8958 0.3225 0.3058
vn -0.8313 0.3751 0.4102
vn -0.7766 0.4263 0.4639
vn -0.7412 0.4852 0.4639
vn -0.9999 -0.0099 -0.0090
vn -0.9982 -0.0099 0.0588
vn -0.9904 -0.0098 0.1377
vn -0.9728 -0.0097 0.2313
vn -0.9519 0.0177 0.3060
vn -0.9439 0.0349 0.3285
vn -0.9506 0.0527 0.3060
vn -0.9479 0.0887 0.3059
vn -0.9850 0.1703 0.0277
vn -0.9763 0.2082 0.0588
vn -0.9626 0.2644 0.0588
vn -0.9688 0.2461 0.0281
vn -0.9573 0.2829 0.0588
vn -0.9499 0.2807 0.1377
vn -0.9330 0.2757 0.2312
vn -0.9130 0.2698 0.3059
vn -0.9019 0.3050 0.3059
vn -0.8732 0.3337 0.3552
vn -0.0089 0.0025 1.0000
vn -0.0094 0.0022 1.0000
vn -0.0089 0.0032 1.0000
vn -0.0090 0.0031 1.0000
vn -0.0087 0.0039 1.0000
vn -0.0085 0.0040 1.0000
vn -0.0084 0.0046 1.0000
vn -0.8751 0.4803 0.0588
vn -0.9017 0.4283 0.0588
vn -0.8947 0.4250 0.1377
vn -0.8588 0.4934 0.1377
vn -0.8774 0.4596 0.1377
vn -0.8618 0.4514 0.2312
vn -0.8436 0.4846 0.2312
vn -0.8347 0.4581 0.3058
vn -0.7814 0.5115 0.3574
vn -0.7223 0.5568 0.4101
vn -0.7016 0.5409 0.4639
vn -0.6598 0.5912 0.4639
vn -0.8468 0.5312 0.0277
vn -0.8353 0.5467 0.0588
vn -0.8656 0.4973 0.0588
vn -0.8855 0.4638 0.0274
vn -0.8181 0.5584 0.1377
vn -0.8036 0.5485 0.2312
vn -0.7864 0.5367 0.3059
vn -0.8242 0.5170 0.2312
vn -0.8065 0.5059 0.3059
vn -0.7896 0.5168 0.3309
vn -0.7397 0.5702 0.3574
vn -0.6792 0.6086 0.4102
vn -0.6137 0.6389 0.4639
vn -0.7427 0.5956 0.3059
vn -0.7590 0.6087 0.2312
vn -0.7727 0.6197 0.1377
vn -0.6318 0.6577 0.4102
vn -0.6955 0.6232 0.3575
vn -0.7475 0.5762 0.3306
vn -0.7651 0.5666 0.3059
vn -0.7818 0.5790 0.2312
vn -0.7960 0.5895 0.1377
vn -0.7440 0.6666 0.0459
vn -0.7258 0.6740 0.1377
vn -0.7129 0.6620 0.2312
vn -0.6977 0.6478 0.3059
vn -0.0077 0.0051 1.0000
vn -0.0083 0.0050 1.0000
vn -0.0075 0.0058 1.0000
vn -0.0076 0.0057 1.0000
vn -0.0071 0.0064 1.0000
vn -0.0069 0.0064 1.0000
vn -0.0067 0.0069 1.0000
vn -0.8726 0.4884 0.0051
vn -0.8766 0.4811 -0.0127
vn -0.8300 0.5569 0.0300
vn -0.8367 0.5476 0.0112
vn -0.7997 0.6004 0.0112
vn -0.7918 0.6103 0.0248
vn -0.7532 0.6577 -0.0096
vn -0.7447 0.6673 0.0095
vn -0.7173 0.6967 0.0095
vn -0.6926 0.7211 0.0162
vn -0.6896 0.7241 0.0099
vn -0.6503 0.7597 0.0099
vn -0.6729 0.6735 0.3059
vn -0.6876 0.6883 0.2312
vn -0.7000 0.7007 0.1377
vn -0.6181 0.7242 0.3059
vn -0.6316 0.7400 0.2312
vn -0.6430 0.7534 0.1377
vn -0.5717 0.8193 0.0432
vn -0.5870 0.8074 0.0588
vn -0.5824 0.8011 0.1377
vn -0.5188 0.8438 0.1377
vn -0.5509 0.8231 0.1377
vn -0.5412 0.8085 0.2312
vn -0.4894 0.7013 0.5184
vn -0.5424 0.6612 0.5184
vn -0.5424 0.6611 0.5184
vn -0.5924 0.6167 0.5184
vn -0.6368 0.5707 0.5184
vn -0.6368 0.5706 0.5184
vn -0.6773 0.5221 0.5184
vn -0.7155 0.4683 0.5184
vn -0.7497 0.4115 0.5184
vn -0.7795 0.3517 0.5184
vn -0.8046 0.2897 0.5184
vn -0.8246 0.2265 0.5184
vn -0.8396 0.1621 0.5184
vn -0.8497 0.0963 0.5184
vn -0.8545 0.0316 0.5184
vn -0.8549 -0.0085 0.5187
vn -0.5553 0.8296 0.0588
vn -0.5228 0.8504 0.0588
vn -0.5067 0.8610 0.0434
vn -0.4859 0.8631 0.1377
vn -0.4772 0.8478 0.2312
vn -0.4670 0.8296 0.3059
vn -0.0059 0.0072 1.0000
vn -0.0063 0.0073 1.0000
vn -0.0054 0.0078 1.0000
vn -0.0049 0.0082 1.0000
vn -0.0046 0.0082 1.0000
vn -0.0042 0.0086 1.0000
vn -0.4016 0.8632 0.3059
vn -0.4104 0.8821 0.2312
vn -0.4178 0.8980 0.1377
vn -0.6196 0.7839 0.0407
vn -0.6342 0.7731 0.0107
vn -0.5776 0.8162 0.0107
vn -0.5721 0.8199 0.0197
vn -0.5058 0.8627 -0.0020
vn -0.5072 0.8618 -0.0053
vn -0.4317 0.9017 0.0230
vn -0.4393 0.8983 0.0096
vn -0.3834 0.9235 0.0096
vn -0.3678 0.9296 0.0254
vn -0.3472 0.9377 0.0099
vn -0.3676 0.8782 0.3059
vn -0.3756 0.8975 0.2312
vn -0.3824 0.9137 0.1377
vn -0.0034 0.0086 1.0000
vn -0.0038 0.0089 1.0000
vn -0.0028 0.0090 1.0000
vn -0.3097 0.9408 0.1377
vn -0.3125 0.9495 0.0273
vn -0.2935 0.9541 0.0588
vn -0.2940 0.9557 0.0147
vn -0.2970 0.9548 0.0099
vn -0.2679 0.9353 0.2312
vn -0.2573 0.8985 0.3558
vn -0.2800 0.9100 0.3058
vn -0.2746 0.8927 0.3574
vn -0.2044 0.9113 0.3574
vn -0.1996 0.8899 0.4101
vn -0.1303 0.9027 0.4101
vn -0.1265 0.8768 0.4639
vn -0.0586 0.8840 0.4639
vn -0.0566 0.8533 0.5184
vn -0.0451 0.6802 0.7316
vn -0.0484 0.7305 0.6812
vn -0.1046 0.7246 0.6812
vn -0.1112 0.7703 0.6279
vn -0.1703 0.7594 0.6279
vn -0.1793 0.7995 0.5733
vn -0.2409 0.7831 0.5733
vn -0.2514 0.8173 0.5184
vn -0.3146 0.7952 0.5184
vn -0.3259 0.8238 0.4639
vn -0.3892 0.7958 0.4639
vn -0.4006 0.8193 0.4102
vn -0.4626 0.7860 0.4101
vn -0.4737 0.8049 0.3574
vn -0.5345 0.7659 0.3574
vn -0.5448 0.7808 0.3058
vn -0.2005 0.6516 0.7316
vn -0.2508 0.6339 0.7316
vn -0.2995 0.6124 0.7316
vn -0.3458 0.5875 0.7316
vn -0.3901 0.5591 0.7316
vn -0.4324 0.5271 0.7316
vn -0.4723 0.4917 0.7316
vn -0.5077 0.4549 0.7316
vn -0.5400 0.4162 0.7316
vn -0.5399 0.4162 0.7316
vn -0.5704 0.3734 0.7316
vn -0.5977 0.3280 0.7316
vn -0.6214 0.2804 0.7316
vn -0.6414 0.2309 0.7316
vn -0.6574 0.1806 0.7316
vn -0.6694 0.1292 0.7316
vn -0.6774 0.0768 0.7316
vn -0.6812 0.0252 0.7316
vn -0.6814 -0.0068 0.7318
vn -0.0588 -0.0006 0.9983
vn -0.0588 0.0022 0.9983
vn -0.0585 0.0066 0.9983
vn -0.0578 0.0112 0.9983
vn -0.0568 0.0156 0.9983
vn -0.0554 0.0199 0.9983
vn -0.0537 0.0242 0.9983
vn -0.0516 0.0283 0.9983
vn -0.0493 0.0322 0.9983
vn -0.0466 0.0359 0.9983
vn -0.0438 0.0393 0.9983
vn -0.0408 0.0425 0.9983
vn -0.0373 0.0455 0.9983
vn -0.0337 0.0483 0.9983
vn -0.0299 0.0507 0.9983
vn -0.0259 0.0529 0.9983
vn -0.0217 0.0547 0.9983
vn -0.0173 0.0563 0.9983
vn -0.0129 0.0574 0.9983
vn -0.1312 0.9909 0.0295
vn -0.2188 0.9757 -0.0132
vn -0.2185 0.9741 0.0588
vn -0.2748 0.9597 0.0588
vn -0.2727 0.9522 0.1377
vn -0.3042 0.9241 0.2312
vn -0.2263 0.9248 0.3059
vn -0.2313 0.9450 0.2312
vn -0.2355 0.9621 0.1377
vn -0.0603 0.9100 0.4102
vn -0.1334 0.9244 0.3574
vn -0.2084 0.9290 0.3058
vn -0.1868 0.9159 0.3554
vn -0.1945 0.9533 0.2312
vn -0.1980 0.9705 0.1377
vn -0.0515 0.7766 0.6279
vn -0.1170 0.8109 0.5733
vn -0.1872 0.8344 0.5184
vn -0.2514 0.8174 0.5184
vn -0.2605 0.8467 0.4639
vn -0.3355 0.8481 0.4102
vn -0.4103 0.8390 0.3574
vn -0.4787 0.8133 0.3307
vn -0.4986 0.8110 0.3059
vn -0.5096 0.8288 0.2312
vn -0.1377 -0.0014 0.9905
vn -0.1377 0.0051 0.9905
vn -0.1369 0.0155 0.9905
vn -0.1353 0.0261 0.9905
vn -0.1329 0.0365 0.9905
vn -0.1297 0.0467 0.9905
vn -0.1256 0.0567 0.9905
vn -0.1208 0.0663 0.9905
vn -0.1153 0.0755 0.9905
vn -0.1092 0.0841 0.9905
vn -0.1026 0.0920 0.9905
vn -0.0955 0.0994 0.9905
vn -0.0874 0.1066 0.9905
vn -0.0789 0.1130 0.9905
vn -0.0699 0.1188 0.9905
vn -0.0605 0.1238 0.9905
vn -0.0507 0.1282 0.9905
vn -0.0405 0.1317 0.9905
vn -0.0302 0.1345 0.9905
vn -0.0197 0.1364 0.9905
vn -0.1348 0.9341 0.3307
vn -0.1541 0.9395 0.3059
vn -0.1575 0.9601 0.2312
vn -0.1603 0.9774 0.1377
vn -0.1616 0.9851 0.0588
vn -0.1995 0.9781 0.0588
vn -0.2377 0.9710 0.0276
vn -0.2977 0.9043 0.3059
vn -0.0542 0.8175 0.5733
vn -0.1221 0.8464 0.5184
vn -0.1939 0.8644 0.4639
vn -0.2682 0.8717 0.4101
vn -0.3436 0.8684 0.3574
vn -0.4146 0.8478 0.3306
vn -0.4347 0.8470 0.3059
vn -0.4442 0.8656 0.2312
vn -0.4522 0.8812 0.1377
vn -0.0380 0.5726 0.8189
vn -0.0416 0.6272 0.7778
vn -0.0898 0.6221 0.7778
vn -0.0974 0.6748 0.7316
vn -0.1492 0.6652 0.7316
vn -0.1602 0.7144 0.6811
vn -0.2153 0.6998 0.6812
vn -0.2288 0.7439 0.6279
vn -0.2863 0.7237 0.6279
vn -0.3014 0.7619 0.5733
vn -0.3599 0.7360 0.5733
vn -0.3756 0.7682 0.5184
vn -0.4338 0.7370 0.5184
vn -0.4494 0.7635 0.4639
vn -0.5070 0.7265 0.4639
vn -0.5219 0.7479 0.4101
vn -0.5784 0.7051 0.4101
vn -0.5923 0.7221 0.3574
vn -0.6470 0.6736 0.3574
vn -0.6596 0.6867 0.3058
vn -0.6340 0.6866 0.3558
vn -0.6601 0.7147 0.2312
vn -0.6720 0.7277 0.1377
vn -0.0820 0.5680 0.8189
vn -0.1256 0.5600 0.8189
vn -0.1688 0.5486 0.8189
vn -0.1688 0.5485 0.8189
vn -0.2111 0.5337 0.8189
vn -0.2521 0.5156 0.8189
vn -0.2911 0.4946 0.8189
vn -0.3284 0.4707 0.8189
vn -0.3640 0.4437 0.8189
vn -0.3976 0.4139 0.8189
vn -0.4274 0.3830 0.8190
vn -0.4546 0.3504 0.8189
vn -0.4802 0.3143 0.8189
vn -0.5031 0.2761 0.8189
vn -0.5231 0.2361 0.8189
vn -0.5400 0.1944 0.8189
vn -0.5534 0.1520 0.8189
vn -0.5635 0.1088 0.8189
vn -0.5703 0.0646 0.8189
vn -0.5735 0.0212 0.8189
vn -0.5736 -0.0057 0.8191
vn -0.2313 -0.0023 0.9729
vn -0.2313 0.0086 0.9729
vn -0.2300 0.0261 0.9729
vn -0.2272 0.0439 0.9729
vn -0.2232 0.0613 0.9729
vn -0.2177 0.0784 0.9729
vn -0.2110 0.0952 0.9728
vn -0.2029 0.1114 0.9728
vn -0.1937 0.1268 0.9728
vn -0.1833 0.1413 0.9728
vn -0.1723 0.1544 0.9729
vn -0.1603 0.1669 0.9729
vn -0.1468 0.1789 0.9728
vn -0.1324 0.1898 0.9728
vn -0.1174 0.1995 0.9728
vn -0.1017 0.2079 0.9729
vn -0.0851 0.2152 0.9729
vn -0.0681 0.2212 0.9728
vn -0.0507 0.2258 0.9728
vn -0.0331 0.2291 0.9728
vn -0.0153 0.2309 0.9729
vn -0.0018 0.0092 1.0000
vn -0.0014 0.0095 1.0000
vn -0.0084 0.0583 0.9983
vn -0.0831 0.9693 0.2312
vn -0.3503 0.8853 0.3058
vn -0.3267 0.8756 0.3558
vn -0.3401 0.9115 0.2312
vn -0.3462 0.9280 0.1377
vn -0.3490 0.9353 0.0588
vn -0.3859 0.9221 0.0273
vn -0.3673 0.9283 0.0588
vn -0.4211 0.9051 0.0588
vn -0.4389 0.8975 0.0435
vn -0.4558 0.8882 0.0588
vn -0.4897 0.8699 0.0588
vn -0.5095 0.8288 0.2312
vn -0.5199 0.7768 0.3553
vn -0.5598 0.7701 0.3059
vn -0.0416 0.6271 0.7778
vn -0.1602 0.7144 0.6812
vn -0.3892 0.7959 0.4639
vn -0.6039 0.7361 0.3058
vn -0.5785 0.7340 0.3557
vn -0.6023 0.7641 0.2312
vn -0.6131 0.7779 0.1377
vn -0.6180 0.7840 0.0588
vn -0.6490 0.7603 0.0273
vn -0.6331 0.7718 0.0588
vn -0.6773 0.7334 0.0588
vn -0.6921 0.7205 0.0431
vn -0.7055 0.7062 0.0588
vn -0.7315 0.6793 0.0588
vn -0.3419 0.6991 0.6279
vn -0.6955 0.6233 0.3575
vn -0.7039 0.6307 0.3267
vn -0.7202 0.6227 0.3059
vn -0.7360 0.6363 0.2312
vn -0.7493 0.6478 0.1377
vn -0.7552 0.6529 0.0588
vn -0.7788 0.6245 0.0588
vn -0.7913 0.6099 0.0435
vn -0.8022 0.5941 0.0588
vn -0.8245 0.5628 0.0588
vn -0.8104 0.4656 0.3557
vn -0.8434 0.4417 0.3059
vn -0.8678 0.3916 0.3058
vn -0.8441 0.4010 0.3559
vn -0.8753 0.3745 0.3059
vn -0.8945 0.3827 0.2312
vn -0.9106 0.3896 0.1377
vn -0.9190 0.3932 0.0273
vn -0.9099 0.4106 0.0588
vn -0.9114 0.4113 0.0145
vn -0.9127 0.4084 0.0096
vn -0.4642 -0.0046 0.8857
vn -0.4641 0.0172 0.8856
vn -0.4615 0.0523 0.8856
vn -0.4560 0.0880 0.8856
vn -0.4478 0.1230 0.8856
vn -0.4370 0.1573 0.8856
vn -0.4233 0.1910 0.8856
vn -0.4072 0.2235 0.8856
vn -0.3886 0.2544 0.8856
vn -0.3678 0.2835 0.8856
vn -0.3459 0.3099 0.8856
vn -0.3217 0.3349 0.8856
vn -0.2946 0.3591 0.8856
vn -0.2658 0.3809 0.8856
vn -0.2356 0.4003 0.8856
vn -0.2040 0.4172 0.8856
vn -0.1709 0.4319 0.8856
vn -0.1366 0.4439 0.8856
vn -0.1016 0.4532 0.8856
vn -0.0663 0.4597 0.8856
vn -0.0307 0.4634 0.8856
vn -0.0091 0.1375 0.9905
vn -0.0039 0.0587 0.9983
vn -0.0006 0.0093 1.0000
vn -0.0009 0.0096 1.0000
vn -0.0785 0.9969 0.0104
vn -0.0661 0.9975 0.0239
vn -0.0016 0.9999 -0.0114
vn 0.0114 0.9999 0.0098
vn 0.0513 0.9986 0.0098
vn -0.0081 0.9996 0.0279
vn 0.0113 0.9982 0.0588
vn -0.0468 0.9972 0.0588
vn -0.0661 0.9969 0.0435
vn -0.0852 0.9946 0.0588
vn 0.0026 0.2314 0.9729
vn 0.0016 0.1378 0.9905
vn 0.0007 0.0589 0.9983
vn 0.0001 0.0095 1.0000
vn -0.0000 0.0096 1.0000
vn -0.0079 0.9729 0.2312
vn 0.0305 0.9900 0.1377
vn 0.0307 0.9978 0.0588
vn 0.0890 0.9943 0.0588
vn 0.0892 0.9959 0.0124
vn 0.0903 0.9959 0.0106
vn 0.1076 0.9846 0.1377
vn 0.0691 0.9881 0.1377
vn 0.0678 0.9705 0.2312
vn 0.0300 0.9724 0.2312
vn 0.0288 0.9345 0.3548
vn 0.0273 0.3050 0.9520
vn 0.0206 0.2305 0.9728
vn 0.0123 0.1373 0.9905
vn 0.0053 0.0586 0.9983
vn 0.0008 0.0095 1.0000
vn 0.0009 0.0094 1.0000
vn -0.1428 0.9897 0.0104
vn -0.1427 0.9888 0.0434
vn -0.1235 0.9906 0.0588
vn -0.1225 0.9829 0.1377
vn -0.1204 0.9654 0.2312
vn -0.1178 0.9447 0.3059
vn -0.0813 0.9486 0.3059
vn -0.0624 0.9417 0.3306
vn -0.0446 0.9510 0.3059
vn -0.0077 0.9520 0.3059
vn 0.0697 0.9972 0.0273
vn 0.1084 0.9924 0.0588
vn 0.1661 0.9844 0.0588
vn 0.1402 0.9417 0.3059
vn 0.1432 0.9623 0.2312
vn 0.1458 0.9797 0.1377
vn 0.0319 0.3565 0.9338
vn 0.0510 0.3019 0.9520
vn 0.0385 0.2282 0.9728
vn 0.0229 0.1359 0.9905
vn 0.0098 0.0581 0.9983
vn 0.0016 0.0095 1.0000
vn 0.0019 0.0092 1.0000
vn 0.2483 0.9191 0.3059
vn 0.2538 0.9392 0.2312
vn 0.2583 0.9562 0.1377
vn 0.0023 0.0093 1.0000
vn 0.0143 0.0571 0.9983
vn 0.0334 0.1337 0.9905
vn 0.0560 0.2245 0.9728
vn 0.0560 0.2246 0.9728
vn 0.0742 0.2971 0.9520
vn 0.0510 0.3020 0.9520
vn 0.0596 0.3529 0.9338
vn 0.0366 0.4090 0.9118
vn 0.1814 0.9827 0.0364
vn 0.1664 0.9860 0.0110
vn 0.2334 0.9723 0.0110
vn 0.2421 0.9700 0.0222
vn 0.3078 0.9514 -0.0046
vn 0.3161 0.9487 0.0097
vn 0.3578 0.9338 0.0097
vn 0.3183 0.8973 0.3059
vn 0.3253 0.9169 0.2312
vn 0.3312 0.9335 0.1377
vn 0.0414 0.4626 0.8856
vn 0.0366 0.4091 0.9118
vn 0.0683 0.4050 0.9118
vn 0.0596 0.3529 0.9337
vn 0.0867 0.3473 0.9338
vn 0.0968 0.2905 0.9520
vn 0.0732 0.2196 0.9729
vn 0.0436 0.1308 0.9905
vn 0.0186 0.0558 0.9983
vn 0.0030 0.0089 1.0000
vn 0.0028 0.0091 1.0000
vn 0.3938 0.9192 0.0097
vn 0.3530 0.8842 0.3059
vn 0.3607 0.9036 0.2312
vn 0.3673 0.9199 0.1377
vn 0.3672 0.9199 0.1377
vn 0.3701 0.9271 0.0588
vn 0.3338 0.9408 0.0588
vn 0.3159 0.9478 0.0435
vn 0.0463 0.5169 0.8548
vn 0.0773 0.4580 0.8856
vn 0.0995 0.3985 0.9118
vn 0.1132 0.3395 0.9338
vn 0.1191 0.2821 0.9520
vn 0.0900 0.2132 0.9729
vn 0.0536 0.1270 0.9905
vn 0.0229 0.0542 0.9983
vn 0.0037 0.0088 1.0000
vn 0.0037 0.0087 1.0000
vn 0.4591 0.8865 0.0588
vn 0.4212 0.8538 0.3059
vn 0.4304 0.8725 0.2312
vn 0.4382 0.8883 0.1377
vn 0.0512 0.5716 0.8189
vn 0.0864 0.5118 0.8548
vn 0.1125 0.4506 0.8856
vn 0.1298 0.3896 0.9118
vn 0.1392 0.3297 0.9338
vn 0.1408 0.2719 0.9520
vn 0.1064 0.2055 0.9729
vn 0.0634 0.1224 0.9905
vn 0.0271 0.0523 0.9983
vn 0.0044 0.0085 1.0000
vn 0.0046 0.0082 1.0000
vn 0.5275 0.8494 0.0188
vn 0.5225 0.8525 0.0105
vn 0.4598 0.8879 0.0105
vn 0.4762 0.8783 0.0419
vn 0.4419 0.8970 0.0097
vn 0.4865 0.8184 0.3059
vn 0.4971 0.8363 0.2312
vn 0.5061 0.8514 0.1377
vn 0.0051 0.0082 1.0000
vn 0.0311 0.0500 0.9983
vn 0.0727 0.1171 0.9905
vn 0.1221 0.1966 0.9728
vn 0.1616 0.2601 0.9520
vn 0.1646 0.3178 0.9338
vn 0.1597 0.3783 0.9118
vn 0.1468 0.4406 0.8856
vn 0.1257 0.5035 0.8548
vn 0.0955 0.5659 0.8189
vn 0.0561 0.6260 0.7778
vn 0.5781 0.7565 0.3059
vn 0.5907 0.7730 0.2312
vn 0.6014 0.7870 0.1377
vn 0.0608 0.6790 0.7316
vn 0.1046 0.6198 0.7778
vn 0.1390 0.5568 0.8189
vn 0.1641 0.4924 0.8548
vn 0.1806 0.4279 0.8856
vn 0.1889 0.3647 0.9118
vn 0.1888 0.3040 0.9338
vn 0.1812 0.2469 0.9520
vn 0.1369 0.1866 0.9728
vn 0.0816 0.1111 0.9905
vn 0.0348 0.0475 0.9983
vn 0.0055 0.0075 1.0000
vn 0.0055 0.0078 1.0000
vn 0.6345 0.7098 0.3059
vn 0.6484 0.7253 0.2312
vn 0.6601 0.7384 0.1377
vn 0.6653 0.7442 0.0588
vn 0.6514 0.7575 0.0436
vn 0.6520 0.7582 0.0097
vn 0.6586 0.7521 0.0244
vn 0.0653 0.7292 0.6812
vn 0.1135 0.6723 0.7316
vn 0.1522 0.6098 0.7778
vn 0.1814 0.5445 0.8189
vn 0.2018 0.4781 0.8548
vn 0.2136 0.4124 0.8856
vn 0.2167 0.3489 0.9118
vn 0.1888 0.3041 0.9338
vn 0.2118 0.2885 0.9338
vn 0.1997 0.2322 0.9520
vn 0.1509 0.1755 0.9728
vn 0.1509 0.1755 0.9729
vn 0.0899 0.1045 0.9905
vn 0.0384 0.0446 0.9983
vn 0.0062 0.0072 1.0000
vn 0.0062 0.0071 1.0000
vn 0.6879 0.6582 0.3059
vn 0.0694 0.7752 0.6279
vn 0.1218 0.7219 0.6811
vn 0.1135 0.6722 0.7316
vn 0.1651 0.6615 0.7316
vn 0.1987 0.5963 0.7778
vn 0.2232 0.5287 0.8189
vn 0.2387 0.4609 0.8548
vn 0.2450 0.3946 0.8856
vn 0.2430 0.3311 0.9118
vn 0.2334 0.2714 0.9338
vn 0.2171 0.2160 0.9520
vn 0.1641 0.1632 0.9729
vn 0.0977 0.0972 0.9905
vn 0.0417 0.0415 0.9983
vn 0.0068 0.0068 1.0000
vn 0.0069 0.0064 1.0000
vn 0.7561 0.6518 0.0588
vn 0.7213 0.6901 0.0588
vn 0.7157 0.6847 0.1377
vn 0.7110 0.6331 0.3060
vn 0.7266 0.6470 0.2312
vn 0.7397 0.6587 0.1377
vn 0.0073 0.0062 1.0000
vn 0.0446 0.0384 0.9983
vn 0.1044 0.0900 0.9905
vn 0.1753 0.1511 0.9729
vn 0.2319 0.1999 0.9520
vn 0.2537 0.2524 0.9338
vn 0.2678 0.3114 0.9118
vn 0.2748 0.3744 0.8856
vn 0.2738 0.4409 0.8548
vn 0.2639 0.5096 0.8189
vn 0.2445 0.5790 0.7778
vn 0.2155 0.6468 0.7316
vn 0.1773 0.7104 0.6812
vn 0.1218 0.7219 0.6812
vn 0.1295 0.7674 0.6279
vn 0.0731 0.8161 0.5733
vn 0.7467 0.6650 -0.0116
vn 0.7574 0.6529 0.0105
vn 0.7809 0.6245 0.0105
vn 0.8019 0.5972 0.0181
vn 0.8048 0.5935 0.0113
vn 0.7523 0.5834 0.3059
vn 0.7688 0.5962 0.2312
vn 0.7827 0.6070 0.1377
vn 0.0763 0.8517 0.5184
vn 0.1364 0.8079 0.5733
vn 0.1885 0.7551 0.6279
vn 0.1773 0.7103 0.6812
vn 0.2315 0.6946 0.6812
vn 0.2652 0.6281 0.7316
vn 0.2890 0.5581 0.7778
vn 0.3028 0.4876 0.8189
vn 0.3071 0.4184 0.8548
vn 0.3028 0.3521 0.8856
vn 0.2911 0.2897 0.9118
vn 0.2710 0.2336 0.9338
vn 0.2456 0.1829 0.9520
vn 0.1856 0.1382 0.9728
vn 0.1105 0.0823 0.9905
vn 0.0472 0.0352 0.9983
vn 0.0076 0.0056 1.0000
vn 0.0076 0.0057 1.0000
vn 0.8451 0.5328 0.0433
vn 0.8340 0.5486 0.0588
vn 0.8275 0.5443 0.1377
vn 0.8479 0.5119 0.1377
vn 0.8329 0.5028 0.2312
vn 0.8151 0.4920 0.3059
vn 0.0790 0.8824 0.4639
vn 0.1423 0.8432 0.5184
vn 0.1984 0.7950 0.5733
vn 0.2460 0.7383 0.6279
vn 0.2847 0.6745 0.6812
vn 0.2652 0.6280 0.7316
vn 0.3135 0.6054 0.7316
vn 0.3316 0.5339 0.7778
vn 0.3396 0.4627 0.8189
vn 0.3384 0.3935 0.8548
vn 0.3292 0.3276 0.8856
vn 0.3110 0.2681 0.9118
vn 0.2871 0.2138 0.9338
vn 0.2590 0.1633 0.9520
vn 0.1958 0.1234 0.9728
vn 0.1166 0.0735 0.9905
vn 0.0498 0.0314 0.9983
vn 0.0081 0.0051 1.0000
vn 0.0081 0.0049 1.0000
vn 0.8505 0.4278 0.3059
vn 0.8691 0.4372 0.2312
vn 0.8848 0.4451 0.1377
vn 0.0085 0.0045 1.0000
vn 0.0521 0.0275 0.9983
vn 0.1219 0.0643 0.9905
vn 0.2047 0.1080 0.9728
vn 0.2709 0.1428 0.9520
vn 0.3028 0.1909 0.9338
vn 0.3294 0.2453 0.9118
vn 0.3517 0.3032 0.8857
vn 0.3679 0.3661 0.8548
vn 0.3742 0.4351 0.8189
vn 0.3719 0.5067 0.7778
vn 0.3597 0.5792 0.7316
vn 0.3367 0.6501 0.6812
vn 0.2848 0.6745 0.6812
vn 0.3027 0.7170 0.6279
vn 0.2461 0.7383 0.6279
vn 0.2590 0.7773 0.5733
vn 0.2071 0.8297 0.5184
vn 0.1474 0.8736 0.4639
vn 0.0814 0.9084 0.4101
vn 0.9179 0.3967 0.0095
vn 0.9159 0.4013 0.0012
vn 0.8844 0.4664 0.0183
vn 0.8821 0.4709 0.0112
vn 0.8459 0.5333 0.0112
vn 0.8552 0.5165 0.0428
vn 0.8351 0.5500 0.0113
vn 0.8811 0.3606 0.3059
vn 0.9004 0.3685 0.2312
vn 0.9167 0.3752 0.1377
vn 0.0833 0.9302 0.3574
vn 0.1518 0.8993 0.4101
vn 0.2145 0.8595 0.4639
vn 0.2704 0.8113 0.5184
vn 0.3187 0.7548 0.5733
vn 0.3579 0.6911 0.6279
vn 0.3863 0.6220 0.6811
vn 0.3597 0.5791 0.7316
vn 0.4034 0.5496 0.7316
vn 0.4098 0.4765 0.7778
vn 0.4068 0.4048 0.8189
vn 0.3930 0.3388 0.8548
vn 0.3517 0.3032 0.8856
vn 0.3725 0.2774 0.8856
vn 0.3474 0.2190 0.9118
vn 0.3028 0.1909 0.9337
vn 0.3166 0.1670 0.9338
vn 0.2811 0.1215 0.9520
vn 0.2124 0.0918 0.9729
vn 0.1265 0.0547 0.9905
vn 0.0540 0.0234 0.9983
vn 0.0085 0.0037 1.0000
vn 0.0088 0.0041 1.0000
vn 0.9643 0.2648 0.0094
vn 0.9489 0.3155 0.0094
vn 0.8945 0.3259 0.3059
vn 0.9141 0.3330 0.2312
vn 0.9306 0.3391 0.1377
vn 0.9380 0.3417 0.0588
vn 0.9239 0.3781 0.0588
vn 0.9171 0.3964 0.0433
vn 0.1057 0.9671 0.2312
vn 0.1015 0.9290 0.3558
vn 0.0849 0.9483 0.3058
vn 0.1554 0.9209 0.3574
vn 0.2208 0.8849 0.4101
vn 0.2801 0.8405 0.4639
vn 0.3326 0.7878 0.5184
vn 0.3768 0.7276 0.5733
vn 0.4106 0.6612 0.6279
vn 0.3863 0.6220 0.6812
vn 0.4332 0.5902 0.6812
vn 0.4445 0.5169 0.7316
vn 0.4455 0.4433 0.7778
vn 0.4346 0.3746 0.8190
vn 0.4162 0.3100 0.8548
vn 0.3929 0.2477 0.8856
vn 0.3633 0.1916 0.9118
vn 0.3285 0.1420 0.9338
vn 0.2897 0.0992 0.9520
vn 0.2190 0.0750 0.9729
vn 0.1304 0.0446 0.9905
vn 0.0557 0.0191 0.9983
vn 0.0089 0.0031 1.0000
vn 0.0090 0.0031 1.0000
vn 0.9738 0.2271 0.0095
vn 0.9681 0.2493 0.0250
vn 0.9675 0.2491 0.0433
vn 0.9617 0.2676 0.0588
vn 0.9542 0.2655 0.1377
vn 0.9719 0.1908 0.1377
vn 0.9638 0.2283 0.1377
vn 0.9467 0.2242 0.2312
vn 0.6816 0.0128 0.7316
vn 0.7320 0.0138 0.6812
vn 0.7287 0.0707 0.6812
vn 0.7746 0.0751 0.6279
vn 0.7664 0.1351 0.6280
vn 0.8069 0.1422 0.5733
vn 0.7935 0.2043 0.5733
vn 0.8281 0.2132 0.5184
vn 0.8090 0.2770 0.5184
vn 0.8381 0.2869 0.4639
vn 0.8132 0.3515 0.4639
vn 0.8372 0.3618 0.4102
vn 0.8067 0.4254 0.4101
vn 0.8261 0.4357 0.3574
vn 0.7901 0.4981 0.3574
vn 0.7983 0.5032 0.3310
vn 0.7954 0.5232 0.3059
vn 0.8128 0.5347 0.2312
vn 0.1805 0.9560 0.2312
vn 0.1734 0.9185 0.3554
vn 0.1584 0.9388 0.3058
vn 0.2262 0.9062 0.3574
vn 0.2883 0.8652 0.4102
vn 0.3446 0.8161 0.4639
vn 0.3933 0.7594 0.5184
vn 0.4323 0.6960 0.5733
vn 0.4106 0.6611 0.6279
vn 0.4605 0.6274 0.6279
vn 0.4774 0.5551 0.6812
vn 0.4833 0.4809 0.7316
vn 0.4760 0.4103 0.7779
vn 0.4603 0.3428 0.8189
vn 0.4163 0.3100 0.8548
vn 0.4390 0.2768 0.8548
vn 0.4108 0.2167 0.8856
vn 0.3770 0.1629 0.9118
vn 0.3386 0.1159 0.9338
vn 0.2965 0.0763 0.9520
vn 0.2241 0.0577 0.9729
vn 0.1335 0.0344 0.9905
vn 0.0570 0.0147 0.9983
vn 0.0093 0.0024 1.0000
vn 0.0092 0.0022 1.0000
vn 0.9786 0.1530 0.1377
vn 0.9547 0.1874 0.2312
vn 0.9096 0.2155 0.3552
vn 0.9172 0.2552 0.3059
vn 0.9198 0.1621 0.3574
vn 0.9294 0.1638 0.3309
vn 0.7781 0.0147 0.6279
vn 0.7746 0.0751 0.6280
vn 0.8155 0.0791 0.5733
vn 0.8422 0.1484 0.5184
vn 0.8579 0.2209 0.4639
vn 0.8628 0.2954 0.4102
vn 0.8573 0.3705 0.3574
vn 0.8348 0.4402 0.3306
vn 0.8334 0.4602 0.3059
vn 0.8517 0.4703 0.2312
vn 0.8671 0.4788 0.1377
vn 0.3062 0.0058 0.9520
vn 0.3578 0.0067 0.9338
vn 0.3562 0.0345 0.9338
vn 0.4088 0.0396 0.9118
vn 0.4044 0.0713 0.9118
vn 0.4574 0.0806 0.8856
vn 0.4498 0.1158 0.8856
vn 0.5026 0.1294 0.8548
vn 0.4910 0.1681 0.8548
vn 0.5430 0.1859 0.8189
vn 0.5268 0.2277 0.8189
vn 0.5769 0.2494 0.7778
vn 0.5560 0.2932 0.7778
vn 0.6030 0.3180 0.7316
vn 0.5767 0.3636 0.7316
vn 0.6193 0.3904 0.6811
vn 0.5872 0.4373 0.6811
vn 0.6242 0.4649 0.6279
vn 0.5894 0.5081 0.6280
vn 0.6206 0.5349 0.5734
vn 0.5808 0.5779 0.5733
vn 0.6062 0.6032 0.5184
vn 0.5576 0.6484 0.5184
vn 0.5776 0.6717 0.4639
vn 0.5242 0.7142 0.4639
vn 0.5397 0.7352 0.4101
vn 0.4812 0.7748 0.4101
vn 0.4927 0.7934 0.3574
vn 0.4295 0.8293 0.3574
vn 0.4378 0.8455 0.3058
vn 0.4459 0.8213 0.3558
vn 0.4642 0.8550 0.2312
vn 0.4726 0.8705 0.1377
vn 0.9714 0.2301 0.0588
vn 0.9796 0.1923 0.0588
vn 0.9839 0.1734 0.0433
vn 0.9863 0.1542 0.0588
vn 0.9936 0.0963 0.0588
vn 0.9875 0.0764 0.1377
vn 0.9838 0.1148 0.1377
vn 0.9663 0.1128 0.2312
vn 0.9897 0.0379 0.1377
vn 0.9700 0.0750 0.2312
vn 0.8192 0.0154 0.5733
vn 0.8511 0.0825 0.5184
vn 0.8725 0.1538 0.4639
vn 0.8832 0.2274 0.4102
vn 0.8836 0.3025 0.3574
vn 0.8662 0.3744 0.3309
vn 0.8664 0.3946 0.3059
vn 0.8854 0.4033 0.2312
vn 0.9014 0.4106 0.1377
vn 0.9085 0.4138 0.0588
vn 0.8918 0.4486 0.0588
vn 0.8837 0.4660 0.0435
vn 0.8739 0.4826 0.0588
vn 0.8546 0.5159 0.0588
vn 0.5738 0.0108 0.8189
vn 0.6284 0.0118 0.7778
vn 0.6256 0.0607 0.7778
vn 0.6785 0.0658 0.7316
vn 0.6714 0.1183 0.7316
vn 0.7210 0.1271 0.6812
vn 0.7090 0.1825 0.6812
vn 0.7537 0.1940 0.6279
vn 0.7363 0.2521 0.6279
vn 0.7752 0.2654 0.5733
vn 0.7521 0.3250 0.5733
vn 0.7850 0.3393 0.5184
vn 0.7564 0.3989 0.5184
vn 0.7836 0.4133 0.4639
vn 0.7494 0.4725 0.4638
vn 0.7715 0.4864 0.4101
vn 0.7315 0.5447 0.4101
vn 0.7490 0.5578 0.3574
vn 0.7074 0.6097 0.3575
vn 0.7212 0.6216 0.3058
vn 0.7221 0.6024 0.3402
vn 0.7471 0.6232 0.2312
vn 0.7606 0.6345 0.1377
vn 0.4643 0.0088 0.8856
vn 0.5189 0.0098 0.8548
vn 0.5165 0.0501 0.8548
vn 0.5712 0.0554 0.8189
vn 0.5652 0.0996 0.8189
vn 0.6190 0.1091 0.7778
vn 0.6087 0.1567 0.7778
vn 0.6602 0.1700 0.7316
vn 0.6450 0.2208 0.7316
vn 0.6927 0.2371 0.6812
vn 0.6720 0.2904 0.6812
vn 0.7144 0.3088 0.6279
vn 0.6884 0.3630 0.6279
vn 0.7247 0.3822 0.5733
vn 0.6931 0.4369 0.5733
vn 0.7234 0.4560 0.5184
vn 0.6858 0.5108 0.5184
vn 0.7105 0.5292 0.4639
vn 0.6710 0.5784 0.4640
vn 0.6908 0.5954 0.4102
vn 0.6465 0.6433 0.4102
vn 0.6620 0.6587 0.3574
vn 0.6090 0.7081 0.3574
vn 0.6154 0.7156 0.3305
vn 0.6068 0.7337 0.3059
vn 0.6200 0.7497 0.2312
vn 0.6312 0.7633 0.1377
vn 0.6362 0.7693 0.0588
vn 0.6061 0.7932 0.0588
vn 0.4106 0.0077 0.9118
vn 0.4623 0.0448 0.8856
vn 0.5111 0.0901 0.8548
vn 0.5558 0.1431 0.8189
vn 0.5946 0.2036 0.7778
vn 0.5769 0.2493 0.7778
vn 0.6258 0.2705 0.7316
vn 0.6476 0.3415 0.6812
vn 0.6194 0.3904 0.6811
vn 0.6584 0.4151 0.6279
vn 0.6571 0.4894 0.5733
vn 0.6477 0.5583 0.5185
vn 0.6280 0.6249 0.4639
vn 0.5947 0.6915 0.4102
vn 0.5526 0.7529 0.3574
vn 0.5023 0.8088 0.3058
vn 0.5085 0.7843 0.3555
vn 0.5292 0.8164 0.2312
vn 0.5293 0.8164 0.2312
vn 0.5388 0.8311 0.1377
vn 0.5430 0.8376 0.0588
vn 0.5108 0.8593 0.0275
vn 0.5267 0.8480 0.0588
vn 0.4763 0.8773 0.0588
vn 0.4422 0.8965 0.0273
vn 0.2419 0.9693 0.0434
vn 0.2604 0.9637 0.0588
vn 0.2973 0.9530 0.0588
vn 0.2950 0.9455 0.1377
vn 0.2898 0.9288 0.2312
vn 0.2835 0.9089 0.3059
vn 0.2984 0.8954 0.3305
vn 0.2953 0.8860 0.3574
vn 0.3632 0.8604 0.3574
vn 0.3547 0.8402 0.4102
vn 0.4194 0.8099 0.4102
vn 0.4074 0.7867 0.4639
vn 0.4674 0.7526 0.4639
vn 0.4512 0.7265 0.5184
vn 0.5060 0.6894 0.5184
vn 0.4848 0.6605 0.5733
vn 0.5342 0.6212 0.5733
vn 0.5074 0.5901 0.6279
vn 0.5517 0.5489 0.6279
vn 0.5190 0.5164 0.6812
vn 0.5545 0.4779 0.6813
vn 0.5163 0.4450 0.7317
vn 0.5468 0.4072 0.7316
vn 0.5041 0.3754 0.7778
vn 0.5317 0.3352 0.7778
vn 0.4855 0.3061 0.8189
vn 0.5077 0.2677 0.8189
vn 0.4591 0.2421 0.8548
vn 0.4764 0.2059 0.8548
vn 0.4263 0.1843 0.8856
vn 0.4394 0.1504 0.8856
vn 0.3885 0.1330 0.9118
vn 0.3977 0.1024 0.9118
vn 0.3466 0.0892 0.9338
vn 0.3525 0.0621 0.9338
vn 0.3016 0.0531 0.9520
vn 0.3048 0.0296 0.9520
vn 0.2303 0.0223 0.9729
vn 0.2304 0.0223 0.9729
vn 0.1372 0.0133 0.9905
vn 0.0586 0.0057 0.9983
vn 0.9845 0.1752 0.0095
vn 0.9848 0.1736 0.0121
vn 0.9951 0.0983 0.0065
vn 0.9953 0.0965 0.0094
vn 0.9989 0.0454 0.0094
vn 0.9995 0.0188 0.0234
vn 0.9999 0.0065 0.0095
vn 0.9612 0.1503 0.2312
vn 0.9406 0.1470 0.3059
vn 0.9456 0.1103 0.3059
vn 0.9319 0.0720 0.3555
vn 0.9722 0.0372 0.2312
vn 0.9078 0.0880 0.4102
vn 0.9296 0.0901 0.3574
vn 0.9477 0.0919 0.3058
vn 0.9514 0.0364 0.3060
vn 0.9519 0.0179 0.3058
vn 0.9348 -0.0005 0.3553
vn 0.9729 -0.0006 0.2312
vn 0.9905 -0.0006 0.1377
vn 0.9983 -0.0006 0.0588
vn 0.9989 0.0382 0.0277
vn 0.9981 0.0188 0.0588
vn 0.9953 0.0770 0.0588
vn 0.9929 0.1159 0.0275
vn 0.9342 0.1834 0.3059
vn 0.9220 0.2374 0.3058
vn 0.9044 0.2329 0.3574
vn 0.8724 0.1538 0.4639
vn 0.9008 0.3084 0.3058
vn 0.8900 0.2854 0.3555
vn 0.9264 0.2971 0.2312
vn 0.9432 0.3025 0.1377
vn 0.9506 0.3048 0.0588
vn 0.9452 0.3236 0.0432
vn 0.9459 0.3238 0.0207
vn 0.9359 0.3522 0.0095
vn 0.7664 0.1351 0.6279
vn 0.7537 0.1940 0.6280
vn 0.7636 0.5687 0.3058
vn 0.7603 0.5435 0.3557
vn 0.7915 0.5658 0.2312
vn 0.8058 0.5760 0.1377
vn 0.8121 0.5806 0.0588
vn 0.7899 0.6126 0.0274
vn 0.8006 0.5963 0.0588
vn 0.7666 0.6395 0.0588
vn 0.7463 0.6646 0.0374
vn 0.6926 0.2371 0.6812
vn 0.7234 0.4561 0.5184
vn 0.7494 0.4724 0.4638
vn 0.7105 0.5292 0.4638
vn 0.7315 0.5448 0.4101
vn 0.6689 0.6656 0.3311
vn 0.6616 0.6846 0.3059
vn 0.6761 0.6996 0.2312
vn 0.6883 0.7122 0.1377
vn 0.6947 0.7188 0.0275
vn 0.7076 0.7041 0.0588
vn 0.7087 0.7051 0.0250
vn 0.6977 0.7163 0.0097
vn 0.4643 0.0087 0.8856
vn 0.6720 0.2905 0.6812
vn 0.6884 0.3631 0.6279
vn 0.6931 0.4370 0.5733
vn 0.6859 0.5108 0.5184
vn 0.6089 0.7081 0.3574
vn 0.5584 0.7608 0.3308
vn 0.5484 0.7782 0.3059
vn 0.5604 0.7953 0.2312
vn 0.5706 0.8096 0.1377
vn 0.5758 0.8171 0.0279
vn 0.5907 0.8048 0.0588
vn 0.5917 0.8061 -0.0068
vn 0.5942 0.8043 -0.0005
vn 0.3889 0.9211 0.0172
vn 0.3886 0.9204 0.0431
vn 0.4062 0.9119 0.0588
vn 0.4031 0.9048 0.1377
vn 0.3959 0.8887 0.2312
vn 0.3803 0.8537 0.3557
vn 0.3703 0.8771 0.3058
vn 0.3048 0.0295 0.9520
vn 0.2314 0.0044 0.9729
vn 0.1378 0.0026 0.9905
vn 0.0589 0.0011 0.9983
vn -0.0028 0.0091 1.0000
vn -0.0021 0.0093 1.0000
vn 0.0035 0.3062 0.9520
vn 0.0041 0.3579 0.9338
vn 0.0047 0.4106 0.9118
vn 0.0053 0.4644 0.8856
vn 0.0059 0.5189 0.8548
vn 0.0065 0.5739 0.8189
vn 0.0071 0.6285 0.7778
vn 0.0077 0.6817 0.7316
vn 0.0083 0.7321 0.6812
vn 0.0088 0.7782 0.6279
vn 0.0093 0.8193 0.5733
vn 0.0097 0.8551 0.5184
vn 0.0101 0.8858 0.4639
vn 0.0104 0.9120 0.4102
vn 0.0106 0.9339 0.3574
vn 0.0108 0.9520 0.3058
vn 0.0664 0.9497 0.3059
vn 0.1472 0.9887 0.0275
vn 0.1852 0.9809 0.0588
vn 0.2230 0.9730 0.0588
vn 0.2213 0.9654 0.1377
vn 0.2173 0.9483 0.2312
vn 0.2127 0.9280 0.3059
vn 0.2285 0.9156 0.3308
vn 0.3932 0.7594 0.5184
vn 0.4512 0.7264 0.5184
vn 0.4833 0.4808 0.7316
vn 0.2279 0.0402 0.9729
vn 0.1357 0.0239 0.9905
vn 0.0580 0.0102 0.9983
vn 0.0095 0.0017 1.0000
vn 0.0092 0.0009 1.0000
vn 0.0096 0.0013 1.0000
vn 0.0094 0.0002 1.0000
vn 0.0095 0.0003 1.0000
vn -0.0000 -0.0000 -1.0000
vn -0.0000 -0.0000 1.0000
vn 0.0541 0.9985 -0.0000
vn 0.1618 0.9868 -0.0000
vn 0.2676 0.9635 -0.0000
vn 0.2675 0.9636 -0.0000
vn 0.3701 0.9290 -0.0000
vn 0.4684 0.8835 -0.0000
vn 0.5612 0.8277 -0.0000
vn 0.6474 0.7622 -0.0000
vn 0.7260 0.6877 -0.0000
vn 0.7961 0.6052 -0.0000
vn 0.8569 0.5156 -0.0000
vn 0.9076 0.4199 -0.0000
vn 0.9477 0.3193 -0.0000
vn 0.9766 0.2150 -0.0000
vn 0.9941 0.1081 -0.0000
vn 1.0000 -0.0000 -0.0000
vn 0.9941 -0.1081 -0.0000
vn 0.9766 -0.2150 -0.0000
vn 0.9477 -0.3193 -0.0000
vn 0.9076 -0.4199 -0.0000
vn 0.8569 -0.5156 -0.0000
vn 0.7961 -0.6052 -0.0000
vn 0.7260 -0.6877 -0.0000
vn 0.6474 -0.7621 -0.0000
vn 0.6474 -0.7622 -0.0000
vn 0.5612 -0.8277 -0.0000
vn 0.4684 -0.8835 -0.0000
vn 0.3701 -0.9290 -0.0000
vn 0.2675 -0.9636 -0.0000
vn 0.2676 -0.9635 -0.0000
vn 0.1618 -0.9868 -0.0000
vn 0.0541 -0.9985 -0.0000
vn -0.0541 -0.9985 -0.0000
vn -0.1618 -0.9868 -0.0000
vn -0.2676 -0.9635 -0.0000
vn -0.2675 -0.9636 -0.0000
vn -0.3701 -0.9290 -0.0000
vn -0.4684 -0.8835 -0.0000
vn -0.5612 -0.8277 -0.0000
vn -0.6474 -0.7622 -0.0000
vn -0.6474 -0.7621 -0.0000
vn -0.7260 -0.6877 -0.0000
vn -0.7961 -0.6052 -0.0000
vn -0.8569 -0.5156 -0.0000
vn -0.9076 -0.4199 -0.0000
vn -0.9477 -0.3193 -0.0000
vn -0.9766 -0.2150 -0.0000
vn -0.9941 -0.1081 -0.0000
vn -1.0000 -0.0000 -0.0000
vn -0.9941 0.1081 -0.0000
vn -0.9766 0.2150 -0.0000
vn -0.9477 0.3193 -0.0000
vn -0.9076 0.4199 -0.0000
vn -0.8569 0.5156 -0.0000
vn -0.7961 0.6052 -0.0000
vn -0.7260 0.6877 -0.0000
vn -0.6474 0.7622 -0.0000
vn -0.5612 0.8277 -0.0000
vn -0.4684 0.8835 -0.0000
vn -0.3701 0.9290 -0.0000
vn -0.2675 0.9636 -0.0000
vn -0.2676 0.9635 -0.0000
vn -0.1618 0.9868 -0.0000
vn -0.0541 0.9985 -0.0000
vn -0.0542 0.9985 -0.0000
vn 0.0542 0.9985 -0.0000
vn 1.0000 0.0065 -0.0000
vn 0.9990 0.0454 -0.0000
vn 0.9963 0.0859 -0.0010
vn 0.9952 0.0983 -0.0000
vn 0.9845 0.1752 -0.0000
vn 0.9816 0.1909 -0.0012
vn 0.9739 0.2271 -0.0000
vn 0.9643 0.2648 -0.0000
vn 0.9559 0.2938 -0.0014
vn 0.9489 0.3156 -0.0000
vn 0.9359 0.3522 -0.0000
vn 0.9194 0.3933 -0.0008
vn 0.9159 0.4013 -0.0000
vn 0.8822 0.4709 -0.0000
vn 0.8726 0.4884 -0.0013
vn 0.8560 0.5170 -0.0000
vn 0.8352 0.5500 -0.0000
vn 0.8160 0.5780 -0.0013
vn 0.8048 0.5935 -0.0000
vn 0.7810 0.6246 -0.0000
vn 0.7502 0.6612 -0.0005
vn 0.7468 0.6651 -0.0000
vn 0.6978 0.7163 -0.0000
vn 0.6760 0.7369 -0.0014
vn 0.6588 0.7523 -0.0000
vn 0.5942 0.8043 -0.0000
vn 0.5226 0.8526 -0.0000
vn 0.5058 0.8627 -0.0013
vn 0.4766 0.8791 -0.0000
vn 0.4419 0.8970 -0.0000
vn 0.4116 0.9114 -0.0013
vn 0.3938 0.9192 -0.0000
vn 0.3578 0.9338 -0.0000
vn 0.3128 0.9498 -0.0005
vn 0.3078 0.9514 -0.0000
vn 0.2334 0.9724 -0.0000
vn 0.2105 0.9776 -0.0014
vn 0.1816 0.9834 -0.0000
vn 0.1430 0.9897 -0.0000
vn 0.1059 0.9944 -0.0012
vn 0.0903 0.9959 -0.0000
vn 0.0514 0.9987 -0.0000
vn -0.0000 1.0000 -0.0002
vn -0.0016 1.0000 -0.0000
vn -0.0785 0.9969 -0.0000
vn -0.1059 0.9944 -0.0014
vn -0.1313 0.9913 -0.0000
vn -0.2105 0.9776 -0.0000
vn -0.2970 0.9549 -0.0000
vn -0.3128 0.9498 -0.0012
vn -0.3472 0.9378 -0.0000
vn -0.3834 0.9236 -0.0000
vn -0.4116 0.9114 -0.0014
vn -0.4319 0.9019 -0.0000
vn -0.5058 0.8627 -0.0000
vn -0.5776 0.8163 -0.0000
vn -0.5942 0.8043 -0.0013
vn -0.6201 0.7845 -0.0000
vn -0.6503 0.7597 -0.0000
vn -0.6760 0.7369 -0.0013
vn -0.6896 0.7242 -0.0000
vn -0.7173 0.6968 -0.0000
vn -0.7502 0.6612 -0.0004
vn -0.7532 0.6578 -0.0000
vn -0.7997 0.6004 -0.0000
vn -0.8160 0.5780 -0.0014
vn -0.8304 0.5572 -0.0000
vn -0.8726 0.4884 -0.0000
vn -0.9128 0.4084 -0.0000
vn -0.9194 0.3933 -0.0012
vn -0.9332 0.3595 -0.0000
vn -0.9464 0.3231 -0.0000
vn -0.9559 0.2938 -0.0014
vn -0.9622 0.2724 -0.0000
vn -0.9720 0.2351 -0.0000
vn -0.9816 0.1909 -0.0007
vn -0.9831 0.1832 -0.0000
vn -0.9943 0.1063 -0.0000
vn -0.9963 0.0859 -0.0013
vn -0.9986 0.0534 -0.0000
vn -1.0000 0.0065 -0.0000
vn -0.9973 -0.0734 -0.0000
vn -0.9838 -0.1794 -0.0000
vn -0.9838 -0.1795 -0.0000
vn -0.9590 -0.2834 -0.0000
vn -0.9233 -0.3842 -0.0000
vn -0.8770 -0.4805 -0.0000
vn -0.8770 -0.4806 -0.0000
vn -0.8207 -0.5714 -0.0000
vn -0.7550 -0.6558 -0.0000
vn -0.7550 -0.6557 -0.0000
vn -0.6807 -0.7326 -0.0000
vn -0.5986 -0.8011 -0.0000
vn -0.5096 -0.8604 -0.0000
vn -0.4149 -0.9099 -0.0000
vn -0.3154 -0.9490 -0.0000
vn -0.2123 -0.9772 -0.0000
vn -0.1068 -0.9943 -0.0000
vn -0.0000 -1.0000 -0.0000
vn 0.1068 -0.9943 -0.0000
vn 0.2123 -0.9772 -0.0000
vn 0.3154 -0.9490 -0.0000
vn 0.4149 -0.9099 -0.0000
vn 0.5096 -0.8604 -0.0000
vn 0.5986 -0.8011 -0.0000
vn 0.6807 -0.7326 -0.0000
vn 0.7550 -0.6558 -0.0000
vn 0.8207 -0.5714 -0.0000
vn 0.8770 -0.4806 -0.0000
vn 0.8770 -0.4805 -0.0000
vn 0.9233 -0.3842 -0.0000
vn 0.9590 -0.2834 -0.0000
vn 0.9838 -0.1795 -0.0000
vn 0.9838 -0.1794 -0.0000
vn 0.9973 -0.0734 -0.0000
vn 0.9998 -0.0200 -0.0000
vn 0.9102 -0.0183 0.4137
vn 0.9997 -0.0200 0.0161
vn 0.9998 -0.0201 0.0095
vn 0.9966 -0.0197 0.0802
vn 0.9981 -0.0202 0.0588
vn 0.9885 -0.0196 0.1497
vn 0.9903 -0.0198 0.1377
vn 0.9812 -0.0196 0.1919
vn 0.9700 -0.0192 0.2425
vn 0.9727 -0.0195 0.2313
vn 0.9439 -0.0188 0.3297
vn 0.9518 -0.0195 0.3060
vn 0.9337 -0.0186 0.3577
vn 0.9117 -0.0184 0.4104
vn 0.8856 -0.0176 0.4642
vn 0.8696 -0.0176 0.4934
vn 0.8548 -0.0170 0.5187
vn 0.8223 -0.0166 0.5688
vn 0.8190 -0.0164 0.5736
vn 0.7693 -0.0153 0.6387
vn 0.7779 -0.0158 0.6282
vn 0.7239 -0.0143 0.6897
vn 0.7317 -0.0146 0.6815
vn 0.6923 -0.0138 0.7215
vn 0.6813 -0.0135 0.7319
vn 0.6487 -0.0132 0.7610
vn 0.6281 -0.0124 0.7780
vn 0.5887 -0.0119 0.8083
vn 0.5735 -0.0113 0.8191
vn 0.5186 -0.0106 0.8550
vn 0.5317 -0.0104 0.8469
vn 0.4641 -0.0095 0.8858
vn 0.4752 -0.0093 0.8798
vn 0.4103 -0.0084 0.9119
vn 0.4205 -0.0083 0.9073
vn 0.3576 -0.0073 0.9339
vn 0.3726 -0.0071 0.9280
vn 0.2369 -0.0042 0.9715
vn 0.2609 -0.0052 0.9653
vn 0.3059 -0.0063 0.9520
vn 0.2917 -0.0055 0.9565
vn 0.3291 -0.0067 0.9443
vn 0.1377 -0.0024 0.9905
vn 0.1144 -0.0007 0.9934
vn 0.1302 -0.0017 0.9915
vn 0.1457 -0.0025 0.9893
vn 0.1612 -0.0031 0.9869
vn 0.1776 -0.0036 0.9841
vn 0.2312 -0.0045 0.9729
vn 0.1969 -0.0017 0.9804
vn 0.2161 -0.0031 0.9764
vn 0.0504 -0.0008 0.9987
vn 0.0674 -0.0006 0.9977
vn 0.0588 -0.0008 0.9983
vn 0.0838 -0.0017 0.9965
vn 0.0989 -0.0020 0.9951
vn 0.0314 -0.0007 0.9995
vn 0.0095 -0.0001 1.0000
vn 0.0073 -0.0001 1.0000
vn 0.2675 -0.9635 -0.0000
vn 0.2675 0.9635 -0.0000
vn -0.2675 0.9635 -0.0000
vn -0.2675 -0.9635 -0.0000
vn -0.9998 -0.0200 -0.0000
s 0
usemtl Base_Material
f 1//1 2//1 3//1
f 4//2 5//2 6//2
f 5//3 7//3 6//3
f 6//4 7//4 8//4
f 7//5 9//5 8//5
f 8//6 9//6 10//6
f 11//7 12//7 13//7
f 12//8 14//8 13//8
f 14//9 15//9 13//9
f 13//10 15//10 16//10
f 15//11 17//11 16//11
f 16//12 17//12 6//12
f 17//13 18//13 6//13
f 6//14 18//14 4//14
f 19//15 20//15 21//15
f 21//16 22//16 19//16
f 22//17 23//17 19//17
f 19//18 23//18 13//18
f 23//19 24//19 13//19
f 13//20 24//20 11//20
f 20//21 19//21 25//21
f 19//22 26//22 25//22
f 25//23 26//23 27//23
f 26//24 28//24 27//24
f 27//25 28//25 29//25
f 28//26 30//26 29//26
f 29//27 30//27 31//27
f 30//28 32//28 31//28
f 31//29 32//29 33//29
f 32//30 34//30 33//30
f 33//31 34//31 35//31
f 34//32 36//32 35//32
f 35//33 36//33 37//33
f 36//34 38//34 37//34
f 37//35 38//35 39//35
f 38//36 40//36 39//36
f 39//37 40//37 41//37
f 40//38 42//38 41//38
f 41//39 42//39 43//39
f 42//40 44//40 43//40
f 43//41 44//41 45//41
f 44//42 46//42 45//42
f 45//43 46//43 47//43
f 46//44 48//44 47//44
f 47//45 48//45 49//45
f 1//46 50//46 2//46
f 50//47 51//47 2//47
f 2//48 51//48 52//48
f 51//49 53//49 52//49
f 52//50 53//50 54//50
f 53//51 55//51 54//51
f 54//52 55//52 56//52
f 55//53 49//53 56//53
f 56//54 49//54 57//54
f 49//55 48//55 57//55
f 58//56 59//56 60//56
f 59//57 61//57 60//57
f 60//58 61//58 62//58
f 61//59 63//59 62//59
f 62//60 63//60 3//60
f 63//61 64//61 3//61
f 3//62 64//62 1//62
f 51//63 50//63 65//63
f 58//64 66//64 67//64
f 68//65 69//65 70//65
f 71//66 72//66 73//66
f 74//67 75//67 76//67
f 77//68 78//68 76//68
f 78//69 79//69 76//69
f 76//70 79//70 74//70
f 72//71 71//71 75//71
f 80//72 77//72 81//72
f 77//68 76//68 81//68
f 81//73 76//73 82//73
f 76//74 75//74 82//74
f 82//75 75//75 83//75
f 75//76 71//76 83//76
f 83//77 71//77 84//77
f 85//78 86//78 71//78
f 86//79 87//79 71//79
f 71//80 87//80 84//80
f 88//81 89//81 90//81
f 89//82 91//82 90//82
f 90//83 91//83 92//83
f 92//82 93//82 90//82
f 93//84 94//84 90//84
f 90//85 94//85 95//85
f 95//86 96//86 90//86
f 96//87 97//87 90//87
f 90//88 97//88 98//88
f 85//89 71//89 98//89
f 71//90 73//90 98//90
f 98//91 73//91 90//91
f 73//92 99//92 90//92
f 90//93 99//93 100//93
f 100//94 101//94 90//94
f 101//95 102//95 90//95
f 90//96 102//96 88//96
f 103//97 104//97 80//97
f 104//98 105//98 80//98
f 80//99 105//99 77//99
f 106//100 107//100 108//100
f 107//101 109//101 108//101
f 109//102 110//102 108//102
f 110//103 111//103 108//103
f 108//104 111//104 112//104
f 111//105 113//105 112//105
f 112//106 113//106 103//106
f 113//107 114//107 103//107
f 103//108 114//108 104//108
f 115//109 116//109 117//109
f 67//110 66//110 118//110
f 64//111 63//111 119//111
f 63//112 61//112 119//112
f 119//113 61//113 67//113
f 61//114 59//114 67//114
f 67//115 59//115 58//115
f 65//116 50//116 119//116
f 50//117 1//117 119//117
f 119//118 1//118 64//118
f 47//119 49//119 120//119
f 49//120 55//120 120//120
f 120//121 55//121 65//121
f 55//122 53//122 65//122
f 65//123 53//123 51//123
f 120//124 121//124 47//124
f 121//125 122//125 47//125
f 47//126 122//126 45//126
f 122//127 123//127 45//127
f 45//127 123//127 43//127
f 37//128 39//128 123//128
f 39//129 41//129 123//129
f 123//130 41//130 43//130
f 9//131 7//131 124//131
f 7//132 5//132 124//132
f 5//133 4//133 124//133
f 4//134 18//134 124//134
f 124//135 18//135 17//135
f 27//136 29//136 125//136
f 11//137 24//137 125//137
f 11//138 125//138 12//138
f 17//139 15//139 125//139
f 15//140 14//140 125//140
f 125//141 14//141 12//141
f 24//142 23//142 125//142
f 23//143 22//143 125//143
f 125//143 22//143 21//143
f 21//144 20//144 125//144
f 20//145 25//145 125//145
f 125//136 25//136 27//136
f 122//146 10//146 123//146
f 10//147 9//147 123//147
f 123//148 9//148 37//148
f 9//149 124//149 37//149
f 37//150 124//150 35//150
f 124//151 17//151 35//151
f 35//152 17//152 33//152
f 17//153 125//153 33//153
f 33//154 125//154 31//154
f 125//155 29//155 31//155
f 66//156 68//156 118//156
f 68//157 70//157 118//157
f 118//158 70//158 126//158
f 70//159 127//159 126//159
f 126//159 127//159 128//159
f 127//160 129//160 128//160
f 128//160 129//160 130//160
f 129//161 131//161 130//161
f 130//161 131//161 132//161
f 131//162 115//162 132//162
f 132//162 115//162 133//162
f 115//163 117//163 133//163
f 133//163 117//163 134//163
f 117//164 135//164 134//164
f 134//165 135//165 106//165
f 135//166 136//166 106//166
f 106//167 136//167 107//167
f 137//168 138//168 139//168
f 140//169 141//169 142//169
f 143//170 144//170 145//170
f 146//171 147//171 148//171
f 149//172 150//172 151//172
f 152//173 153//173 154//173
f 155//174 156//174 157//174
f 158//175 60//175 62//175
f 159//176 160//176 161//176
f 162//177 163//177 164//177
f 165//178 166//178 167//178
f 168//179 169//179 170//179
f 171//180 172//180 173//180
f 174//181 175//181 176//181
f 177//182 178//182 179//182
f 180//183 181//183 182//183
f 183//184 184//184 185//184
f 186//185 187//185 188//185
f 189//186 190//186 191//186
f 192//187 193//187 194//187
f 193//187 195//187 194//187
f 194//188 195//188 196//188
f 195//188 197//188 196//188
f 196//189 197//189 198//189
f 197//190 199//190 198//190
f 184//191 186//191 200//191
f 201//192 181//192 202//192
f 181//192 180//192 202//192
f 202//193 180//193 203//193
f 204//194 203//194 205//194
f 203//193 180//193 205//193
f 205//195 180//195 206//195
f 180//183 182//183 206//183
f 206//196 182//196 207//196
f 208//197 209//197 210//197
f 209//198 211//198 210//198
f 210//198 211//198 212//198
f 211//199 213//199 212//199
f 172//200 171//200 214//200
f 171//201 215//201 214//201
f 214//202 215//202 216//202
f 215//203 217//203 216//203
f 216//204 217//204 218//204
f 219//205 220//205 221//205
f 220//206 222//206 221//206
f 221//206 222//206 223//206
f 222//207 224//207 223//207
f 223//207 224//207 225//207
f 224//208 226//208 225//208
f 225//208 226//208 227//208
f 226//209 228//209 227//209
f 227//209 228//209 229//209
f 228//210 230//210 229//210
f 229//210 230//210 231//210
f 230//211 232//211 231//211
f 231//211 232//211 233//211
f 232//212 234//212 233//212
f 233//212 234//212 235//212
f 234//213 236//213 235//213
f 235//213 236//213 237//213
f 236//214 238//214 237//214
f 237//215 238//215 239//215
f 238//216 240//216 239//216
f 239//216 240//216 241//216
f 240//217 242//217 241//217
f 241//217 242//217 243//217
f 242//218 244//218 243//218
f 243//218 244//218 245//218
f 244//219 246//219 245//219
f 245//219 246//219 247//219
f 246//220 46//220 247//220
f 247//220 46//220 44//220
f 248//221 249//221 250//221
f 249//222 251//222 250//222
f 250//222 251//222 252//222
f 251//223 253//223 252//223
f 252//223 253//223 254//223
f 253//224 255//224 254//224
f 254//224 255//224 256//224
f 255//225 257//225 256//225
f 256//225 257//225 258//225
f 257//226 259//226 258//226
f 258//226 259//226 260//226
f 259//227 261//227 260//227
f 260//228 261//228 262//228
f 261//229 263//229 262//229
f 262//229 263//229 264//229
f 263//230 265//230 264//230
f 264//230 265//230 266//230
f 265//231 267//231 266//231
f 266//231 267//231 268//231
f 267//232 269//232 268//232
f 268//232 269//232 270//232
f 269//233 271//233 270//233
f 270//233 271//233 272//233
f 271//234 273//234 272//234
f 272//234 273//234 274//234
f 273//235 275//235 274//235
f 274//235 275//235 276//235
f 275//236 277//236 276//236
f 276//236 277//236 278//236
f 277//237 279//237 278//237
f 278//237 279//237 280//237
f 279//238 42//238 280//238
f 280//238 42//238 40//238
f 249//239 219//239 251//239
f 219//240 221//240 251//240
f 251//240 221//240 253//240
f 221//241 223//241 253//241
f 253//242 223//242 255//242
f 223//243 225//243 255//243
f 255//243 225//243 257//243
f 225//244 227//244 257//244
f 257//244 227//244 259//244
f 227//245 229//245 259//245
f 259//245 229//245 261//245
f 229//246 231//246 261//246
f 261//246 231//246 263//246
f 231//247 233//247 263//247
f 263//247 233//247 265//247
f 233//248 235//248 265//248
f 265//248 235//248 267//248
f 235//249 237//249 267//249
f 267//249 237//249 269//249
f 237//250 239//250 269//250
f 269//250 239//250 271//250
f 239//251 241//251 271//251
f 271//251 241//251 273//251
f 241//252 243//252 273//252
f 273//253 243//253 275//253
f 243//254 245//254 275//254
f 275//254 245//254 277//254
f 245//255 247//255 277//255
f 277//255 247//255 279//255
f 247//256 44//256 279//256
f 279//256 44//256 42//256
f 281//257 282//257 283//257
f 282//258 284//258 283//258
f 283//259 284//259 285//259
f 284//260 286//260 285//260
f 285//260 286//260 287//260
f 286//261 288//261 287//261
f 287//261 288//261 289//261
f 288//262 290//262 289//262
f 289//262 290//262 291//262
f 290//263 292//263 291//263
f 291//263 292//263 293//263
f 292//264 294//264 293//264
f 293//265 294//265 295//265
f 294//266 296//266 295//266
f 295//266 296//266 297//266
f 296//267 298//267 297//267
f 297//267 298//267 299//267
f 298//268 300//268 299//268
f 299//268 300//268 301//268
f 300//269 302//269 301//269
f 301//269 302//269 303//269
f 302//270 304//270 303//270
f 303//270 304//270 305//270
f 304//271 306//271 305//271
f 305//271 306//271 307//271
f 306//272 308//272 307//272
f 307//272 308//272 309//272
f 308//273 310//273 309//273
f 309//273 310//273 311//273
f 310//274 312//274 311//274
f 311//274 312//274 313//274
f 312//275 314//275 313//275
f 313//275 314//275 315//275
f 314//276 316//276 315//276
f 315//276 316//276 317//276
f 316//277 38//277 317//277
f 317//277 38//277 36//277
f 318//278 319//278 320//278
f 319//279 321//279 320//279
f 320//279 321//279 322//279
f 321//280 323//280 322//280
f 322//280 323//280 324//280
f 323//281 325//281 324//281
f 324//281 325//281 326//281
f 325//282 327//282 326//282
f 326//282 327//282 328//282
f 327//283 329//283 328//283
f 328//283 329//283 330//283
f 329//284 331//284 330//284
f 330//284 331//284 332//284
f 331//285 333//285 332//285
f 332//285 333//285 334//285
f 333//286 335//286 334//286
f 334//286 335//286 336//286
f 335//287 337//287 336//287
f 336//287 337//287 338//287
f 337//288 339//288 338//288
f 338//288 339//288 340//288
f 339//289 341//289 340//289
f 340//290 341//290 342//290
f 341//291 343//291 342//291
f 342//291 343//291 344//291
f 343//292 345//292 344//292
f 344//292 345//292 346//292
f 345//293 347//293 346//293
f 346//293 347//293 348//293
f 347//294 349//294 348//294
f 348//294 349//294 350//294
f 349//295 351//295 350//295
f 350//296 351//296 352//296
f 351//297 353//297 352//297
f 352//297 353//297 354//297
f 353//298 355//298 354//298
f 354//298 355//298 356//298
f 355//299 357//299 356//299
f 356//299 357//299 358//299
f 357//300 34//300 358//300
f 358//300 34//300 32//300
f 359//301 145//301 360//301
f 145//302 144//302 360//302
f 360//302 144//302 146//302
f 361//303 362//303 363//303
f 186//185 188//185 200//185
f 188//304 364//304 200//304
f 200//304 364//304 365//304
f 364//305 366//305 365//305
f 365//305 366//305 367//305
f 366//306 368//306 367//306
f 367//306 368//306 369//306
f 368//307 370//307 369//307
f 369//307 370//307 371//307
f 370//308 372//308 371//308
f 371//308 372//308 373//308
f 372//309 374//309 373//309
f 373//310 374//310 375//310
f 374//311 376//311 375//311
f 375//311 376//311 377//311
f 376//312 378//312 377//312
f 377//312 378//312 379//312
f 378//313 380//313 379//313
f 379//313 380//313 381//313
f 380//314 382//314 381//314
f 381//314 382//314 383//314
f 382//315 384//315 383//315
f 383//316 384//316 385//316
f 384//317 386//317 385//317
f 385//317 386//317 387//317
f 386//318 388//318 387//318
f 387//318 388//318 389//318
f 388//319 390//319 389//319
f 389//319 390//319 391//319
f 390//320 392//320 391//320
f 391//320 392//320 393//320
f 392//321 394//321 393//321
f 393//321 394//321 395//321
f 394//322 396//322 395//322
f 395//322 396//322 397//322
f 396//323 398//323 397//323
f 397//323 398//323 399//323
f 398//324 400//324 399//324
f 399//324 400//324 401//324
f 183//184 185//184 402//184
f 185//325 403//325 402//325
f 402//325 403//325 404//325
f 403//326 405//326 404//326
f 404//326 405//326 406//326
f 405//327 407//327 406//327
f 406//327 407//327 408//327
f 407//328 409//328 408//328
f 408//328 409//328 410//328
f 409//329 411//329 410//329
f 410//329 411//329 412//329
f 411//330 413//330 412//330
f 412//330 413//330 414//330
f 413//331 415//331 414//331
f 414//331 415//331 416//331
f 415//332 417//332 416//332
f 416//332 417//332 418//332
f 417//333 419//333 418//333
f 418//333 419//333 420//333
f 419//334 421//334 420//334
f 420//334 421//334 422//334
f 421//335 423//335 422//335
f 422//335 423//335 424//335
f 423//336 425//336 424//336
f 424//336 425//336 426//336
f 425//337 427//337 426//337
f 426//337 427//337 428//337
f 427//338 429//338 428//338
f 428//338 429//338 430//338
f 429//339 431//339 430//339
f 430//339 431//339 432//339
f 431//340 433//340 432//340
f 432//340 433//340 434//340
f 433//341 435//341 434//341
f 434//341 435//341 436//341
f 435//342 437//342 436//342
f 436//342 437//342 438//342
f 437//343 439//343 438//343
f 438//343 439//343 440//343
f 184//191 200//191 185//191
f 200//344 365//344 185//344
f 185//344 365//344 403//344
f 365//345 367//345 403//345
f 403//345 367//345 405//345
f 367//346 369//346 405//346
f 405//346 369//346 407//346
f 369//347 371//347 407//347
f 407//347 371//347 409//347
f 371//348 373//348 409//348
f 409//348 373//348 411//348
f 373//349 375//349 411//349
f 411//350 375//350 413//350
f 375//351 377//351 413//351
f 413//352 377//352 415//352
f 377//353 379//353 415//353
f 415//353 379//353 417//353
f 379//354 381//354 417//354
f 417//354 381//354 419//354
f 381//355 383//355 419//355
f 419//355 383//355 421//355
f 383//356 385//356 421//356
f 421//356 385//356 423//356
f 385//357 387//357 423//357
f 423//357 387//357 425//357
f 387//358 389//358 425//358
f 425//359 389//359 427//359
f 389//360 391//360 427//360
f 427//360 391//360 429//360
f 391//361 393//361 429//361
f 429//361 393//361 431//361
f 393//362 395//362 431//362
f 431//362 395//362 433//362
f 395//363 397//363 433//363
f 433//363 397//363 435//363
f 397//364 399//364 435//364
f 435//364 399//364 437//364
f 399//365 401//365 437//365
f 437//365 401//365 439//365
f 441//366 442//366 443//366
f 444//367 445//367 162//367
f 161//368 160//368 446//368
f 160//368 445//368 446//368
f 446//369 445//369 447//369
f 445//369 444//369 447//369
f 447//370 444//370 448//370
f 48//371 199//371 57//371
f 199//371 197//371 57//371
f 57//372 197//372 56//372
f 197//372 195//372 56//372
f 56//373 195//373 54//373
f 195//373 193//373 54//373
f 54//374 193//374 52//374
f 19//375 187//375 26//375
f 187//375 186//375 26//375
f 26//376 186//376 28//376
f 186//376 184//376 28//376
f 28//377 184//377 30//377
f 184//377 183//377 30//377
f 30//378 183//378 32//378
f 449//379 450//379 451//379
f 450//380 452//380 451//380
f 451//381 452//381 453//381
f 453//382 454//382 189//382
f 454//382 455//382 189//382
f 189//383 455//383 190//383
f 455//383 456//383 190//383
f 190//384 456//384 457//384
f 191//385 190//385 458//385
f 190//385 457//385 458//385
f 458//386 457//386 459//386
f 6//387 8//387 460//387
f 8//387 461//387 460//387
f 460//388 461//388 462//388
f 461//388 463//388 462//388
f 462//389 463//389 464//389
f 463//390 465//390 464//390
f 464//391 465//391 466//391
f 453//381 189//381 451//381
f 189//186 191//186 451//186
f 451//392 191//392 449//392
f 191//393 458//393 449//393
f 449//394 458//394 467//394
f 458//395 459//395 467//395
f 467//396 459//396 468//396
f 469//397 470//397 471//397
f 470//398 472//398 471//398
f 471//399 472//399 473//399
f 472//400 474//400 473//400
f 473//401 474//401 192//401
f 198//402 201//402 196//402
f 201//402 202//402 196//402
f 196//403 202//403 194//403
f 202//403 203//403 194//403
f 194//404 203//404 192//404
f 203//404 204//404 192//404
f 192//405 204//405 473//405
f 204//406 475//406 473//406
f 473//399 475//399 471//399
f 469//397 471//397 476//397
f 471//407 475//407 476//407
f 476//407 475//407 477//407
f 475//408 204//408 477//408
f 477//409 204//409 478//409
f 204//194 205//194 478//194
f 478//410 205//410 479//410
f 205//195 206//195 479//195
f 479//411 206//411 480//411
f 206//196 207//196 480//196
f 480//412 207//412 175//412
f 158//413 450//413 481//413
f 450//414 449//414 481//414
f 481//415 449//415 482//415
f 449//416 467//416 482//416
f 482//417 467//417 483//417
f 467//418 468//418 483//418
f 483//419 468//419 484//419
f 468//420 485//420 484//420
f 484//421 485//421 486//421
f 485//422 487//422 486//422
f 175//412 174//412 480//412
f 174//423 488//423 480//423
f 480//424 488//424 479//424
f 488//425 489//425 479//425
f 479//410 489//410 478//410
f 489//426 490//426 478//426
f 478//427 490//427 477//427
f 490//428 491//428 477//428
f 477//428 491//428 476//428
f 491//429 492//429 476//429
f 476//429 492//429 469//429
f 208//430 493//430 487//430
f 487//431 485//431 208//431
f 485//432 494//432 208//432
f 208//433 494//433 209//433
f 494//434 495//434 209//434
f 209//434 495//434 211//434
f 495//435 496//435 211//435
f 211//435 496//435 213//435
f 497//436 489//436 218//436
f 489//425 488//425 218//425
f 218//204 488//204 216//204
f 488//437 174//437 216//437
f 216//202 174//202 214//202
f 174//438 176//438 214//438
f 214//439 176//439 172//439
f 158//440 62//440 450//440
f 62//441 3//441 450//441
f 450//441 3//441 452//441
f 3//442 2//442 452//442
f 452//442 2//442 453//442
f 2//443 52//443 453//443
f 453//443 52//443 454//443
f 52//374 193//374 454//374
f 454//444 193//444 455//444
f 193//445 192//445 455//445
f 455//446 192//446 456//446
f 192//447 474//447 456//447
f 456//384 474//384 457//384
f 474//400 472//400 457//400
f 457//386 472//386 459//386
f 472//398 470//398 459//398
f 459//448 470//448 468//448
f 470//449 469//449 468//449
f 468//450 469//450 485//450
f 469//451 492//451 485//451
f 485//452 492//452 494//452
f 492//453 491//453 494//453
f 494//453 491//453 495//453
f 491//454 490//454 495//454
f 495//454 490//454 496//454
f 490//455 489//455 496//455
f 496//456 489//456 213//456
f 489//457 497//457 213//457
f 213//199 497//199 212//199
f 466//458 465//458 498//458
f 465//459 499//459 498//459
f 498//460 499//460 500//460
f 499//461 501//461 500//461
f 500//462 501//462 502//462
f 501//463 503//463 502//463
f 502//464 503//464 504//464
f 505//465 506//465 507//465
f 506//466 508//466 507//466
f 507//467 508//467 509//467
f 157//468 156//468 510//468
f 156//468 511//468 510//468
f 510//469 511//469 179//469
f 179//470 178//470 510//470
f 178//470 512//470 510//470
f 510//471 512//471 157//471
f 513//472 217//472 514//472
f 217//203 215//203 514//203
f 514//473 215//473 515//473
f 215//201 171//201 515//201
f 515//474 171//474 516//474
f 171//475 173//475 516//475
f 516//476 173//476 517//476
f 155//477 518//477 156//477
f 518//478 505//478 156//478
f 156//479 505//479 511//479
f 505//480 507//480 511//480
f 511//469 507//469 179//469
f 507//467 509//467 179//467
f 179//182 509//182 177//182
f 519//481 520//481 521//481
f 520//482 522//482 521//482
f 521//482 522//482 523//482
f 522//483 524//483 523//483
f 520//484 513//484 522//484
f 513//485 514//485 522//485
f 522//486 514//486 524//486
f 514//473 515//473 524//473
f 524//487 515//487 525//487
f 515//474 516//474 525//474
f 525//488 516//488 526//488
f 516//476 517//476 526//476
f 526//489 517//489 169//489
f 527//490 528//490 529//490
f 528//491 530//491 529//491
f 529//491 530//491 531//491
f 530//492 532//492 531//492
f 531//492 532//492 533//492
f 169//489 168//489 526//489
f 168//493 534//493 526//493
f 526//488 534//488 525//488
f 534//494 527//494 525//494
f 525//487 527//487 524//487
f 527//495 529//495 524//495
f 524//496 529//496 523//496
f 529//497 531//497 523//497
f 523//497 531//497 521//497
f 531//498 533//498 521//498
f 521//498 533//498 519//498
f 535//499 536//499 537//499
f 538//500 539//500 540//500
f 539//501 541//501 540//501
f 540//501 541//501 542//501
f 541//502 543//502 542//502
f 504//503 503//503 544//503
f 503//504 545//504 544//504
f 544//505 545//505 546//505
f 545//506 547//506 546//506
f 546//507 547//507 548//507
f 547//508 549//508 548//508
f 548//509 549//509 550//509
f 551//510 506//510 552//510
f 506//511 505//511 552//511
f 552//512 505//512 553//512
f 505//513 518//513 553//513
f 553//514 518//514 554//514
f 518//515 536//515 554//515
f 554//516 536//516 555//516
f 536//517 535//517 555//517
f 555//518 535//518 556//518
f 535//519 557//519 556//519
f 556//520 557//520 558//520
f 557//521 559//521 558//521
f 543//522 560//522 542//522
f 560//523 561//523 542//523
f 542//523 561//523 540//523
f 561//524 562//524 540//524
f 540//524 562//524 538//524
f 563//525 564//525 565//525
f 564//526 566//526 565//526
f 565//526 566//526 567//526
f 566//527 568//527 567//527
f 567//527 568//527 569//527
f 570//528 571//528 572//528
f 571//529 573//529 572//529
f 572//530 573//530 153//530
f 574//531 575//531 576//531
f 575//532 152//532 576//532
f 576//533 152//533 577//533
f 152//173 154//173 577//173
f 220//534 170//534 222//534
f 170//535 169//535 222//535
f 222//536 169//536 224//536
f 169//537 517//537 224//537
f 224//537 517//537 226//537
f 517//538 173//538 226//538
f 226//539 173//539 228//539
f 173//540 172//540 228//540
f 228//540 172//540 230//540
f 172//541 176//541 230//541
f 230//541 176//541 232//541
f 176//542 175//542 232//542
f 232//542 175//542 234//542
f 175//543 207//543 234//543
f 234//543 207//543 236//543
f 207//544 182//544 236//544
f 236//544 182//544 238//544
f 182//545 181//545 238//545
f 238//545 181//545 240//545
f 181//546 201//546 240//546
f 240//546 201//546 242//546
f 201//547 198//547 242//547
f 242//547 198//547 244//547
f 198//548 199//548 244//548
f 244//548 199//548 246//548
f 199//549 48//549 246//549
f 246//549 48//549 46//549
f 153//530 152//530 572//530
f 152//532 575//532 572//532
f 572//550 575//550 570//550
f 575//551 574//551 570//551
f 570//552 574//552 578//552
f 579//553 580//553 581//553
f 580//554 582//554 581//554
f 581//554 582//554 583//554
f 582//555 584//555 583//555
f 550//556 549//556 585//556
f 549//557 586//557 585//557
f 585//558 586//558 587//558
f 586//558 588//558 587//558
f 587//559 588//559 589//559
f 588//560 590//560 589//560
f 589//561 590//561 591//561
f 592//562 593//562 594//562
f 593//563 595//563 594//563
f 594//563 595//563 596//563
f 595//564 597//564 596//564
f 596//564 597//564 598//564
f 559//565 557//565 599//565
f 557//566 571//566 599//566
f 599//567 571//567 600//567
f 571//568 570//568 600//568
f 600//569 570//569 601//569
f 570//570 578//570 601//570
f 601//571 578//571 602//571
f 578//572 603//572 602//572
f 602//573 603//573 604//573
f 603//574 605//574 604//574
f 604//575 605//575 606//575
f 592//576 607//576 593//576
f 607//577 608//577 593//577
f 593//577 608//577 595//577
f 608//578 609//578 595//578
f 595//578 609//578 597//578
f 591//579 590//579 610//579
f 590//580 611//580 610//580
f 610//581 611//581 612//581
f 613//582 614//582 615//582
f 614//583 151//583 615//583
f 615//584 151//584 605//584
f 151//585 150//585 605//585
f 605//586 150//586 606//586
f 616//587 617//587 618//587
f 617//588 619//588 618//588
f 618//589 619//589 620//589
f 619//590 621//590 620//590
f 620//591 621//591 622//591
f 621//592 623//592 622//592
f 622//593 623//593 624//593
f 623//594 625//594 624//594
f 624//595 625//595 626//595
f 625//596 627//596 626//596
f 628//597 629//597 630//597
f 629//598 631//598 630//598
f 630//599 631//599 632//599
f 631//600 633//600 632//600
f 632//601 633//601 634//601
f 633//602 635//602 634//602
f 634//603 635//603 636//603
f 635//604 637//604 636//604
f 636//605 637//605 638//605
f 637//606 639//606 638//606
f 638//607 639//607 640//607
f 639//608 641//608 640//608
f 640//609 641//609 642//609
f 641//610 643//610 642//610
f 642//611 643//611 644//611
f 643//612 645//612 644//612
f 282//613 248//613 284//613
f 248//614 250//614 284//614
f 284//614 250//614 286//614
f 250//615 252//615 286//615
f 286//615 252//615 288//615
f 252//616 254//616 288//616
f 288//616 254//616 290//616
f 254//617 256//617 290//617
f 290//617 256//617 292//617
f 256//618 258//618 292//618
f 292//618 258//618 294//618
f 258//619 260//619 294//619
f 294//619 260//619 296//619
f 260//620 262//620 296//620
f 296//620 262//620 298//620
f 262//621 264//621 298//621
f 298//622 264//622 300//622
f 264//623 266//623 300//623
f 300//623 266//623 302//623
f 266//624 268//624 302//624
f 302//624 268//624 304//624
f 268//625 270//625 304//625
f 304//625 270//625 306//625
f 270//626 272//626 306//626
f 306//626 272//626 308//626
f 272//627 274//627 308//627
f 308//627 274//627 310//627
f 274//628 276//628 310//628
f 310//628 276//628 312//628
f 276//629 278//629 312//629
f 312//629 278//629 314//629
f 278//630 280//630 314//630
f 314//630 280//630 316//630
f 280//631 40//631 316//631
f 316//631 40//631 38//631
f 16//632 6//632 646//632
f 6//632 460//632 646//632
f 646//633 460//633 647//633
f 460//633 462//633 647//633
f 647//634 462//634 648//634
f 462//634 464//634 648//634
f 648//635 464//635 649//635
f 464//635 466//635 649//635
f 649//636 466//636 650//636
f 466//636 498//636 650//636
f 650//637 498//637 651//637
f 498//637 500//637 651//637
f 651//638 500//638 652//638
f 500//638 502//638 652//638
f 652//639 502//639 653//639
f 502//639 504//639 653//639
f 653//640 504//640 654//640
f 504//640 544//640 654//640
f 654//641 544//641 655//641
f 544//641 546//641 655//641
f 655//642 546//642 656//642
f 546//642 548//642 656//642
f 656//643 548//643 657//643
f 548//643 550//643 657//643
f 657//644 550//644 658//644
f 550//644 585//644 658//644
f 658//645 585//645 659//645
f 585//645 587//645 659//645
f 659//646 587//646 660//646
f 587//646 589//646 660//646
f 660//647 589//647 661//647
f 589//647 591//647 661//647
f 661//648 591//648 662//648
f 591//648 610//648 662//648
f 662//649 610//649 663//649
f 610//649 612//649 663//649
f 663//650 612//650 664//650
f 665//651 149//651 666//651
f 149//652 151//652 666//652
f 666//653 151//653 667//653
f 151//654 614//654 667//654
f 667//655 614//655 668//655
f 614//582 613//582 668//582
f 668//656 613//656 669//656
f 620//657 670//657 618//657
f 670//658 671//658 618//658
f 618//658 671//658 616//658
f 671//659 672//659 616//659
f 626//595 673//595 624//595
f 673//660 674//660 624//660
f 624//593 674//593 622//593
f 674//661 675//661 622//661
f 622//591 675//591 620//591
f 675//662 676//662 620//662
f 620//663 676//663 670//663
f 676//664 677//664 670//664
f 670//664 677//664 671//664
f 677//665 678//665 671//665
f 671//665 678//665 672//665
f 629//598 679//598 631//598
f 679//666 680//666 631//666
f 631//600 680//600 633//600
f 680//667 681//667 633//667
f 633//602 681//602 635//602
f 681//668 682//668 635//668
f 635//669 682//669 637//669
f 682//670 683//670 637//670
f 637//606 683//606 639//606
f 683//671 684//671 639//671
f 639//608 684//608 641//608
f 684//672 584//672 641//672
f 641//610 584//610 643//610
f 584//673 582//673 643//673
f 643//674 582//674 645//674
f 582//675 580//675 645//675
f 13//676 16//676 685//676
f 16//676 646//676 685//676
f 685//677 646//677 686//677
f 646//677 647//677 686//677
f 686//678 647//678 687//678
f 647//678 648//678 687//678
f 687//679 648//679 688//679
f 648//679 649//679 688//679
f 688//680 649//680 689//680
f 649//680 650//680 689//680
f 689//681 650//681 690//681
f 650//681 651//681 690//681
f 690//682 651//682 691//682
f 651//682 652//682 691//682
f 691//683 652//683 692//683
f 652//683 653//683 692//683
f 692//684 653//684 693//684
f 653//684 654//684 693//684
f 693//685 654//685 694//685
f 654//685 655//685 694//685
f 694//686 655//686 695//686
f 655//686 656//686 695//686
f 695//687 656//687 696//687
f 656//687 657//687 696//687
f 696//688 657//688 697//688
f 657//688 658//688 697//688
f 697//689 658//689 698//689
f 658//689 659//689 698//689
f 698//690 659//690 699//690
f 659//690 660//690 699//690
f 699//691 660//691 700//691
f 660//691 661//691 700//691
f 700//692 661//692 701//692
f 661//692 662//692 701//692
f 701//693 662//693 702//693
f 662//693 663//693 702//693
f 702//694 663//694 703//694
f 663//694 664//694 703//694
f 703//695 664//695 704//695
f 673//660 361//660 674//660
f 361//303 363//303 674//303
f 674//661 363//661 675//661
f 363//696 705//696 675//696
f 675//697 705//697 676//697
f 705//698 706//698 676//698
f 676//698 706//698 677//698
f 706//699 707//699 677//699
f 677//699 707//699 678//699
f 707//700 666//700 678//700
f 678//701 666//701 672//701
f 666//702 667//702 672//702
f 672//659 667//659 616//659
f 667//655 668//655 616//655
f 616//587 668//587 617//587
f 668//656 669//656 617//656
f 617//703 669//703 619//703
f 679//666 708//666 680//666
f 708//704 709//704 680//704
f 680//667 709//667 681//667
f 709//705 710//705 681//705
f 681//668 710//668 682//668
f 710//706 711//706 682//706
f 682//670 711//670 683//670
f 711//707 712//707 683//707
f 683//671 712//671 684//671
f 712//708 592//708 684//708
f 684//672 592//672 584//672
f 592//709 594//709 584//709
f 584//710 594//710 583//710
f 594//711 596//711 583//711
f 583//711 596//711 581//711
f 596//712 598//712 581//712
f 581//712 598//712 579//712
f 713//713 714//713 715//713
f 714//714 716//714 715//714
f 715//715 716//715 717//715
f 716//716 718//716 717//716
f 717//717 718//717 719//717
f 718//718 720//718 719//718
f 719//719 720//719 721//719
f 720//720 722//720 721//720
f 721//721 722//721 723//721
f 722//722 724//722 723//722
f 723//723 724//723 725//723
f 724//724 726//724 725//724
f 725//725 726//725 727//725
f 726//726 728//726 727//726
f 727//727 728//727 729//727
f 728//728 730//728 729//728
f 729//729 730//729 731//729
f 730//730 563//730 731//730
f 731//731 563//731 543//731
f 563//732 565//732 543//732
f 543//733 565//733 560//733
f 565//734 567//734 560//734
f 560//734 567//734 561//734
f 567//735 569//735 561//735
f 561//735 569//735 562//735
f 319//736 281//736 321//736
f 281//737 283//737 321//737
f 321//737 283//737 323//737
f 283//738 285//738 323//738
f 323//739 285//739 325//739
f 285//740 287//740 325//740
f 325//740 287//740 327//740
f 287//741 289//741 327//741
f 327//741 289//741 329//741
f 289//742 291//742 329//742
f 329//742 291//742 331//742
f 291//743 293//743 331//743
f 331//743 293//743 333//743
f 293//744 295//744 333//744
f 333//744 295//744 335//744
f 295//745 297//745 335//745
f 335//745 297//745 337//745
f 297//746 299//746 337//746
f 337//746 299//746 339//746
f 299//747 301//747 339//747
f 339//747 301//747 341//747
f 301//748 303//748 341//748
f 341//748 303//748 343//748
f 303//749 305//749 343//749
f 343//749 305//749 345//749
f 305//750 307//750 345//750
f 345//750 307//750 347//750
f 307//751 309//751 347//751
f 347//751 309//751 349//751
f 309//752 311//752 349//752
f 349//752 311//752 351//752
f 311//753 313//753 351//753
f 351//753 313//753 353//753
f 313//754 315//754 353//754
f 353//754 315//754 355//754
f 315//755 317//755 355//755
f 355//755 317//755 357//755
f 317//756 36//756 357//756
f 357//756 36//756 34//756
f 19//757 13//757 187//757
f 13//757 685//757 187//757
f 187//758 685//758 188//758
f 685//758 686//758 188//758
f 188//759 686//759 364//759
f 686//759 687//759 364//759
f 364//760 687//760 366//760
f 687//760 688//760 366//760
f 366//761 688//761 368//761
f 688//761 689//761 368//761
f 368//762 689//762 370//762
f 689//762 690//762 370//762
f 370//763 690//763 372//763
f 690//763 691//763 372//763
f 372//764 691//764 374//764
f 691//764 692//764 374//764
f 374//765 692//765 376//765
f 692//765 693//765 376//765
f 376//766 693//766 378//766
f 693//766 694//766 378//766
f 378//767 694//767 380//767
f 694//767 695//767 380//767
f 380//768 695//768 382//768
f 695//768 696//768 382//768
f 382//769 696//769 384//769
f 696//769 697//769 384//769
f 384//770 697//770 386//770
f 697//770 698//770 386//770
f 386//771 698//771 388//771
f 698//771 699//771 388//771
f 388//772 699//772 390//772
f 699//772 700//772 390//772
f 390//773 700//773 392//773
f 700//773 701//773 392//773
f 392//774 701//774 394//774
f 701//774 702//774 394//774
f 394//775 702//775 396//775
f 702//775 703//775 396//775
f 396//776 703//776 398//776
f 703//776 704//776 398//776
f 398//777 704//777 400//777
f 732//778 733//778 734//778
f 733//779 735//779 734//779
f 734//780 735//780 736//780
f 146//171 148//171 360//171
f 148//781 737//781 360//781
f 360//781 737//781 359//781
f 708//704 627//704 709//704
f 627//596 625//596 709//596
f 709//705 625//705 710//705
f 625//594 623//594 710//594
f 710//706 623//706 711//706
f 623//592 621//592 711//592
f 711//707 621//707 712//707
f 621//590 619//590 712//590
f 712//708 619//708 592//708
f 619//782 669//782 592//782
f 592//783 669//783 607//783
f 669//784 613//784 607//784
f 607//784 613//784 608//784
f 613//785 615//785 608//785
f 608//785 615//785 609//785
f 615//786 605//786 609//786
f 609//787 605//787 597//787
f 605//788 603//788 597//788
f 597//789 603//789 598//789
f 603//790 578//790 598//790
f 598//791 578//791 579//791
f 578//792 574//792 579//792
f 579//553 574//553 580//553
f 574//531 576//531 580//531
f 580//793 576//793 645//793
f 576//533 577//533 645//533
f 645//794 577//794 644//794
f 577//795 154//795 644//795
f 714//796 628//796 716//796
f 628//597 630//597 716//597
f 716//716 630//716 718//716
f 630//599 632//599 718//599
f 718//797 632//797 720//797
f 632//601 634//601 720//601
f 720//720 634//720 722//720
f 634//603 636//603 722//603
f 722//722 636//722 724//722
f 636//605 638//605 724//605
f 724//724 638//724 726//724
f 638//798 640//798 726//798
f 726//726 640//726 728//726
f 640//609 642//609 728//609
f 728//728 642//728 730//728
f 642//611 644//611 730//611
f 730//730 644//730 563//730
f 644//799 154//799 563//799
f 563//800 154//800 564//800
f 154//801 153//801 564//801
f 564//801 153//801 566//801
f 153//802 573//802 566//802
f 566//802 573//802 568//802
f 573//803 571//803 568//803
f 568//804 571//804 569//804
f 571//805 557//805 569//805
f 569//806 557//806 562//806
f 557//807 535//807 562//807
f 562//808 535//808 538//808
f 535//809 537//809 538//809
f 538//500 537//500 539//500
f 318//278 713//278 319//278
f 713//713 715//713 319//713
f 319//736 715//736 281//736
f 715//715 717//715 281//715
f 281//257 717//257 282//257
f 717//717 719//717 282//717
f 282//613 719//613 248//613
f 719//719 721//719 248//719
f 248//221 721//221 249//221
f 721//721 723//721 249//721
f 249//810 723//810 219//810
f 723//723 725//723 219//723
f 219//205 725//205 220//205
f 725//725 727//725 220//725
f 220//534 727//534 170//534
f 727//727 729//727 170//727
f 170//179 729//179 168//179
f 729//729 731//729 168//729
f 168//493 731//493 534//493
f 731//731 543//731 534//731
f 534//811 543//811 527//811
f 543//812 541//812 527//812
f 527//813 541//813 528//813
f 541//814 539//814 528//814
f 528//814 539//814 530//814
f 539//815 537//815 530//815
f 530//815 537//815 532//815
f 537//816 536//816 532//816
f 532//817 536//817 533//817
f 536//818 518//818 533//818
f 533//819 518//819 519//819
f 518//820 155//820 519//820
f 519//481 155//481 520//481
f 155//174 157//174 520//174
f 520//484 157//484 513//484
f 157//471 512//471 513//471
f 513//821 512//821 217//821
f 512//822 178//822 217//822
f 217//823 178//823 218//823
f 178//824 177//824 218//824
f 218//825 177//825 497//825
f 177//826 509//826 497//826
f 497//826 509//826 212//826
f 509//827 508//827 212//827
f 212//827 508//827 210//827
f 508//828 506//828 210//828
f 210//829 506//829 208//829
f 506//830 551//830 208//830
f 208//831 551//831 493//831
f 32//832 183//832 358//832
f 183//833 402//833 358//833
f 358//833 402//833 356//833
f 402//834 404//834 356//834
f 356//834 404//834 354//834
f 404//835 406//835 354//835
f 354//835 406//835 352//835
f 406//836 408//836 352//836
f 352//836 408//836 350//836
f 408//837 410//837 350//837
f 350//837 410//837 348//837
f 410//838 412//838 348//838
f 348//838 412//838 346//838
f 412//839 414//839 346//839
f 346//839 414//839 344//839
f 414//840 416//840 344//840
f 344//840 416//840 342//840
f 416//841 418//841 342//841
f 342//841 418//841 340//841
f 418//842 420//842 340//842
f 340//842 420//842 338//842
f 420//843 422//843 338//843
f 338//843 422//843 336//843
f 422//844 424//844 336//844
f 336//844 424//844 334//844
f 424//845 426//845 334//845
f 334//845 426//845 332//845
f 426//846 428//846 332//846
f 332//846 428//846 330//846
f 428//847 430//847 330//847
f 330//847 430//847 328//847
f 430//848 432//848 328//848
f 328//848 432//848 326//848
f 432//849 434//849 326//849
f 326//849 434//849 324//849
f 434//850 436//850 324//850
f 324//850 436//850 322//850
f 436//851 438//851 322//851
f 322//851 438//851 320//851
f 438//852 440//852 320//852
f 320//852 440//852 318//852
f 738//853 736//853 739//853
f 736//854 735//854 739//854
f 739//854 735//854 740//854
f 735//855 733//855 740//855
f 740//856 733//856 741//856
f 665//857 742//857 743//857
f 742//858 744//858 743//858
f 743//859 744//859 745//859
f 744//860 746//860 745//860
f 745//861 746//861 747//861
f 143//862 746//862 144//862
f 746//863 744//863 144//863
f 144//864 744//864 146//864
f 744//865 742//865 146//865
f 146//866 742//866 147//866
f 748//867 738//867 749//867
f 738//868 739//868 749//868
f 749//868 739//868 750//868
f 739//869 740//869 750//869
f 750//869 740//869 751//869
f 740//870 741//870 751//870
f 751//871 741//871 752//871
f 359//301 753//301 145//301
f 753//872 754//872 145//872
f 145//170 754//170 143//170
f 754//873 755//873 143//873
f 143//874 755//874 746//874
f 755//875 142//875 746//875
f 746//876 142//876 747//876
f 142//877 141//877 747//877
f 756//878 757//878 758//878
f 757//879 759//879 758//879
f 758//880 759//880 760//880
f 759//881 761//881 760//881
f 760//882 761//882 362//882
f 762//883 748//883 763//883
f 748//884 749//884 763//884
f 763//884 749//884 764//884
f 749//885 750//885 764//885
f 764//885 750//885 765//885
f 750//886 751//886 765//886
f 765//886 751//886 766//886
f 751//887 752//887 766//887
f 766//888 752//888 767//888
f 665//889 666//889 742//889
f 666//890 707//890 742//890
f 742//891 707//891 147//891
f 707//892 706//892 147//892
f 147//892 706//892 148//892
f 706//893 705//893 148//893
f 148//893 705//893 737//893
f 705//894 363//894 737//894
f 737//895 363//895 359//895
f 363//896 362//896 359//896
f 359//897 362//897 753//897
f 362//898 761//898 753//898
f 753//872 761//872 754//872
f 761//881 759//881 754//881
f 754//873 759//873 755//873
f 759//879 757//879 755//879
f 755//899 757//899 142//899
f 757//900 756//900 142//900
f 142//901 756//901 768//901
f 769//902 770//902 771//902
f 770//903 443//903 771//903
f 771//903 443//903 772//903
f 443//904 442//904 772//904
f 773//905 762//905 774//905
f 762//883 763//883 774//883
f 774//906 763//906 775//906
f 763//907 764//907 775//907
f 775//907 764//907 776//907
f 764//908 765//908 776//908
f 776//908 765//908 777//908
f 765//909 766//909 777//909
f 777//909 766//909 778//909
f 766//910 767//910 778//910
f 778//911 767//911 779//911
f 780//912 781//912 782//912
f 781//913 783//913 782//913
f 782//913 783//913 784//913
f 783//914 785//914 784//914
f 784//914 785//914 786//914
f 779//915 787//915 778//915
f 787//916 788//916 778//916
f 778//916 788//916 777//916
f 788//917 789//917 777//917
f 777//917 789//917 776//917
f 789//918 790//918 776//918
f 776//919 790//919 775//919
f 790//920 791//920 775//920
f 775//921 791//921 774//921
f 791//922 792//922 774//922
f 774//905 792//905 773//905
f 792//923 793//923 773//923
f 140//924 142//924 794//924
f 142//925 768//925 794//925
f 794//926 768//926 795//926
f 768//927 796//927 795//927
f 795//928 796//928 797//928
f 796//929 798//929 797//929
f 797//930 798//930 799//930
f 800//931 801//931 802//931
f 801//932 803//932 802//932
f 802//932 803//932 804//932
f 803//933 805//933 804//933
f 804//933 805//933 806//933
f 807//934 793//934 808//934
f 793//935 792//935 808//935
f 808//936 792//936 809//936
f 792//937 791//937 809//937
f 809//938 791//938 810//938
f 791//920 790//920 810//920
f 810//939 790//939 811//939
f 790//940 789//940 811//940
f 811//940 789//940 812//940
f 789//941 788//941 812//941
f 812//941 788//941 813//941
f 788//942 787//942 813//942
f 813//942 787//942 814//942
f 787//943 779//943 814//943
f 814//944 779//944 815//944
f 816//945 817//945 799//945
f 800//946 818//946 801//946
f 818//947 819//947 801//947
f 801//947 819//947 803//947
f 819//948 820//948 803//948
f 803//949 820//949 805//949
f 820//950 798//950 805//950
f 805//951 798//951 806//951
f 798//952 796//952 806//952
f 821//953 807//953 822//953
f 807//934 808//934 822//934
f 822//954 808//954 823//954
f 808//936 809//936 823//936
f 823//955 809//955 824//955
f 809//938 810//938 824//938
f 824//956 810//956 825//956
f 810//939 811//939 825//939
f 825//957 811//957 826//957
f 811//958 812//958 826//958
f 826//958 812//958 827//958
f 812//959 813//959 827//959
f 827//959 813//959 828//959
f 813//960 814//960 828//960
f 828//960 814//960 829//960
f 814//961 815//961 829//961
f 829//962 815//962 830//962
f 831//963 816//963 832//963
f 833//964 834//964 835//964
f 834//965 836//965 835//965
f 835//965 836//965 837//965
f 836//966 838//966 837//966
f 839//967 821//967 840//967
f 821//953 822//953 840//953
f 840//968 822//968 841//968
f 822//954 823//954 841//954
f 841//969 823//969 842//969
f 823//955 824//955 842//955
f 842//970 824//970 843//970
f 824//956 825//956 843//956
f 843//971 825//971 844//971
f 825//957 826//957 844//957
f 844//972 826//972 845//972
f 826//973 827//973 845//973
f 845//973 827//973 846//973
f 827//974 828//974 846//974
f 846//974 828//974 847//974
f 828//975 829//975 847//975
f 847//975 829//975 848//975
f 829//976 830//976 848//976
f 848//977 830//977 849//977
f 850//978 851//978 831//978
f 851//979 852//979 831//979
f 831//980 852//980 816//980
f 852//981 853//981 816//981
f 816//982 853//982 817//982
f 854//983 855//983 856//983
f 855//984 857//984 856//984
f 856//984 857//984 858//984
f 857//985 859//985 858//985
f 858//985 859//985 860//985
f 849//986 861//986 848//986
f 861//987 862//987 848//987
f 848//987 862//987 847//987
f 862//988 863//988 847//988
f 847//988 863//988 846//988
f 863//989 864//989 846//989
f 846//989 864//989 845//989
f 864//990 865//990 845//990
f 845//972 865//972 844//972
f 865//991 866//991 844//991
f 844//971 866//971 843//971
f 866//992 867//992 843//992
f 843//970 867//970 842//970
f 867//993 868//993 842//993
f 842//969 868//969 841//969
f 868//994 869//994 841//994
f 841//968 869//968 840//968
f 869//995 870//995 840//995
f 840//967 870//967 839//967
f 870//996 871//996 839//996
f 872//997 873//997 874//997
f 873//998 875//998 874//998
f 874//998 875//998 876//998
f 875//999 877//999 876//999
f 876//999 877//999 878//999
f 879//1000 871//1000 880//1000
f 871//996 870//996 880//996
f 880//1001 870//1001 881//1001
f 870//995 869//995 881//995
f 881//1002 869//1002 882//1002
f 869//994 868//994 882//994
f 882//1003 868//1003 883//1003
f 868//993 867//993 883//993
f 883//1004 867//1004 884//1004
f 867//992 866//992 884//992
f 884//1005 866//1005 885//1005
f 866//991 865//991 885//991
f 885//1006 865//1006 886//1006
f 865//990 864//990 886//990
f 886//1007 864//1007 887//1007
f 864//1008 863//1008 887//1008
f 887//1008 863//1008 888//1008
f 863//1009 862//1009 888//1009
f 888//1009 862//1009 889//1009
f 862//1010 861//1010 889//1010
f 889//1010 861//1010 890//1010
f 861//1011 849//1011 890//1011
f 890//1012 849//1012 891//1012
f 892//1013 893//1013 894//1013
f 893//1014 895//1014 894//1014
f 894//1014 895//1014 896//1014
f 895//1015 897//1015 896//1015
f 896//1015 897//1015 898//1015
f 897//1016 899//1016 898//1016
f 898//1017 899//1017 900//1017
f 899//1018 901//1018 900//1018
f 900//1019 901//1019 902//1019
f 903//1020 879//1020 904//1020
f 879//1000 880//1000 904//1000
f 904//1021 880//1021 905//1021
f 880//1001 881//1001 905//1001
f 905//1022 881//1022 906//1022
f 881//1002 882//1002 906//1002
f 906//1023 882//1023 907//1023
f 882//1003 883//1003 907//1003
f 907//1024 883//1024 908//1024
f 883//1004 884//1004 908//1004
f 908//1025 884//1025 909//1025
f 884//1005 885//1005 909//1005
f 909//1026 885//1026 910//1026
f 885//1027 886//1027 910//1027
f 910//1028 886//1028 911//1028
f 886//1007 887//1007 911//1007
f 911//1029 887//1029 912//1029
f 887//1030 888//1030 912//1030
f 912//1031 888//1031 913//1031
f 888//1032 889//1032 913//1032
f 913//1032 889//1032 914//1032
f 889//1033 890//1033 914//1033
f 914//1033 890//1033 915//1033
f 890//1034 891//1034 915//1034
f 915//1035 891//1035 916//1035
f 166//1036 165//1036 917//1036
f 918//1037 903//1037 919//1037
f 903//1020 904//1020 919//1020
f 919//1038 904//1038 920//1038
f 904//1039 905//1039 920//1039
f 920//1040 905//1040 921//1040
f 905//1022 906//1022 921//1022
f 921//1041 906//1041 922//1041
f 906//1023 907//1023 922//1023
f 922//1042 907//1042 923//1042
f 907//1024 908//1024 923//1024
f 923//1043 908//1043 924//1043
f 908//1025 909//1025 924//1025
f 924//1044 909//1044 925//1044
f 909//1026 910//1026 925//1026
f 925//1045 910//1045 926//1045
f 910//1028 911//1028 926//1028
f 926//1046 911//1046 927//1046
f 911//1029 912//1029 927//1029
f 927//1047 912//1047 928//1047
f 912//1048 913//1048 928//1048
f 928//1048 913//1048 929//1048
f 913//1049 914//1049 929//1049
f 929//1049 914//1049 930//1049
f 914//1050 915//1050 930//1050
f 930//1050 915//1050 931//1050
f 915//1051 916//1051 931//1051
f 931//1052 916//1052 932//1052
f 933//1053 934//1053 935//1053
f 934//1054 936//1054 935//1054
f 935//1055 936//1055 937//1055
f 917//1056 938//1056 166//1056
f 938//1057 939//1057 166//1057
f 166//1057 939//1057 167//1057
f 939//1058 940//1058 167//1058
f 932//1059 941//1059 931//1059
f 941//1060 942//1060 931//1060
f 931//1060 942//1060 930//1060
f 942//1061 943//1061 930//1061
f 930//1061 943//1061 929//1061
f 943//1062 944//1062 929//1062
f 929//1062 944//1062 928//1062
f 944//1063 945//1063 928//1063
f 928//1047 945//1047 927//1047
f 945//1064 946//1064 927//1064
f 927//1046 946//1046 926//1046
f 946//1065 947//1065 926//1065
f 926//1045 947//1045 925//1045
f 947//1066 948//1066 925//1066
f 925//1044 948//1044 924//1044
f 948//1067 949//1067 924//1067
f 924//1043 949//1043 923//1043
f 949//1068 950//1068 923//1068
f 923//1042 950//1042 922//1042
f 950//1069 951//1069 922//1069
f 922//1041 951//1041 921//1041
f 951//1070 952//1070 921//1070
f 921//1040 952//1040 920//1040
f 952//1071 953//1071 920//1071
f 920//1072 953//1072 919//1072
f 953//1073 954//1073 919//1073
f 919//1037 954//1037 918//1037
f 954//1074 955//1074 918//1074
f 956//1075 934//1075 957//1075
f 934//1076 933//1076 957//1076
f 957//1077 933//1077 958//1077
f 933//1078 959//1078 958//1078
f 958//1079 959//1079 960//1079
f 961//1080 962//1080 963//1080
f 962//1081 964//1081 963//1081
f 963//1081 964//1081 965//1081
f 964//1082 966//1082 965//1082
f 965//1082 966//1082 967//1082
f 968//1083 955//1083 969//1083
f 955//1074 954//1074 969//1074
f 969//1084 954//1084 970//1084
f 954//1073 953//1073 970//1073
f 970//1085 953//1085 971//1085
f 953//1086 952//1086 971//1086
f 971//1087 952//1087 972//1087
f 952//1070 951//1070 972//1070
f 972//1088 951//1088 973//1088
f 951//1069 950//1069 973//1069
f 973//1089 950//1089 974//1089
f 950//1068 949//1068 974//1068
f 974//1090 949//1090 975//1090
f 949//1067 948//1067 975//1067
f 975//1091 948//1091 976//1091
f 948//1066 947//1066 976//1066
f 976//1092 947//1092 977//1092
f 947//1065 946//1065 977//1065
f 977//1093 946//1093 978//1093
f 946//1064 945//1064 978//1064
f 978//1094 945//1094 979//1094
f 945//1063 944//1063 979//1063
f 979//1095 944//1095 980//1095
f 944//1096 943//1096 980//1096
f 980//1096 943//1096 981//1096
f 943//1097 942//1097 981//1097
f 981//1097 942//1097 982//1097
f 942//1098 941//1098 982//1098
f 982//1098 941//1098 983//1098
f 941//1099 932//1099 983//1099
f 983//1100 932//1100 984//1100
f 985//1101 959//1101 986//1101
f 959//1102 987//1102 986//1102
f 986//1103 987//1103 988//1103
f 989//1104 990//1104 991//1104
f 990//1105 992//1105 991//1105
f 991//1105 992//1105 993//1105
f 992//1106 994//1106 993//1106
f 995//1107 968//1107 996//1107
f 968//1083 969//1083 996//1083
f 996//1108 969//1108 997//1108
f 969//1084 970//1084 997//1084
f 997//1109 970//1109 998//1109
f 970//1085 971//1085 998//1085
f 998//1110 971//1110 999//1110
f 971//1087 972//1087 999//1087
f 999//1111 972//1111 1000//1111
f 972//1112 973//1112 1000//1112
f 1000//1113 973//1113 1001//1113
f 973//1089 974//1089 1001//1089
f 1001//1114 974//1114 1002//1114
f 974//1090 975//1090 1002//1090
f 1002//1115 975//1115 1003//1115
f 975//1091 976//1091 1003//1091
f 1003//1116 976//1116 1004//1116
f 976//1092 977//1092 1004//1092
f 1004//1117 977//1117 1005//1117
f 977//1093 978//1093 1005//1093
f 1005//1118 978//1118 1006//1118
f 978//1094 979//1094 1006//1094
f 1006//1119 979//1119 1007//1119
f 979//1095 980//1095 1007//1095
f 1007//1120 980//1120 1008//1120
f 980//1121 981//1121 1008//1121
f 1008//1121 981//1121 1009//1121
f 981//1122 982//1122 1009//1122
f 1009//1122 982//1122 1010//1122
f 982//1123 983//1123 1010//1123
f 1010//1123 983//1123 1011//1123
f 983//1124 984//1124 1011//1124
f 1011//1125 984//1125 1012//1125
f 1013//1126 1014//1126 1015//1126
f 1014//1127 1016//1127 1015//1127
f 1015//1127 1016//1127 1017//1127
f 1016//1128 1018//1128 1017//1128
f 1017//1128 1018//1128 1019//1128
f 1012//1129 1020//1129 1011//1129
f 1020//1130 1021//1130 1011//1130
f 1011//1130 1021//1130 1010//1130
f 1021//1131 1022//1131 1010//1131
f 1010//1131 1022//1131 1009//1131
f 1022//1132 1023//1132 1009//1132
f 1009//1132 1023//1132 1008//1132
f 1023//1133 1024//1133 1008//1133
f 1008//1120 1024//1120 1007//1120
f 1024//1134 1025//1134 1007//1134
f 1007//1119 1025//1119 1006//1119
f 1025//1135 1026//1135 1006//1135
f 1006//1118 1026//1118 1005//1118
f 1026//1136 1027//1136 1005//1136
f 1005//1117 1027//1117 1004//1117
f 1027//1137 1028//1137 1004//1137
f 1004//1116 1028//1116 1003//1116
f 1028//1138 1029//1138 1003//1138
f 1003//1115 1029//1115 1002//1115
f 1029//1139 1030//1139 1002//1139
f 1002//1114 1030//1114 1001//1114
f 1030//1140 1031//1140 1001//1140
f 1001//1113 1031//1113 1000//1113
f 1031//1141 1032//1141 1000//1141
f 1000//1142 1032//1142 999//1142
f 1032//1143 1033//1143 999//1143
f 999//1144 1033//1144 998//1144
f 1033//1145 1034//1145 998//1145
f 998//1109 1034//1109 997//1109
f 1034//1146 1035//1146 997//1146
f 997//1108 1035//1108 996//1108
f 1035//1147 1036//1147 996//1147
f 996//1107 1036//1107 995//1107
f 1036//1148 1037//1148 995//1148
f 1038//1149 1039//1149 1040//1149
f 1039//1150 1041//1150 1040//1150
f 1040//1151 1041//1151 985//1151
f 1041//1152 1042//1152 985//1152
f 985//1153 1042//1153 959//1153
f 1042//1154 1043//1154 959//1154
f 959//1155 1043//1155 960//1155
f 1044//1156 1045//1156 1046//1156
f 1045//1157 1047//1157 1046//1157
f 1046//1157 1047//1157 1048//1157
f 1047//1158 1049//1158 1048//1158
f 1048//1158 1049//1158 1050//1158
f 1051//1159 1037//1159 1052//1159
f 1037//1148 1036//1148 1052//1148
f 1052//1160 1036//1160 1053//1160
f 1036//1147 1035//1147 1053//1147
f 1053//1161 1035//1161 1054//1161
f 1035//1146 1034//1146 1054//1146
f 1054//1162 1034//1162 1055//1162
f 1034//1145 1033//1145 1055//1145
f 1055//1163 1033//1163 1056//1163
f 1033//1143 1032//1143 1056//1143
f 1056//1164 1032//1164 1057//1164
f 1032//1141 1031//1141 1057//1141
f 1057//1165 1031//1165 1058//1165
f 1031//1166 1030//1166 1058//1166
f 1058//1167 1030//1167 1059//1167
f 1030//1139 1029//1139 1059//1139
f 1059//1168 1029//1168 1060//1168
f 1029//1138 1028//1138 1060//1138
f 1060//1169 1028//1169 1061//1169
f 1028//1137 1027//1137 1061//1137
f 1061//1170 1027//1170 1062//1170
f 1027//1171 1026//1171 1062//1171
f 1062//1172 1026//1172 1063//1172
f 1026//1135 1025//1135 1063//1135
f 1063//1173 1025//1173 1064//1173
f 1025//1174 1024//1174 1064//1174
f 1064//1175 1024//1175 1065//1175
f 1024//1133 1023//1133 1065//1133
f 1065//1176 1023//1176 1066//1176
f 1023//1177 1022//1177 1066//1177
f 1066//1177 1022//1177 1067//1177
f 1022//1178 1021//1178 1067//1178
f 1067//1178 1021//1178 1068//1178
f 1021//1179 1020//1179 1068//1179
f 1068//1179 1020//1179 1069//1179
f 1020//1180 1012//1180 1069//1180
f 1069//1181 1012//1181 1070//1181
f 1071//1182 1072//1182 1073//1182
f 1072//1183 1074//1183 1073//1183
f 1044//1184 1075//1184 1045//1184
f 1075//1185 1076//1185 1045//1185
f 1045//1185 1076//1185 1047//1185
f 1076//1186 1077//1186 1047//1186
f 1047//1186 1077//1186 1049//1186
f 1077//1187 1038//1187 1049//1187
f 1049//1188 1038//1188 1050//1188
f 1038//1189 1040//1189 1050//1189
f 772//1190 1078//1190 771//1190
f 1078//1191 1051//1191 771//1191
f 771//1192 1051//1192 769//1192
f 1051//1159 1052//1159 769//1159
f 769//1193 1052//1193 1079//1193
f 1052//1160 1053//1160 1079//1160
f 1079//1194 1053//1194 1080//1194
f 1053//1161 1054//1161 1080//1161
f 1080//1195 1054//1195 1081//1195
f 1054//1162 1055//1162 1081//1162
f 1081//1196 1055//1196 1082//1196
f 1055//1163 1056//1163 1082//1163
f 1082//1197 1056//1197 1083//1197
f 1056//1164 1057//1164 1083//1164
f 1083//1198 1057//1198 1084//1198
f 1057//1199 1058//1199 1084//1199
f 1084//1200 1058//1200 1085//1200
f 1058//1167 1059//1167 1085//1167
f 1085//1201 1059//1201 1086//1201
f 1059//1168 1060//1168 1086//1168
f 1086//1202 1060//1202 1087//1202
f 1060//1169 1061//1169 1087//1169
f 1087//1203 1061//1203 1088//1203
f 1061//1170 1062//1170 1088//1170
f 1088//1204 1062//1204 1089//1204
f 1062//1172 1063//1172 1089//1172
f 1089//1205 1063//1205 1090//1205
f 1063//1173 1064//1173 1090//1173
f 1090//1206 1064//1206 1091//1206
f 1064//1175 1065//1175 1091//1175
f 1091//1207 1065//1207 1092//1207
f 1065//1176 1066//1176 1092//1176
f 1092//1208 1066//1208 1093//1208
f 1066//1209 1067//1209 1093//1209
f 1093//1209 1067//1209 1094//1209
f 1067//1210 1068//1210 1094//1210
f 1094//1210 1068//1210 1095//1210
f 1068//1211 1069//1211 1095//1211
f 1095//1211 1069//1211 1096//1211
f 1069//1212 1070//1212 1096//1212
f 1096//1213 1070//1213 1097//1213
f 1098//1214 1071//1214 1099//1214
f 1071//1215 1073//1215 1099//1215
f 1099//1216 1073//1216 1100//1216
f 1073//1217 1101//1217 1100//1217
f 1100//1218 1101//1218 138//1218
f 1102//1219 1103//1219 1104//1219
f 1103//1220 137//1220 1104//1220
f 1104//1221 137//1221 1105//1221
f 137//168 139//168 1105//168
f 1106//1222 1107//1222 1108//1222
f 1107//1223 1109//1223 1108//1223
f 1108//1224 1109//1224 1110//1224
f 1109//1225 1111//1225 1110//1225
f 1110//1226 1111//1226 1112//1226
f 1111//1227 1113//1227 1112//1227
f 1112//1228 1113//1228 1114//1228
f 1113//1229 1115//1229 1114//1229
f 1114//1230 1115//1230 1116//1230
f 1115//1231 1117//1231 1116//1231
f 1116//1232 1117//1232 1118//1232
f 1117//1233 1119//1233 1118//1233
f 1118//1234 1119//1234 1120//1234
f 1119//1235 994//1235 1120//1235
f 1120//1236 994//1236 1121//1236
f 994//1237 992//1237 1121//1237
f 1121//1238 992//1238 1122//1238
f 992//1239 990//1239 1122//1239
f 441//366 443//366 1123//366
f 443//1240 770//1240 1123//1240
f 1123//1240 770//1240 1124//1240
f 770//1241 769//1241 1124//1241
f 1124//1242 769//1242 1125//1242
f 769//1193 1079//1193 1125//1193
f 1125//1243 1079//1243 1126//1243
f 1079//1194 1080//1194 1126//1194
f 1126//1244 1080//1244 1127//1244
f 1080//1195 1081//1195 1127//1195
f 1127//1245 1081//1245 1128//1245
f 1081//1196 1082//1196 1128//1196
f 1128//1246 1082//1246 1129//1246
f 1082//1197 1083//1197 1129//1197
f 1129//1247 1083//1247 1130//1247
f 1083//1248 1084//1248 1130//1248
f 1130//1249 1084//1249 1131//1249
f 1084//1200 1085//1200 1131//1200
f 1131//1250 1085//1250 1132//1250
f 1085//1201 1086//1201 1132//1201
f 1132//1251 1086//1251 1133//1251
f 1086//1202 1087//1202 1133//1202
f 1133//1252 1087//1252 1134//1252
f 1087//1203 1088//1203 1134//1203
f 1134//1253 1088//1253 1135//1253
f 1088//1254 1089//1254 1135//1254
f 1135//1255 1089//1255 1136//1255
f 1089//1205 1090//1205 1136//1205
f 1136//1256 1090//1256 1137//1256
f 1090//1206 1091//1206 1137//1206
f 1137//1257 1091//1257 1138//1257
f 1091//1207 1092//1207 1138//1207
f 1138//1258 1092//1258 1139//1258
f 1092//1208 1093//1208 1139//1208
f 1139//1259 1093//1259 1140//1259
f 1093//1260 1094//1260 1140//1260
f 1140//1260 1094//1260 1141//1260
f 1094//1261 1095//1261 1141//1261
f 1141//1261 1095//1261 1142//1261
f 1095//1262 1096//1262 1142//1262
f 1142//1262 1096//1262 1143//1262
f 1096//1263 1097//1263 1143//1263
f 1143//1264 1097//1264 1144//1264
f 1145//1265 1102//1265 1146//1265
f 1102//1219 1104//1219 1146//1219
f 1146//1266 1104//1266 1147//1266
f 1104//1221 1105//1221 1147//1221
f 1147//1267 1105//1267 1148//1267
f 1105//1268 139//1268 1148//1268
f 164//1269 163//1269 1149//1269
f 163//1269 1150//1269 1149//1269
f 1149//1270 1150//1270 1151//1270
f 1107//1223 1152//1223 1109//1223
f 1152//1271 1153//1271 1109//1271
f 1109//1272 1153//1272 1111//1272
f 1153//1273 1154//1273 1111//1273
f 1111//1227 1154//1227 1113//1227
f 1154//1274 1155//1274 1113//1274
f 1113//1229 1155//1229 1115//1229
f 1155//1275 1156//1275 1115//1275
f 1115//1231 1156//1231 1117//1231
f 1156//1276 1157//1276 1117//1276
f 1117//1233 1157//1233 1119//1233
f 1157//1277 1013//1277 1119//1277
f 1119//1235 1013//1235 994//1235
f 1013//1278 1015//1278 994//1278
f 994//1279 1015//1279 993//1279
f 1015//1280 1017//1280 993//1280
f 993//1280 1017//1280 991//1280
f 1017//1281 1019//1281 991//1281
f 991//1281 1019//1281 989//1281
f 1158//1282 1159//1282 1160//1282
f 1159//1283 1161//1283 1160//1283
f 1160//1284 1161//1284 1162//1284
f 1161//1285 1163//1285 1162//1285
f 1162//1286 1163//1286 1164//1286
f 1163//1287 1165//1287 1164//1287
f 1164//1288 1165//1288 1166//1288
f 1165//1289 1167//1289 1166//1289
f 1166//1290 1167//1290 1168//1290
f 1167//1291 1169//1291 1168//1291
f 1168//1292 1169//1292 1170//1292
f 1169//1293 1171//1293 1170//1293
f 1170//1294 1171//1294 1172//1294
f 1171//1295 1173//1295 1172//1295
f 1172//1296 1173//1296 1174//1296
f 1173//1297 1175//1297 1174//1297
f 1174//1298 1175//1298 1176//1298
f 1175//1299 1177//1299 1176//1299
f 1176//1300 1177//1300 1178//1300
f 1177//1301 1179//1301 1178//1301
f 1178//1302 1179//1302 1180//1302
f 1179//1303 1181//1303 1180//1303
f 1180//1304 1181//1304 1182//1304
f 1181//1305 1183//1305 1182//1305
f 1182//1306 1183//1306 1184//1306
f 1183//1307 1185//1307 1184//1307
f 1184//1308 1185//1308 1186//1308
f 1185//1309 854//1309 1186//1309
f 1186//1310 854//1310 833//1310
f 854//1311 856//1311 833//1311
f 833//1312 856//1312 834//1312
f 856//1313 858//1313 834//1313
f 834//1313 858//1313 836//1313
f 858//1314 860//1314 836//1314
f 836//1314 860//1314 838//1314
f 138//1218 137//1218 1100//1218
f 137//1220 1103//1220 1100//1220
f 1100//1315 1103//1315 1099//1315
f 1103//1316 1102//1316 1099//1316
f 1099//1317 1102//1317 1187//1317
f 1102//1318 1145//1318 1187//1318
f 1187//1319 1145//1319 1188//1319
f 1189//1320 1190//1320 1191//1320
f 1190//1321 1192//1321 1191//1321
f 1191//1322 1192//1322 1193//1322
f 1194//1323 1189//1323 1195//1323
f 1189//1320 1191//1320 1195//1320
f 1195//1324 1191//1324 1196//1324
f 1191//1322 1193//1322 1196//1322
f 1152//1271 1197//1271 1153//1271
f 1197//1325 1198//1325 1153//1325
f 1153//1273 1198//1273 1154//1273
f 1198//1326 1199//1326 1154//1326
f 1154//1274 1199//1274 1155//1274
f 1199//1327 1200//1327 1155//1327
f 1155//1275 1200//1275 1156//1275
f 1200//1328 1201//1328 1156//1328
f 1156//1276 1201//1276 1157//1276
f 1201//1329 1044//1329 1157//1329
f 1157//1277 1044//1277 1013//1277
f 1044//1330 1046//1330 1013//1330
f 1013//1331 1046//1331 1014//1331
f 1046//1332 1048//1332 1014//1332
f 1014//1332 1048//1332 1016//1332
f 1048//1333 1050//1333 1016//1333
f 1016//1333 1050//1333 1018//1333
f 1050//1334 1040//1334 1018//1334
f 1018//1335 1040//1335 1019//1335
f 1040//1336 985//1336 1019//1336
f 1019//1337 985//1337 989//1337
f 985//1338 986//1338 989//1338
f 989//1104 986//1104 990//1104
f 986//1103 988//1103 990//1103
f 990//1239 988//1239 1122//1239
f 1202//1339 1203//1339 1204//1339
f 1203//1340 1205//1340 1204//1340
f 1204//1341 1205//1341 1206//1341
f 1205//1342 1207//1342 1206//1342
f 1206//1343 1207//1343 1208//1343
f 1207//1344 1209//1344 1208//1344
f 1208//1345 1209//1345 1210//1345
f 1209//1346 1211//1346 1210//1346
f 1210//1347 1211//1347 1212//1347
f 1211//1348 1213//1348 1212//1348
f 1212//1349 1213//1349 1214//1349
f 1213//1350 1215//1350 1214//1350
f 1214//1351 1215//1351 1216//1351
f 1215//1352 1217//1352 1216//1352
f 1216//1353 1217//1353 1218//1353
f 1217//1354 1219//1354 1218//1354
f 1218//1355 1219//1355 1220//1355
f 1219//1356 961//1356 1220//1356
f 1220//1357 961//1357 917//1357
f 961//1358 963//1358 917//1358
f 917//1359 963//1359 938//1359
f 963//1360 965//1360 938//1360
f 938//1360 965//1360 939//1360
f 965//1361 967//1361 939//1361
f 939//1361 967//1361 940//1361
f 1221//1362 1222//1362 1223//1362
f 1222//1363 1224//1363 1223//1363
f 1223//1364 1224//1364 1225//1364
f 1224//1365 1226//1365 1225//1365
f 1225//1366 1226//1366 1227//1366
f 1226//1367 1228//1367 1227//1367
f 1227//1368 1228//1368 1229//1368
f 1228//1369 1230//1369 1229//1369
f 1229//1370 1230//1370 1231//1370
f 1230//1371 1232//1371 1231//1371
f 1231//1372 1232//1372 1233//1372
f 1232//1373 1234//1373 1233//1373
f 1233//1374 1234//1374 1235//1374
f 1234//1375 1236//1375 1235//1375
f 1235//1376 1236//1376 1237//1376
f 1236//1377 1238//1377 1237//1377
f 1237//1378 1238//1378 1239//1378
f 1238//1379 1240//1379 1239//1379
f 1239//1380 1240//1380 1241//1380
f 1240//1381 1242//1381 1241//1381
f 1241//1382 1242//1382 1243//1382
f 1242//1383 892//1383 1243//1383
f 1243//1384 892//1384 872//1384
f 892//1385 894//1385 872//1385
f 872//1386 894//1386 873//1386
f 894//1387 896//1387 873//1387
f 873//1387 896//1387 875//1387
f 896//1388 898//1388 875//1388
f 875//1388 898//1388 877//1388
f 898//1389 900//1389 877//1389
f 877//1390 900//1390 878//1390
f 1159//1283 1244//1283 1161//1283
f 1244//1391 1245//1391 1161//1391
f 1161//1285 1245//1285 1163//1285
f 1245//1392 1246//1392 1163//1392
f 1163//1287 1246//1287 1165//1287
f 1246//1393 1247//1393 1165//1393
f 1165//1289 1247//1289 1167//1289
f 1247//1394 1248//1394 1167//1394
f 1167//1291 1248//1291 1169//1291
f 1248//1395 1249//1395 1169//1395
f 1169//1396 1249//1396 1171//1396
f 1249//1397 1250//1397 1171//1397
f 1171//1295 1250//1295 1173//1295
f 1250//1398 1251//1398 1173//1398
f 1173//1399 1251//1399 1175//1399
f 1251//1400 1252//1400 1175//1400
f 1175//1299 1252//1299 1177//1299
f 1252//1401 1253//1401 1177//1401
f 1177//1301 1253//1301 1179//1301
f 1253//1402 1254//1402 1179//1402
f 1179//1303 1254//1303 1181//1303
f 1254//1403 1255//1403 1181//1403
f 1181//1305 1255//1305 1183//1305
f 1255//1404 1256//1404 1183//1404
f 1183//1307 1256//1307 1185//1307
f 1256//1405 1257//1405 1185//1405
f 1185//1309 1257//1309 854//1309
f 1257//1406 1258//1406 854//1406
f 854//1407 1258//1407 855//1407
f 1258//1408 1259//1408 855//1408
f 855//1409 1259//1409 857//1409
f 1259//1410 1260//1410 857//1410
f 857//1410 1260//1410 859//1410
f 1260//1411 850//1411 859//1411
f 859//1412 850//1412 860//1412
f 850//1413 831//1413 860//1413
f 860//1414 831//1414 838//1414
f 831//1415 832//1415 838//1415
f 838//966 832//966 837//966
f 768//1416 786//1416 796//1416
f 786//1417 785//1417 796//1417
f 796//1418 785//1418 806//1418
f 785//1419 783//1419 806//1419
f 806//1419 783//1419 804//1419
f 783//1420 781//1420 804//1420
f 804//1420 781//1420 802//1420
f 781//1421 780//1421 802//1421
f 802//1422 780//1422 800//1422
f 780//1423 1261//1423 800//1423
f 800//1424 1261//1424 1262//1424
f 1261//1425 1263//1425 1262//1425
f 1262//1426 1263//1426 1264//1426
f 1263//1427 1265//1427 1264//1427
f 1264//1428 1265//1428 1266//1428
f 1265//1429 1267//1429 1266//1429
f 1266//1430 1267//1430 1268//1430
f 1267//1431 1269//1431 1268//1431
f 1268//1432 1269//1432 1270//1432
f 1269//1433 1271//1433 1270//1433
f 1270//1434 1271//1434 1272//1434
f 1271//1435 1273//1435 1272//1435
f 1272//1436 1273//1436 1274//1436
f 1273//1437 1275//1437 1274//1437
f 1274//1438 1275//1438 1276//1438
f 1275//1439 1277//1439 1276//1439
f 1276//1440 1277//1440 1278//1440
f 1277//1441 1279//1441 1278//1441
f 1278//1442 1279//1442 1280//1442
f 1279//1443 1281//1443 1280//1443
f 1280//1444 1281//1444 1282//1444
f 1281//1445 1283//1445 1282//1445
f 1282//1446 1283//1446 1284//1446
f 1283//1447 1285//1447 1284//1447
f 1284//1448 1285//1448 1286//1448
f 1285//1449 1287//1449 1286//1449
f 1286//1450 1287//1450 1288//1450
f 1287//1451 1289//1451 1288//1451
f 1288//1452 1289//1452 1290//1452
f 1289//1453 1291//1453 1290//1453
f 1290//1454 1291//1454 1292//1454
f 1291//1455 1293//1455 1292//1455
f 1292//1455 1293//1455 1294//1455
f 1293//1456 1295//1456 1294//1456
f 1294//1456 1295//1456 1296//1456
f 1098//1457 1099//1457 1297//1457
f 1099//1458 1187//1458 1297//1458
f 1297//1459 1187//1459 1298//1459
f 1187//1460 1188//1460 1298//1460
f 1298//1461 1188//1461 1299//1461
f 1188//1462 1300//1462 1299//1462
f 1299//1463 1300//1463 1301//1463
f 1192//1464 1151//1464 1193//1464
f 1151//1465 1150//1465 1193//1465
f 1193//1466 1150//1466 1196//1466
f 1150//1467 1302//1467 1196//1467
f 1196//1324 1302//1324 1195//1324
f 1302//1468 1303//1468 1195//1468
f 1195//1323 1303//1323 1194//1323
f 162//1469 445//1469 163//1469
f 445//1469 160//1469 163//1469
f 163//1470 160//1470 1150//1470
f 160//1470 159//1470 1150//1470
f 1150//1471 159//1471 1302//1471
f 159//1472 1304//1472 1302//1472
f 1302//1468 1304//1468 1303//1468
f 161//176 1305//176 159//176
f 1305//1473 1306//1473 159//1473
f 159//1474 1306//1474 1304//1474
f 1306//1475 1307//1475 1304//1475
f 1304//1475 1307//1475 1303//1475
f 1307//1476 1308//1476 1303//1476
f 1303//1476 1308//1476 1194//1476
f 1308//1477 1300//1477 1194//1477
f 1194//1478 1300//1478 1189//1478
f 1300//1479 1188//1479 1189//1479
f 1189//1480 1188//1480 1190//1480
f 1188//1481 1145//1481 1190//1481
f 1190//1321 1145//1321 1192//1321
f 1145//1265 1146//1265 1192//1265
f 1192//1464 1146//1464 1151//1464
f 1146//1266 1147//1266 1151//1266
f 1151//1482 1147//1482 1149//1482
f 1147//1483 1148//1483 1149//1483
f 1149//1484 1148//1484 164//1484
f 1197//1325 448//1325 1198//1325
f 448//370 444//370 1198//370
f 1198//1326 444//1326 1199//1326
f 444//367 162//367 1199//367
f 1199//1485 162//1485 1200//1485
f 162//177 164//177 1200//177
f 1200//1328 164//1328 1201//1328
f 164//1484 1148//1484 1201//1484
f 1201//1329 1148//1329 1044//1329
f 1148//1486 139//1486 1044//1486
f 1044//1487 139//1487 1075//1487
f 139//1488 138//1488 1075//1488
f 1075//1488 138//1488 1076//1488
f 138//1489 1101//1489 1076//1489
f 1076//1489 1101//1489 1077//1489
f 1101//1490 1073//1490 1077//1490
f 1077//1491 1073//1491 1038//1491
f 1073//1492 1074//1492 1038//1492
f 1038//1493 1074//1493 1039//1493
f 1203//1340 1106//1340 1205//1340
f 1106//1222 1108//1222 1205//1222
f 1205//1342 1108//1342 1207//1342
f 1108//1224 1110//1224 1207//1224
f 1207//1344 1110//1344 1209//1344
f 1110//1494 1112//1494 1209//1494
f 1209//1495 1112//1495 1211//1495
f 1112//1228 1114//1228 1211//1228
f 1211//1348 1114//1348 1213//1348
f 1114//1230 1116//1230 1213//1230
f 1213//1350 1116//1350 1215//1350
f 1116//1232 1118//1232 1215//1232
f 1215//1352 1118//1352 1217//1352
f 1118//1234 1120//1234 1217//1234
f 1217//1354 1120//1354 1219//1354
f 1120//1236 1121//1236 1219//1236
f 1219//1356 1121//1356 961//1356
f 1121//1496 1122//1496 961//1496
f 961//1497 1122//1497 962//1497
f 1122//1498 988//1498 962//1498
f 962//1498 988//1498 964//1498
f 988//1499 987//1499 964//1499
f 964//1499 987//1499 966//1499
f 987//1500 959//1500 966//1500
f 966//1501 959//1501 967//1501
f 959//1502 933//1502 967//1502
f 967//1503 933//1503 940//1503
f 933//1504 935//1504 940//1504
f 940//1058 935//1058 167//1058
f 935//1055 937//1055 167//1055
f 167//178 937//178 165//178
f 1222//1363 1202//1363 1224//1363
f 1202//1339 1204//1339 1224//1339
f 1224//1365 1204//1365 1226//1365
f 1204//1341 1206//1341 1226//1341
f 1226//1367 1206//1367 1228//1367
f 1206//1343 1208//1343 1228//1343
f 1228//1369 1208//1369 1230//1369
f 1208//1345 1210//1345 1230//1345
f 1230//1505 1210//1505 1232//1505
f 1210//1347 1212//1347 1232//1347
f 1232//1373 1212//1373 1234//1373
f 1212//1349 1214//1349 1234//1349
f 1234//1375 1214//1375 1236//1375
f 1214//1351 1216//1351 1236//1351
f 1236//1506 1216//1506 1238//1506
f 1216//1507 1218//1507 1238//1507
f 1238//1508 1218//1508 1240//1508
f 1218//1509 1220//1509 1240//1509
f 1240//1381 1220//1381 1242//1381
f 1220//1357 917//1357 1242//1357
f 1242//1383 917//1383 892//1383
f 917//1510 165//1510 892//1510
f 892//1511 165//1511 893//1511
f 165//1512 937//1512 893//1512
f 893//1512 937//1512 895//1512
f 937//1513 936//1513 895//1513
f 895//1513 936//1513 897//1513
f 936//1514 934//1514 897//1514
f 897//1515 934//1515 899//1515
f 934//1516 956//1516 899//1516
f 899//1517 956//1517 901//1517
f 1244//1391 1221//1391 1245//1391
f 1221//1518 1223//1518 1245//1518
f 1245//1392 1223//1392 1246//1392
f 1223//1364 1225//1364 1246//1364
f 1246//1393 1225//1393 1247//1393
f 1225//1366 1227//1366 1247//1366
f 1247//1394 1227//1394 1248//1394
f 1227//1368 1229//1368 1248//1368
f 1248//1395 1229//1395 1249//1395
f 1229//1370 1231//1370 1249//1370
f 1249//1397 1231//1397 1250//1397
f 1231//1519 1233//1519 1250//1519
f 1250//1398 1233//1398 1251//1398
f 1233//1520 1235//1520 1251//1520
f 1251//1400 1235//1400 1252//1400
f 1235//1521 1237//1521 1252//1521
f 1252//1401 1237//1401 1253//1401
f 1237//1522 1239//1522 1253//1522
f 1253//1402 1239//1402 1254//1402
f 1239//1380 1241//1380 1254//1380
f 1254//1403 1241//1403 1255//1403
f 1241//1382 1243//1382 1255//1382
f 1255//1404 1243//1404 1256//1404
f 1243//1523 872//1523 1256//1523
f 1256//1405 872//1405 1257//1405
f 872//1524 874//1524 1257//1524
f 1257//1525 874//1525 1258//1525
f 874//1526 876//1526 1258//1526
f 1258//1526 876//1526 1259//1526
f 876//1527 878//1527 1259//1527
f 1259//1527 878//1527 1260//1527
f 878//1528 900//1528 1260//1528
f 1260//1529 900//1529 850//1529
f 900//1530 902//1530 850//1530
f 850//1531 902//1531 851//1531
f 799//1532 798//1532 816//1532
f 798//1533 820//1533 816//1533
f 816//1534 820//1534 832//1534
f 820//1535 819//1535 832//1535
f 832//1535 819//1535 837//1535
f 819//1536 818//1536 837//1536
f 837//1536 818//1536 835//1536
f 818//1537 800//1537 835//1537
f 835//1538 800//1538 833//1538
f 800//1424 1262//1424 833//1424
f 833//1310 1262//1310 1186//1310
f 1262//1426 1264//1426 1186//1426
f 1186//1308 1264//1308 1184//1308
f 1264//1428 1266//1428 1184//1428
f 1184//1306 1266//1306 1182//1306
f 1266//1430 1268//1430 1182//1430
f 1182//1304 1268//1304 1180//1304
f 1268//1432 1270//1432 1180//1432
f 1180//1302 1270//1302 1178//1302
f 1270//1434 1272//1434 1178//1434
f 1178//1300 1272//1300 1176//1300
f 1272//1436 1274//1436 1176//1436
f 1176//1298 1274//1298 1174//1298
f 1274//1438 1276//1438 1174//1438
f 1174//1296 1276//1296 1172//1296
f 1276//1440 1278//1440 1172//1440
f 1172//1294 1278//1294 1170//1294
f 1278//1442 1280//1442 1170//1442
f 1170//1292 1280//1292 1168//1292
f 1280//1444 1282//1444 1168//1444
f 1168//1290 1282//1290 1166//1290
f 1282//1446 1284//1446 1166//1446
f 1166//1288 1284//1288 1164//1288
f 1284//1448 1286//1448 1164//1448
f 1164//1286 1286//1286 1162//1286
f 1286//1450 1288//1450 1162//1450
f 1162//1284 1288//1284 1160//1284
f 1288//1539 1290//1539 1160//1539
f 1160//1282 1290//1282 1158//1282
f 1290//1540 1292//1540 1158//1540
f 1158//1540 1292//1540 1309//1540
f 1292//1541 1294//1541 1309//1541
f 1309//1541 1294//1541 1310//1541
f 1294//1542 1296//1542 1310//1542
f 1310//1542 1296//1542 1311//1542
f 611//1543 732//1543 612//1543
f 732//1544 734//1544 612//1544
f 612//650 734//650 664//650
f 734//780 736//780 664//780
f 664//695 736//695 704//695
f 736//853 738//853 704//853
f 704//777 738//777 400//777
f 738//867 748//867 400//867
f 400//1545 748//1545 401//1545
f 748//1545 762//1545 401//1545
f 401//1546 762//1546 439//1546
f 762//1546 773//1546 439//1546
f 439//1547 773//1547 440//1547
f 773//1547 793//1547 440//1547
f 440//1548 793//1548 318//1548
f 793//1548 807//1548 318//1548
f 318//1549 807//1549 713//1549
f 807//1549 821//1549 713//1549
f 713//1550 821//1550 714//1550
f 821//1550 839//1550 714//1550
f 714//1551 839//1551 628//1551
f 839//1551 871//1551 628//1551
f 628//1552 871//1552 629//1552
f 871//1552 879//1552 629//1552
f 629//1553 879//1553 679//1553
f 879//1553 903//1553 679//1553
f 679//1554 903//1554 708//1554
f 903//1554 918//1554 708//1554
f 708//1555 918//1555 627//1555
f 918//1555 955//1555 627//1555
f 627//1556 955//1556 626//1556
f 955//1556 968//1556 626//1556
f 626//1557 968//1557 673//1557
f 968//1557 995//1557 673//1557
f 673//1558 995//1558 361//1558
f 995//1558 1037//1558 361//1558
f 361//1559 1037//1559 362//1559
f 1037//1559 1051//1559 362//1559
f 362//1560 1051//1560 760//1560
f 1051//1561 1078//1561 760//1561
f 760//880 1078//880 758//880
f 1078//1190 772//1190 758//1190
f 758//878 772//878 756//878
f 772//904 442//904 756//904
f 756//1562 442//1562 768//1562
f 442//1563 441//1563 768//1563
f 768//1564 441//1564 786//1564
f 441//1565 1123//1565 786//1565
f 786//1565 1123//1565 784//1565
f 1123//1566 1124//1566 784//1566
f 784//1566 1124//1566 782//1566
f 1124//1567 1125//1567 782//1567
f 782//1568 1125//1568 780//1568
f 1125//1243 1126//1243 780//1243
f 780//1423 1126//1423 1261//1423
f 1126//1244 1127//1244 1261//1244
f 1261//1425 1127//1425 1263//1425
f 1127//1245 1128//1245 1263//1245
f 1263//1427 1128//1427 1265//1427
f 1128//1569 1129//1569 1265//1569
f 1265//1570 1129//1570 1267//1570
f 1129//1247 1130//1247 1267//1247
f 1267//1431 1130//1431 1269//1431
f 1130//1249 1131//1249 1269//1249
f 1269//1433 1131//1433 1271//1433
f 1131//1250 1132//1250 1271//1250
f 1271//1435 1132//1435 1273//1435
f 1132//1571 1133//1571 1273//1571
f 1273//1437 1133//1437 1275//1437
f 1133//1252 1134//1252 1275//1252
f 1275//1439 1134//1439 1277//1439
f 1134//1253 1135//1253 1277//1253
f 1277//1441 1135//1441 1279//1441
f 1135//1255 1136//1255 1279//1255
f 1279//1443 1136//1443 1281//1443
f 1136//1256 1137//1256 1281//1256
f 1281//1445 1137//1445 1283//1445
f 1137//1257 1138//1257 1283//1257
f 1283//1447 1138//1447 1285//1447
f 1138//1258 1139//1258 1285//1258
f 1285//1449 1139//1449 1287//1449
f 1139//1259 1140//1259 1287//1259
f 1287//1451 1140//1451 1289//1451
f 1140//1572 1141//1572 1289//1572
f 1289//1572 1141//1572 1291//1572
f 1141//1573 1142//1573 1291//1573
f 1291//1573 1142//1573 1293//1573
f 1142//1574 1143//1574 1293//1574
f 1293//1574 1143//1574 1295//1574
f 1143//1575 1144//1575 1295//1575
f 1295//1576 1144//1576 1296//1576
f 1144//1577 1312//1577 1296//1577
f 1296//1578 1312//1578 1311//1578
f 1312//1579 1313//1579 1311//1579
f 463//1581 461//1581 1313//1581
f 463//1581 1313//1581 465//1581
f 461//1581 8//1581 1313//1581
f 8//1581 81//1581 1313//1581
f 1313//1581 81//1581 82//1581
f 10//1581 122//1581 8//1581
f 122//1581 121//1581 8//1581
f 121//1581 120//1581 8//1581
f 120//1581 65//1581 8//1581
f 8//1581 65//1581 119//1581
f 132//1581 133//1581 8//1581
f 133//1581 134//1581 8//1581
f 779//1581 767//1581 1312//1581
f 767//1581 752//1581 1312//1581
f 1312//1581 752//1581 1313//1581
f 119//1581 67//1581 8//1581
f 67//1581 118//1581 8//1581
f 8//1581 118//1581 126//1581
f 126//1581 128//1581 8//1581
f 128//1581 130//1581 8//1581
f 8//1581 130//1581 132//1581
f 134//1581 106//1581 8//1581
f 106//1581 108//1581 8//1581
f 8//1581 108//1581 112//1581
f 752//1581 741//1581 1313//1581
f 741//1581 733//1581 1313//1581
f 1313//1581 733//1581 732//1581
f 1313//1581 588//1581 586//1581
f 1313//1581 545//1581 503//1581
f 112//1581 103//1581 8//1581
f 103//1581 80//1581 8//1581
f 8//1581 80//1581 81//1581
f 586//1581 549//1581 1313//1581
f 549//1581 547//1581 1313//1581
f 1313//1581 547//1581 545//1581
f 503//1581 501//1581 1313//1581
f 501//1581 499//1581 1313//1581
f 1313//1581 499//1581 465//1581
f 1070//1581 1012//1581 1097//1581
f 1012//1581 1144//1581 1097//1581
f 932//1581 916//1581 1312//1581
f 916//1581 891//1581 1312//1581
f 1312//1581 891//1581 849//1581
f 849//1581 830//1581 1312//1581
f 830//1581 815//1581 1312//1581
f 1312//1581 815//1581 779//1581
f 732//1581 611//1581 1313//1581
f 611//1581 590//1581 1313//1581
f 1313//1581 590//1581 588//1581
f 1144//1581 1012//1581 1312//1581
f 1012//1581 984//1581 1312//1581
f 1312//1581 984//1581 932//1581
f 1489//1648 1490//1648 1301//1648
f 1490//1648 1299//1648 1301//1648
f 1299//1649 1490//1649 1298//1649
f 1490//1650 1491//1650 1298//1650
f 1298//1651 1491//1651 1297//1651
f 1297//1652 1491//1652 1098//1652
f 1491//1653 1492//1653 1098//1653
f 1098//1654 1492//1654 1071//1654
f 1071//1655 1492//1655 1072//1655
f 1492//1656 1493//1656 1072//1656
f 1072//1657 1493//1657 1074//1657
f 1074//1658 1493//1658 1039//1658
f 1493//1659 1494//1659 1039//1659
f 1039//1660 1494//1660 1041//1660
f 1041//1661 1494//1661 1042//1661
f 1494//1662 1495//1662 1042//1662
f 1042//1663 1495//1663 1043//1663
f 1043//1664 1495//1664 960//1664
f 1495//1665 1496//1665 960//1665
f 960//1666 1496//1666 958//1666
f 958//1667 1496//1667 957//1667
f 1496//1668 1497//1668 957//1668
f 957//1669 1497//1669 956//1669
f 956//1670 1497//1670 901//1670
f 1497//1671 1498//1671 901//1671
f 901//1672 1498//1672 902//1672
f 1498//1673 1499//1673 902//1673
f 902//1673 1499//1673 851//1673
f 851//1674 1499//1674 852//1674
f 1499//1675 1500//1675 852//1675
f 852//1676 1500//1676 853//1676
f 853//1677 1500//1677 817//1677
f 1500//1678 1501//1678 817//1678
f 817//1679 1501//1679 799//1679
f 799//1680 1501//1680 797//1680
f 1501//1681 1502//1681 797//1681
f 797//1682 1502//1682 795//1682
f 795//1683 1502//1683 794//1683
f 1502//1684 1503//1684 794//1684
f 794//1685 1503//1685 140//1685
f 140//1686 1503//1686 141//1686
f 1503//1687 1504//1687 141//1687
f 141//1688 1504//1688 747//1688
f 747//1689 1504//1689 745//1689
f 1504//1690 1505//1690 745//1690
f 745//1691 1505//1691 743//1691
f 743//1692 1505//1692 665//1692
f 1505//1693 1506//1693 665//1693
f 665//1694 1506//1694 149//1694
f 1506//1695 1507//1695 149//1695
f 149//1695 1507//1695 150//1695
f 150//1696 1507//1696 606//1696
f 1507//1697 1508//1697 606//1697
f 606//1698 1508//1698 604//1698
f 604//1699 1508//1699 602//1699
f 1508//1700 1509//1700 602//1700
f 602//1701 1509//1701 601//1701
f 1509//1702 1510//1702 601//1702
f 601//1702 1510//1702 600//1702
f 600//1703 1510//1703 599//1703
f 1510//1704 1511//1704 599//1704
f 599//1705 1511//1705 559//1705
f 559//1706 1511//1706 558//1706
f 1511//1707 1512//1707 558//1707
f 558//1708 1512//1708 556//1708
f 556//1709 1512//1709 555//1709
f 1512//1710 1513//1710 555//1710
f 555//1711 1513//1711 554//1711
f 554//1712 1513//1712 553//1712
f 1513//1713 1514//1713 553//1713
f 553//1714 1514//1714 552//1714
f 1514//1715 1515//1715 552//1715
f 552//1715 1515//1715 551//1715
f 551//1716 1515//1716 493//1716
f 1515//1717 1516//1717 493//1717
f 493//1718 1516//1718 487//1718
f 487//1719 1516//1719 486//1719
f 1516//1720 1517//1720 486//1720
f 486//1721 1517//1721 484//1721
f 484//1722 1517//1722 483//1722
f 1517//1723 1518//1723 483//1723
f 483//1724 1518//1724 482//1724
f 482//1725 1518//1725 481//1725
f 1518//1726 1519//1726 481//1726
f 481//1727 1519//1727 158//1727
f 1519//1728 1520//1728 158//1728
f 158//1728 1520//1728 60//1728
f 1521//1729 1522//1729 1523//1729
f 1521//1729 1523//1729 1524//1729
f 1523//1730 1525//1730 1524//1730
f 1524//1731 1525//1731 1526//1731
f 1525//1732 1527//1732 1526//1732
f 1526//1732 1527//1732 1528//1732
f 1527//1733 1529//1733 1528//1733
f 1528//1733 1529//1733 1530//1733
f 1529//1734 1531//1734 1530//1734
f 1530//1735 1531//1735 1532//1735
f 1531//1736 1533//1736 1532//1736
f 1532//1736 1533//1736 1534//1736
f 1533//1737 1535//1737 1534//1737
f 1534//1738 1535//1738 1536//1738
f 1535//1739 1537//1739 1536//1739
f 1536//1739 1537//1739 1538//1739
f 1537//1740 1539//1740 1538//1740
f 1538//1740 1539//1740 1540//1740
f 1539//1741 1541//1741 1540//1741
f 1540//1741 1541//1741 1542//1741
f 1541//1742 1543//1742 1542//1742
f 1542//1742 1543//1742 1544//1742
f 1543//1743 1545//1743 1544//1743
f 1544//1743 1545//1743 1546//1743
f 1545//1744 1547//1744 1546//1744
f 1546//1744 1547//1744 1548//1744
f 1547//1745 1549//1745 1548//1745
f 1548//1745 1549//1745 1550//1745
f 1549//1746 1551//1746 1550//1746
f 1550//1746 1551//1746 1552//1746
f 1551//1747 1553//1747 1552//1747
f 1552//1747 1553//1747 1554//1747
f 1553//1748 1555//1748 1554//1748
f 1554//1748 1555//1748 1556//1748
f 1555//1749 1557//1749 1556//1749
f 1556//1749 1557//1749 1558//1749
f 1557//1750 1559//1750 1558//1750
f 1558//1750 1559//1750 1560//1750
f 1559//1751 1561//1751 1560//1751
f 1560//1751 1561//1751 1562//1751
f 1561//1752 1563//1752 1562//1752
f 1562//1752 1563//1752 1564//1752
f 1563//1753 1565//1753 1564//1753
f 1564//1753 1565//1753 1566//1753
f 1565//1754 1567//1754 1566//1754
f 1566//1754 1567//1754 1568//1754
f 1567//1755 1569//1755 1568//1755
f 1568//1755 1569//1755 1570//1755
f 1569//1756 1571//1756 1570//1756
f 1570//1757 1571//1757 1572//1757
f 1571//1758 1573//1758 1572//1758
f 1572//1758 1573//1758 1574//1758
f 1573//1759 1575//1759 1574//1759
f 1574//1759 1575//1759 1576//1759
f 1575//1760 1577//1760 1576//1760
f 1576//1761 1577//1761 1578//1761
f 1577//1762 1579//1762 1578//1762
f 1578//1762 1579//1762 1580//1762
f 1580//1763 1579//1763 116//1763
f 1579//1763 1489//1763 116//1763
f 116//1763 1489//1763 117//1763
f 1301//1763 136//1763 1489//1763
f 136//1763 135//1763 1489//1763
f 1489//1763 135//1763 117//1763
f 104//1764 114//1764 161//1764
f 136//1765 1301//1765 107//1765
f 1301//1766 1300//1766 107//1766
f 107//1767 1300//1767 109//1767
f 1300//1768 1308//1768 109//1768
f 109//1769 1308//1769 110//1769
f 1308//1770 1307//1770 110//1770
f 110//1771 1307//1771 111//1771
f 111//1772 1307//1772 113//1772
f 1307//1773 1306//1773 113//1773
f 113//1774 1306//1774 114//1774
f 1306//1775 1305//1775 114//1775
f 114//1776 1305//1776 161//1776
f 161//1777 446//1777 104//1777
f 446//1778 447//1778 104//1778
f 104//1779 447//1779 105//1779
f 447//1780 448//1780 105//1780
f 105//1781 448//1781 77//1781
f 448//1782 1197//1782 77//1782
f 77//1783 1197//1783 78//1783
f 1197//1784 1152//1784 78//1784
f 78//1785 1152//1785 79//1785
f 1152//1786 1107//1786 79//1786
f 79//1787 1107//1787 74//1787
f 1107//1788 1106//1788 74//1788
f 74//1789 1106//1789 75//1789
f 1106//1790 1203//1790 75//1790
f 75//1791 1203//1791 72//1791
f 1203//1792 1202//1792 72//1792
f 1202//1793 1222//1793 72//1793
f 72//1794 1222//1794 73//1794
f 1222//1795 1221//1795 73//1795
f 73//1796 1221//1796 99//1796
f 1221//1797 1244//1797 99//1797
f 99//1798 1244//1798 100//1798
f 1244//1799 1159//1799 100//1799
f 100//1800 1159//1800 101//1800
f 91//1801 89//1801 1158//1801
f 89//1802 88//1802 1158//1802
f 1158//1803 88//1803 1159//1803
f 88//1804 102//1804 1159//1804
f 1159//1805 102//1805 101//1805
f 1309//1806 1310//1806 98//1806
f 98//1807 97//1807 1309//1807
f 97//1808 96//1808 1309//1808
f 1309//1809 96//1809 95//1809
f 95//1810 94//1810 1309//1810
f 94//1811 93//1811 1309//1811
f 1309//1812 93//1812 1158//1812
f 93//1813 92//1813 1158//1813
f 1158//1814 92//1814 91//1814
f 84//1815 87//1815 1311//1815
f 87//1816 86//1816 1311//1816
f 1311//1817 86//1817 1310//1817
f 86//1818 85//1818 1310//1818
f 1310//1819 85//1819 98//1819
f 84//1820 1311//1820 83//1820
f 1311//1821 1313//1821 83//1821
f 83//1822 1313//1822 82//1822
f 1479//1581 1481//1581 69//1581
f 1481//1581 1483//1581 69//1581
f 1483//1581 1485//1581 69//1581
f 69//1581 1485//1581 70//1581
f 1385//1581 116//1581 1383//1581
f 116//1581 1381//1581 1383//1581
f 1521//1581 1459//1581 1461//1581
f 1473//1581 69//1581 1471//1581
f 69//1581 1469//1581 1471//1581
f 1473//1581 1475//1581 69//1581
f 1475//1581 1477//1581 69//1581
f 69//1581 1477//1581 1479//1581
f 70//1581 1485//1581 127//1581
f 1485//1581 1487//1581 127//1581
f 127//1581 1487//1581 129//1581
f 1487//1581 1373//1581 129//1581
f 129//1581 1373//1581 131//1581
f 1373//1581 1375//1581 131//1581
f 131//1581 1375//1581 115//1581
f 1375//1581 1377//1581 115//1581
f 115//1581 1377//1581 116//1581
f 1377//1581 1379//1581 116//1581
f 116//1581 1379//1581 1381//1581
f 1459//1581 1521//1581 1457//1581
f 1521//1581 1524//1581 1457//1581
f 1457//1581 1524//1581 1455//1581
f 1524//1581 1526//1581 1455//1581
f 1455//1581 1526//1581 1453//1581
f 1526//1581 1528//1581 1453//1581
f 1453//1581 1528//1581 1451//1581
f 1528//1581 1530//1581 1451//1581
f 1451//1581 1530//1581 1449//1581
f 1530//1581 1532//1581 1449//1581
f 1449//1581 1532//1581 1447//1581
f 1532//1581 1534//1581 1447//1581
f 1447//1581 1534//1581 1445//1581
f 1534//1581 1536//1581 1445//1581
f 1445//1581 1536//1581 1443//1581
f 1536//1581 1538//1581 1443//1581
f 1443//1581 1538//1581 1441//1581
f 1538//1581 1540//1581 1441//1581
f 1441//1581 1540//1581 1439//1581
f 1540//1581 1542//1581 1439//1581
f 1439//1581 1542//1581 1437//1581
f 1542//1581 1544//1581 1437//1581
f 1437//1581 1544//1581 1435//1581
f 1544//1581 1546//1581 1435//1581
f 1435//1581 1546//1581 1433//1581
f 1461//1581 1463//1581 1521//1581
f 1463//1581 1465//1581 1521//1581
f 1521//1581 1465//1581 69//1581
f 1465//1581 1467//1581 69//1581
f 69//1581 1467//1581 1469//1581
f 1385//1581 1387//1581 116//1581
f 1387//1581 1389//1581 116//1581
f 116//1581 1389//1581 1391//1581
f 1391//1581 1393//1581 116//1581
f 1393//1581 1395//1581 116//1581
f 116//1581 1395//1581 1580//1581
f 1395//1581 1397//1581 1580//1581
f 1580//1581 1397//1581 1399//1581
f 1546//1581 1548//1581 1433//1581
f 1548//1581 1550//1581 1433//1581
f 1433//1581 1550//1581 1431//1581
f 1550//1581 1552//1581 1431//1581
f 1431//1581 1552//1581 1429//1581
f 1552//1581 1554//1581 1429//1581
f 1429//1581 1554//1581 1427//1581
f 1554//1581 1556//1581 1427//1581
f 1427//1581 1556//1581 1425//1581
f 1556//1581 1558//1581 1425//1581
f 1425//1581 1558//1581 1423//1581
f 1558//1581 1560//1581 1423//1581
f 1423//1581 1560//1581 1421//1581
f 1560//1581 1562//1581 1421//1581
f 1421//1581 1562//1581 1419//1581
f 1562//1581 1564//1581 1419//1581
f 1419//1581 1564//1581 1417//1581
f 1564//1581 1566//1581 1417//1581
f 1417//1581 1566//1581 1415//1581
f 1566//1581 1568//1581 1415//1581
f 1415//1581 1568//1581 1413//1581
f 1568//1581 1570//1581 1413//1581
f 1413//1581 1570//1581 1411//1581
f 1570//1581 1572//1581 1411//1581
f 1411//1581 1572//1581 1409//1581
f 1572//1581 1574//1581 1409//1581
f 1409//1581 1574//1581 1407//1581
f 1574//1581 1576//1581 1407//1581
f 1407//1581 1576//1581 1405//1581
f 1576//1581 1578//1581 1405//1581
f 1405//1581 1578//1581 1403//1581
f 1578//1581 1580//1581 1403//1581
f 1403//1581 1580//1581 1401//1581
f 1580//1581 1399//1581 1401//1581
f 68//1827 1520//1827 69//1827
f 1520//1827 1522//1827 69//1827
f 69//1827 1522//1827 1521//1827
f 68//1827 66//1827 1520//1827
f 66//1827 58//1827 1520//1827
f 1520//1827 58//1827 60//1827
f 1633//1580 1634//1580 1522//1580
f 1634//1580 1635//1580 1522//1580
f 1584//1580 1585//1580 1579//1580
f 1626//1580 1520//1580 1625//1580
f 1520//1580 1519//1580 1625//1580
f 1625//1580 1519//1580 1624//1580
f 1519//1580 1518//1580 1624//1580
f 1624//1580 1518//1580 1623//1580
f 1518//1580 1517//1580 1623//1580
f 1623//1580 1517//1580 1622//1580
f 1517//1580 1516//1580 1622//1580
f 1622//1580 1516//1580 1621//1580
f 1516//1580 1515//1580 1621//1580
f 1621//1580 1515//1580 1620//1580
f 1515//1580 1514//1580 1620//1580
f 1620//1580 1514//1580 1619//1580
f 1514//1580 1513//1580 1619//1580
f 1619//1580 1513//1580 1618//1580
f 1513//1580 1512//1580 1618//1580
f 1618//1580 1512//1580 1617//1580
f 1512//1580 1511//1580 1617//1580
f 1617//1580 1511//1580 1616//1580
f 1511//1580 1510//1580 1616//1580
f 1616//1580 1510//1580 1615//1580
f 1510//1580 1509//1580 1615//1580
f 1615//1580 1509//1580 1614//1580
f 1509//1580 1508//1580 1614//1580
f 1614//1580 1508//1580 1613//1580
f 1508//1580 1507//1580 1613//1580
f 1613//1580 1507//1580 1612//1580
f 1630//1580 1631//1580 1522//1580
f 1631//1580 1632//1580 1522//1580
f 1522//1580 1632//1580 1633//1580
f 1585//1580 1586//1580 1579//1580
f 1586//1580 1587//1580 1579//1580
f 1579//1580 1587//1580 1588//1580
f 1588//1580 1589//1580 1579//1580
f 1589//1580 1590//1580 1579//1580
f 1579//1580 1590//1580 1591//1580
f 1635//1580 1636//1580 1522//1580
f 1636//1580 1637//1580 1522//1580
f 1522//1580 1637//1580 1638//1580
f 1563//1580 1561//1580 1577//1580
f 1594//1580 1489//1580 1593//1580
f 1489//1580 1579//1580 1593//1580
f 1593//1580 1579//1580 1592//1580
f 1579//1580 1591//1580 1592//1580
f 1626//1580 1627//1580 1520//1580
f 1627//1580 1628//1580 1520//1580
f 1520//1580 1628//1580 1522//1580
f 1628//1580 1629//1580 1522//1580
f 1522//1580 1629//1580 1630//1580
f 1583//1580 1551//1580 1582//1580
f 1551//1580 1549//1580 1582//1580
f 1543//1580 1541//1580 1582//1580
f 1541//1580 1539//1580 1582//1580
f 1582//1580 1539//1580 1537//1580
f 1561//1580 1559//1580 1577//1580
f 1559//1580 1557//1580 1577//1580
f 1577//1580 1557//1580 1555//1580
f 1549//1580 1547//1580 1582//1580
f 1547//1580 1545//1580 1582//1580
f 1582//1580 1545//1580 1543//1580
f 1537//1580 1535//1580 1582//1580
f 1535//1580 1533//1580 1582//1580
f 1582//1580 1533//1580 1531//1580
f 1531//1580 1529//1580 1582//1580
f 1529//1580 1527//1580 1582//1580
f 1582//1580 1527//1580 1525//1580
f 1575//1580 1573//1580 1567//1580
f 1573//1580 1571//1580 1567//1580
f 1567//1580 1571//1580 1569//1580
f 1575//1580 1567//1580 1577//1580
f 1567//1580 1565//1580 1577//1580
f 1577//1580 1565//1580 1563//1580
f 1555//1580 1553//1580 1577//1580
f 1553//1580 1551//1580 1577//1580
f 1577//1580 1551//1580 1579//1580
f 1551//1580 1583//1580 1579//1580
f 1579//1580 1583//1580 1584//1580
f 1525//1580 1523//1580 1582//1580
f 1523//1580 1522//1580 1582//1580
f 1582//1580 1522//1580 1639//1580
f 1522//1580 1638//1580 1639//1580
f 1507//1580 1506//1580 1612//1580
f 1506//1580 1505//1580 1612//1580
f 1612//1580 1505//1580 1611//1580
f 1505//1580 1504//1580 1611//1580
f 1611//1580 1504//1580 1610//1580
f 1504//1580 1503//1580 1610//1580
f 1610//1580 1503//1580 1609//1580
f 1503//1580 1502//1580 1609//1580
f 1609//1580 1502//1580 1608//1580
f 1502//1580 1501//1580 1608//1580
f 1608//1580 1501//1580 1607//1580
f 1501//1580 1500//1580 1607//1580
f 1607//1580 1500//1580 1606//1580
f 1500//1580 1499//1580 1606//1580
f 1606//1580 1499//1580 1605//1580
f 1499//1580 1498//1580 1605//1580
f 1605//1580 1498//1580 1604//1580
f 1498//1580 1497//1580 1604//1580
f 1604//1580 1497//1580 1603//1580
f 1497//1580 1496//1580 1603//1580
f 1603//1580 1496//1580 1602//1580
f 1496//1580 1495//1580 1602//1580
f 1602//1580 1495//1580 1601//1580
f 1495//1580 1494//1580 1601//1580
f 1601//1580 1494//1580 1600//1580
f 1494//1580 1493//1580 1600//1580
f 1600//1580 1493//1580 1599//1580
f 1493//1580 1492//1580 1599//1580
f 1599//1580 1492//1580 1598//1580
f 1492//1580 1491//1580 1598//1580
f 1598//1580 1491//1580 1597//1580
f 1491//1580 1490//1580 1597//1580
f 1597//1580 1490//1580 1596//1580
f 1490//1580 1489//1580 1596//1580
f 1596//1580 1489//1580 1595//1580
f 1489//1580 1594//1580 1595//1580
usemtl Metalic
f 1314//1580 1315//1580 1316//1580
f 1317//1580 1318//1580 1316//1580
f 1318//1580 1319//1580 1316//1580
f 1316//1580 1319//1580 1314//1580
f 1320//1580 1321//1580 1316//1580
f 1321//1580 1322//1580 1316//1580
f 1316//1580 1322//1580 1317//1580
f 1323//1580 1324//1580 1316//1580
f 1324//1580 1325//1580 1316//1580
f 1316//1580 1325//1580 1320//1580
f 1326//1580 1327//1580 1316//1580
f 1327//1580 1328//1580 1316//1580
f 1316//1580 1328//1580 1323//1580
f 1329//1580 1330//1580 1316//1580
f 1330//1580 1331//1580 1316//1580
f 1316//1580 1331//1580 1326//1580
f 1332//1580 1333//1580 1316//1580
f 1333//1580 1334//1580 1316//1580
f 1316//1580 1334//1580 1329//1580
f 1335//1580 1336//1580 1316//1580
f 1336//1580 1337//1580 1316//1580
f 1316//1580 1337//1580 1332//1580
f 1338//1580 1339//1580 1316//1580
f 1339//1580 1340//1580 1316//1580
f 1316//1580 1340//1580 1335//1580
f 1341//1580 1342//1580 1316//1580
f 1342//1580 1343//1580 1316//1580
f 1316//1580 1343//1580 1338//1580
f 1344//1580 1345//1580 1316//1580
f 1345//1580 1346//1580 1316//1580
f 1316//1580 1346//1580 1341//1580
f 1347//1580 1348//1580 1316//1580
f 1348//1580 1349//1580 1316//1580
f 1316//1580 1349//1580 1344//1580
f 1350//1580 1351//1580 1316//1580
f 1351//1580 1352//1580 1316//1580
f 1316//1580 1352//1580 1347//1580
f 1353//1580 1354//1580 1316//1580
f 1354//1580 1355//1580 1316//1580
f 1316//1580 1355//1580 1350//1580
f 1356//1580 1357//1580 1316//1580
f 1357//1580 1358//1580 1316//1580
f 1316//1580 1358//1580 1353//1580
f 1359//1580 1360//1580 1316//1580
f 1360//1580 1361//1580 1316//1580
f 1316//1580 1361//1580 1356//1580
f 1362//1580 1363//1580 1316//1580
f 1363//1580 1364//1580 1316//1580
f 1316//1580 1364//1580 1359//1580
f 1365//1580 1366//1580 1316//1580
f 1366//1580 1367//1580 1316//1580
f 1316//1580 1367//1580 1362//1580
f 1368//1580 1369//1580 1316//1580
f 1369//1580 1370//1580 1316//1580
f 1316//1580 1370//1580 1365//1580
f 1315//1580 1371//1580 1316//1580
f 1371//1580 1372//1580 1316//1580
f 1316//1580 1372//1580 1368//1580
f 1373//1582 1374//1582 1375//1582
f 1374//1583 1376//1583 1375//1583
f 1375//1583 1376//1583 1377//1583
f 1376//1584 1378//1584 1377//1584
f 1377//1585 1378//1585 1379//1585
f 1378//1586 1380//1586 1379//1586
f 1379//1586 1380//1586 1381//1586
f 1380//1587 1382//1587 1381//1587
f 1381//1587 1382//1587 1383//1587
f 1382//1588 1384//1588 1383//1588
f 1383//1588 1384//1588 1385//1588
f 1384//1589 1386//1589 1385//1589
f 1385//1589 1386//1589 1387//1589
f 1386//1590 1388//1590 1387//1590
f 1387//1590 1388//1590 1389//1590
f 1388//1591 1390//1591 1389//1591
f 1389//1591 1390//1591 1391//1591
f 1390//1592 1392//1592 1391//1592
f 1391//1592 1392//1592 1393//1592
f 1392//1593 1394//1593 1393//1593
f 1393//1593 1394//1593 1395//1593
f 1394//1594 1396//1594 1395//1594
f 1395//1594 1396//1594 1397//1594
f 1396//1595 1398//1595 1397//1595
f 1397//1595 1398//1595 1399//1595
f 1398//1596 1400//1596 1399//1596
f 1399//1596 1400//1596 1401//1596
f 1400//1597 1402//1597 1401//1597
f 1401//1597 1402//1597 1403//1597
f 1402//1598 1404//1598 1403//1598
f 1403//1598 1404//1598 1405//1598
f 1404//1599 1406//1599 1405//1599
f 1405//1599 1406//1599 1407//1599
f 1406//1600 1408//1600 1407//1600
f 1407//1600 1408//1600 1409//1600
f 1408//1601 1410//1601 1409//1601
f 1409//1601 1410//1601 1411//1601
f 1410//1602 1412//1602 1411//1602
f 1411//1602 1412//1602 1413//1602
f 1412//1603 1414//1603 1413//1603
f 1413//1603 1414//1603 1415//1603
f 1414//1604 1416//1604 1415//1604
f 1415//1604 1416//1604 1417//1604
f 1416//1605 1418//1605 1417//1605
f 1417//1606 1418//1606 1419//1606
f 1418//1607 1420//1607 1419//1607
f 1419//1607 1420//1607 1421//1607
f 1420//1608 1422//1608 1421//1608
f 1421//1608 1422//1608 1423//1608
f 1422//1609 1424//1609 1423//1609
f 1423//1609 1424//1609 1425//1609
f 1424//1610 1426//1610 1425//1610
f 1425//1611 1426//1611 1427//1611
f 1426//1612 1428//1612 1427//1612
f 1427//1612 1428//1612 1429//1612
f 1428//1613 1430//1613 1429//1613
f 1429//1613 1430//1613 1431//1613
f 1430//1614 1432//1614 1431//1614
f 1431//1614 1432//1614 1433//1614
f 1432//1615 1434//1615 1433//1615
f 1433//1615 1434//1615 1435//1615
f 1434//1616 1436//1616 1435//1616
f 1435//1617 1436//1617 1437//1617
f 1436//1618 1438//1618 1437//1618
f 1437//1618 1438//1618 1439//1618
f 1438//1619 1440//1619 1439//1619
f 1439//1619 1440//1619 1441//1619
f 1440//1620 1442//1620 1441//1620
f 1441//1620 1442//1620 1443//1620
f 1442//1621 1444//1621 1443//1621
f 1443//1622 1444//1622 1445//1622
f 1444//1623 1446//1623 1445//1623
f 1445//1623 1446//1623 1447//1623
f 1446//1624 1448//1624 1447//1624
f 1447//1624 1448//1624 1449//1624
f 1448//1625 1450//1625 1449//1625
f 1449//1625 1450//1625 1451//1625
f 1450//1626 1452//1626 1451//1626
f 1451//1626 1452//1626 1453//1626
f 1452//1627 1454//1627 1453//1627
f 1453//1627 1454//1627 1455//1627
f 1454//1628 1456//1628 1455//1628
f 1455//1628 1456//1628 1457//1628
f 1456//1629 1458//1629 1457//1629
f 1457//1629 1458//1629 1459//1629
f 1458//1630 1460//1630 1459//1630
f 1459//1630 1460//1630 1461//1630
f 1460//1631 1462//1631 1461//1631
f 1461//1631 1462//1631 1463//1631
f 1462//1632 1464//1632 1463//1632
f 1463//1632 1464//1632 1465//1632
f 1464//1633 1466//1633 1465//1633
f 1465//1633 1466//1633 1467//1633
f 1466//1634 1468//1634 1467//1634
f 1467//1634 1468//1634 1469//1634
f 1468//1635 1470//1635 1469//1635
f 1469//1635 1470//1635 1471//1635
f 1470//1636 1472//1636 1471//1636
f 1471//1636 1472//1636 1473//1636
f 1472//1637 1474//1637 1473//1637
f 1473//1637 1474//1637 1475//1637
f 1474//1638 1476//1638 1475//1638
f 1475//1638 1476//1638 1477//1638
f 1476//1639 1478//1639 1477//1639
f 1477//1639 1478//1639 1479//1639
f 1478//1640 1480//1640 1479//1640
f 1479//1640 1480//1640 1481//1640
f 1480//1641 1482//1641 1481//1641
f 1481//1641 1482//1641 1483//1641
f 1482//1642 1484//1642 1483//1642
f 1483//1643 1484//1643 1485//1643
f 1484//1644 1486//1644 1485//1644
f 1485//1644 1486//1644 1487//1644
f 1486//1645 1488//1645 1487//1645
f 1487//1646 1488//1646 1373//1646
f 1488//1647 1374//1647 1373//1647
f 1430//1581 1428//1581 1581//1581
f 1436//1581 1434//1581 1581//1581
f 1434//1581 1432//1581 1581//1581
f 1581//1581 1432//1581 1430//1581
f 1442//1581 1440//1581 1581//1581
f 1440//1581 1438//1581 1581//1581
f 1581//1581 1438//1581 1436//1581
f 1448//1581 1446//1581 1581//1581
f 1446//1581 1444//1581 1581//1581
f 1581//1581 1444//1581 1442//1581
f 1454//1581 1452//1581 1581//1581
f 1452//1581 1450//1581 1581//1581
f 1581//1581 1450//1581 1448//1581
f 1460//1581 1458//1581 1581//1581
f 1458//1581 1456//1581 1581//1581
f 1581//1581 1456//1581 1454//1581
f 1466//1581 1464//1581 1581//1581
f 1464//1581 1462//1581 1581//1581
f 1581//1581 1462//1581 1460//1581
f 1472//1581 1470//1581 1581//1581
f 1470//1581 1468//1581 1581//1581
f 1581//1581 1468//1581 1466//1581
f 1478//1581 1476//1581 1581//1581
f 1476//1581 1474//1581 1581//1581
f 1581//1581 1474//1581 1472//1581
f 1484//1581 1482//1581 1581//1581
f 1482//1581 1480//1581 1581//1581
f 1581//1581 1480//1581 1478//1581
f 1374//1581 1488//1581 1581//1581
f 1488//1581 1486//1581 1581//1581
f 1581//1581 1486//1581 1484//1581
f 1380//1581 1378//1581 1581//1581
f 1378//1581 1376//1581 1581//1581
f 1581//1581 1376//1581 1374//1581
f 1386//1581 1384//1581 1581//1581
f 1384//1581 1382//1581 1581//1581
f 1581//1581 1382//1581 1380//1581
f 1392//1581 1390//1581 1581//1581
f 1390//1581 1388//1581 1581//1581
f 1581//1581 1388//1581 1386//1581
f 1398//1581 1396//1581 1581//1581
f 1396//1581 1394//1581 1581//1581
f 1581//1581 1394//1581 1392//1581
f 1404//1581 1402//1581 1581//1581
f 1402//1581 1400//1581 1581//1581
f 1581//1581 1400//1581 1398//1581
f 1410//1581 1408//1581 1581//1581
f 1408//1581 1406//1581 1581//1581
f 1581//1581 1406//1581 1404//1581
f 1416//1581 1414//1581 1581//1581
f 1414//1581 1412//1581 1581//1581
f 1581//1581 1412//1581 1410//1581
f 1422//1581 1420//1581 1581//1581
f 1420//1581 1418//1581 1581//1581
f 1581//1581 1418//1581 1416//1581
f 1428//1581 1426//1581 1581//1581
f 1426//1581 1424//1581 1581//1581
f 1581//1581 1424//1581 1422//1581
f 1582//1613 1319//1613 1583//1613
f 1319//1612 1318//1612 1583//1612
f 1583//1612 1318//1612 1584//1612
f 1318//1610 1317//1610 1584//1610
f 1584//1823 1317//1823 1585//1823
f 1317//1609 1322//1609 1585//1609
f 1585//1609 1322//1609 1586//1609
f 1322//1608 1321//1608 1586//1608
f 1586//1608 1321//1608 1587//1608
f 1321//1607 1320//1607 1587//1607
f 1587//1607 1320//1607 1588//1607
f 1320//1606 1325//1606 1588//1606
f 1588//1606 1325//1606 1589//1606
f 1325//1604 1324//1604 1589//1604
f 1589//1604 1324//1604 1590//1604
f 1324//1603 1323//1603 1590//1603
f 1590//1603 1323//1603 1591//1603
f 1323//1602 1328//1602 1591//1602
f 1591//1602 1328//1602 1592//1602
f 1328//1601 1327//1601 1592//1601
f 1592//1601 1327//1601 1593//1601
f 1327//1600 1326//1600 1593//1600
f 1593//1600 1326//1600 1594//1600
f 1326//1599 1331//1599 1594//1599
f 1594//1599 1331//1599 1595//1599
f 1331//1598 1330//1598 1595//1598
f 1595//1598 1330//1598 1596//1598
f 1330//1597 1329//1597 1596//1597
f 1596//1597 1329//1597 1597//1597
f 1329//1596 1334//1596 1597//1596
f 1597//1596 1334//1596 1598//1596
f 1334//1595 1333//1595 1598//1595
f 1598//1595 1333//1595 1599//1595
f 1333//1594 1332//1594 1599//1594
f 1599//1594 1332//1594 1600//1594
f 1332//1593 1337//1593 1600//1593
f 1600//1593 1337//1593 1601//1593
f 1337//1592 1336//1592 1601//1592
f 1601//1592 1336//1592 1602//1592
f 1336//1591 1335//1591 1602//1591
f 1602//1591 1335//1591 1603//1591
f 1335//1590 1340//1590 1603//1590
f 1603//1590 1340//1590 1604//1590
f 1340//1589 1339//1589 1604//1589
f 1604//1589 1339//1589 1605//1589
f 1339//1588 1338//1588 1605//1588
f 1605//1588 1338//1588 1606//1588
f 1338//1587 1343//1587 1606//1587
f 1606//1587 1343//1587 1607//1587
f 1343//1586 1342//1586 1607//1586
f 1607//1586 1342//1586 1608//1586
f 1342//1824 1341//1824 1608//1824
f 1608//1585 1341//1585 1609//1585
f 1341//1583 1346//1583 1609//1583
f 1609//1583 1346//1583 1610//1583
f 1346//1582 1345//1582 1610//1582
f 1610//1582 1345//1582 1611//1582
f 1345//1645 1344//1645 1611//1645
f 1611//1645 1344//1645 1612//1645
f 1344//1644 1349//1644 1612//1644
f 1612//1644 1349//1644 1613//1644
f 1349//1642 1348//1642 1613//1642
f 1613//1825 1348//1825 1614//1825
f 1348//1641 1347//1641 1614//1641
f 1614//1641 1347//1641 1615//1641
f 1347//1640 1352//1640 1615//1640
f 1615//1640 1352//1640 1616//1640
f 1352//1639 1351//1639 1616//1639
f 1616//1639 1351//1639 1617//1639
f 1351//1638 1350//1638 1617//1638
f 1617//1638 1350//1638 1618//1638
f 1350//1637 1355//1637 1618//1637
f 1618//1637 1355//1637 1619//1637
f 1355//1636 1354//1636 1619//1636
f 1619//1636 1354//1636 1620//1636
f 1354//1635 1353//1635 1620//1635
f 1620//1635 1353//1635 1621//1635
f 1353//1634 1358//1634 1621//1634
f 1621//1634 1358//1634 1622//1634
f 1358//1633 1357//1633 1622//1633
f 1622//1633 1357//1633 1623//1633
f 1357//1632 1356//1632 1623//1632
f 1623//1632 1356//1632 1624//1632
f 1356//1631 1361//1631 1624//1631
f 1624//1631 1361//1631 1625//1631
f 1361//1630 1360//1630 1625//1630
f 1625//1630 1360//1630 1626//1630
f 1360//1629 1359//1629 1626//1629
f 1626//1629 1359//1629 1627//1629
f 1359//1628 1364//1628 1627//1628
f 1627//1628 1364//1628 1628//1628
f 1364//1627 1363//1627 1628//1627
f 1628//1627 1363//1627 1629//1627
f 1363//1626 1362//1626 1629//1626
f 1629//1626 1362//1626 1630//1626
f 1362//1625 1367//1625 1630//1625
f 1630//1625 1367//1625 1631//1625
f 1367//1624 1366//1624 1631//1624
f 1631//1624 1366//1624 1632//1624
f 1366//1623 1365//1623 1632//1623
f 1632//1623 1365//1623 1633//1623
f 1365//1621 1370//1621 1633//1621
f 1633//1621 1370//1621 1634//1621
f 1370//1620 1369//1620 1634//1620
f 1634//1620 1369//1620 1635//1620
f 1369//1619 1368//1619 1635//1619
f 1635//1619 1368//1619 1636//1619
f 1368//1618 1372//1618 1636//1618
f 1636//1618 1372//1618 1637//1618
f 1372//1826 1371//1826 1637//1826
f 1637//1617 1371//1617 1638//1617
f 1371//1615 1315//1615 1638//1615
f 1638//1615 1315//1615 1639//1615
f 1315//1614 1314//1614 1639//1614
f 1639//1614 1314//1614 1582//1614
f 1314//1613 1319//1613 1582//1613
