# Blender 4.3.2
# www.blender.org
mtllib paddle.mtl
o paddle
v 0.081276 0.019041 -0.010987
v 0.081018 0.019041 -0.010955
v 0.081017 0.107343 -0.010955
v 0.081157 0.107322 -0.010975
v 0.081275 0.107310 -0.010987
v 0.081711 0.019041 -0.011000
v 0.081354 0.107305 -0.010992
v 0.081711 0.107297 -0.011000
v 0.080985 0.019041 -0.010949
v 0.080768 0.107399 -0.010899
v 0.080964 0.107353 -0.010945
v 0.080776 0.019041 -0.010901
v 0.080553 0.019041 -0.010829
v 0.080580 0.107459 -0.010839
v 0.080352 0.019041 -0.010741
v 0.080174 0.019041 -0.010642
v 0.080173 0.107655 -0.010642
v 0.080235 0.107618 -0.010679
v 0.080351 0.107556 -0.010741
v 0.080401 0.107532 -0.010765
v 0.080016 0.019041 -0.010533
v 0.079873 0.019041 -0.010411
v 0.079872 0.107887 -0.010410
v 0.079936 0.107829 -0.010468
v 0.080015 0.107765 -0.010532
v 0.080080 0.107717 -0.010580
v 0.079743 0.019041 -0.010275
v 0.079630 0.019041 -0.010130
v 0.079629 0.108168 -0.010129
v 0.079684 0.108094 -0.010204
v 0.079742 0.108023 -0.010275
v 0.079814 0.107945 -0.010353
v 0.079429 0.108525 -0.009773
v 0.079447 0.108484 -0.009813
v 0.079525 0.019041 -0.009963
v 0.079524 0.108335 -0.009963
v 0.079562 0.108271 -0.010027
v 0.079430 0.019041 -0.009773
v 0.079347 0.019041 -0.009559
v 0.079344 0.108748 -0.009549
v 0.079282 0.108974 -0.009324
v 0.079322 0.019041 -0.009477
v 0.079282 0.019041 -0.009323
v 0.079258 0.109095 -0.009202
v 0.079238 0.109228 -0.009069
v 0.079262 0.019041 -0.009225
v 0.079237 0.019041 -0.009068
v 0.079216 0.109507 -0.008790
v 0.079227 0.019041 -0.008977
v 0.079214 0.019041 -0.008762
v 0.079211 0.019041 -0.008500
v 0.079211 0.109797 -0.008500
v 0.079233 0.018276 -0.008977
v 0.081730 0.017931 -0.011000
v 0.082182 0.014730 -0.010993
v 0.082598 0.014712 -0.011000
v 0.082854 0.014314 -0.011000
v 0.083770 0.010479 -0.008736
v 0.083776 0.010492 -0.008977
v 0.084235 0.010300 -0.008977
v 0.084834 0.010554 -0.010180
v 0.085280 0.010423 -0.010180
v 0.085261 0.010350 -0.010073
v 0.086172 0.010232 -0.010180
v 0.086572 0.009827 -0.009477
v 0.087017 0.009782 -0.009477
v 0.087012 0.009723 -0.009225
v 0.088626 0.009628 -0.008762
v 0.088626 0.009625 -0.008500
v 0.087861 0.009631 -0.008500
v 0.079341 0.017864 -0.009477
v 0.079327 0.018278 -0.009477
v 0.079367 0.018279 -0.009601
v 0.079412 0.016989 -0.009477
v 0.079367 0.017433 -0.009477
v 0.079407 0.017436 -0.009601
v 0.081212 0.017580 -0.010977
v 0.081395 0.017594 -0.010993
v 0.081483 0.016864 -0.010993
v 0.081302 0.016834 -0.010977
v 0.081118 0.016804 -0.010949
v 0.081026 0.017565 -0.010949
v 0.081462 0.016087 -0.010977
v 0.081281 0.016039 -0.010949
v 0.079778 0.015137 -0.009351
v 0.079753 0.015129 -0.009225
v 0.079616 0.015596 -0.009225
v 0.081700 0.015351 -0.010977
v 0.081525 0.015284 -0.010949
v 0.082020 0.014644 -0.010977
v 0.081855 0.014557 -0.010949
v 0.081079 0.013600 -0.010375
v 0.080839 0.014020 -0.010375
v 0.080922 0.014064 -0.010463
v 0.082437 0.013972 -0.010977
v 0.082285 0.013862 -0.010949
v 0.081189 0.012391 -0.008736
v 0.081216 0.012356 -0.008500
v 0.080790 0.012903 -0.008500
v 0.081704 0.011844 -0.008500
v 0.081564 0.011980 -0.008500
v 0.081566 0.011981 -0.008736
v 0.082072 0.011717 -0.009601
v 0.082102 0.011753 -0.009724
v 0.082524 0.011422 -0.009724
v 0.083430 0.010924 -0.009845
v 0.083405 0.010876 -0.009724
v 0.082961 0.011130 -0.009724
v 0.084230 0.010287 -0.008736
v 0.084699 0.010136 -0.008977
v 0.084772 0.010360 -0.009845
v 0.084320 0.010520 -0.009845
v 0.084342 0.010577 -0.009961
v 0.087164 0.011627 -0.010977
v 0.087149 0.011441 -0.010949
v 0.086386 0.011533 -0.010949
v 0.087446 0.009695 -0.009225
v 0.087881 0.010558 -0.010619
v 0.087879 0.010451 -0.010544
v 0.087074 0.010489 -0.010544
v 0.087877 0.010350 -0.010463
v 0.087875 0.010256 -0.010375
v 0.087058 0.010295 -0.010375
v 0.088626 0.009652 -0.009068
v 0.088626 0.009642 -0.008977
v 0.087861 0.009647 -0.008977
v 0.088626 0.010968 -0.010829
v 0.088626 0.010767 -0.010741
v 0.087886 0.010786 -0.010748
v 0.087033 0.009984 -0.009961
v 0.087869 0.010012 -0.010073
v 0.087868 0.009944 -0.009961
v 0.088626 0.010045 -0.010130
v 0.088626 0.009940 -0.009963
v 0.087066 0.010389 -0.010463
v 0.087179 0.011809 -0.010993
v 0.086416 0.011717 -0.010977
v 0.085202 0.010128 -0.009601
v 0.086131 0.009977 -0.009724
v 0.086123 0.009931 -0.009601
v 0.087024 0.009869 -0.009724
v 0.087020 0.009822 -0.009601
v 0.086200 0.010399 -0.010375
v 0.086215 0.010492 -0.010463
v 0.085324 0.010586 -0.010375
v 0.085348 0.010677 -0.010463
v 0.084454 0.010868 -0.010375
v 0.084488 0.010956 -0.010463
v 0.087082 0.010596 -0.010619
v 0.086231 0.010591 -0.010544
v 0.086249 0.010696 -0.010619
v 0.085374 0.010775 -0.010544
v 0.085402 0.010878 -0.010619
v 0.084524 0.011050 -0.010544
v 0.084562 0.011150 -0.010619
v 0.087051 0.010207 -0.010281
v 0.086185 0.010312 -0.010281
v 0.085301 0.010501 -0.010281
v 0.084422 0.010786 -0.010281
v 0.085655 0.009978 -0.009477
v 0.085191 0.010089 -0.009477
v 0.084741 0.010264 -0.009601
v 0.084728 0.010226 -0.009477
v 0.084283 0.010426 -0.009601
v 0.084269 0.010388 -0.009477
v 0.084300 0.010470 -0.009724
v 0.084755 0.010309 -0.009724
v 0.085214 0.010173 -0.009724
v 0.085620 0.011697 -0.010949
v 0.085668 0.011877 -0.010977
v 0.084867 0.011941 -0.010949
v 0.084934 0.012115 -0.010977
v 0.084142 0.012270 -0.010949
v 0.084229 0.012435 -0.010977
v 0.086446 0.011898 -0.010993
v 0.085715 0.012054 -0.010993
v 0.085000 0.012286 -0.010993
v 0.084315 0.012597 -0.010993
v 0.083790 0.010524 -0.009225
v 0.083563 0.010631 -0.009225
v 0.083589 0.010684 -0.009477
v 0.083364 0.010799 -0.009477
v 0.083383 0.010835 -0.009601
v 0.082951 0.012013 -0.010619
v 0.083745 0.011521 -0.010619
v 0.083288 0.011660 -0.010544
v 0.083696 0.011426 -0.010544
v 0.083648 0.011337 -0.010463
v 0.082936 0.011090 -0.009601
v 0.082497 0.011384 -0.009601
v 0.083139 0.010923 -0.009477
v 0.083336 0.010746 -0.009225
v 0.083109 0.010871 -0.009225
v 0.083092 0.010841 -0.008977
v 0.082883 0.011005 -0.009225
v 0.082865 0.010976 -0.008977
v 0.082660 0.011149 -0.009225
v 0.082640 0.011120 -0.008977
v 0.082438 0.011303 -0.009225
v 0.082473 0.011351 -0.009477
v 0.082693 0.011199 -0.009477
v 0.082915 0.011056 -0.009477
v 0.082858 0.010964 -0.008736
v 0.082410 0.011264 -0.008736
v 0.082418 0.011275 -0.008977
v 0.081704 0.012120 -0.009724
v 0.081671 0.012086 -0.009601
v 0.081841 0.011868 -0.009477
v 0.082046 0.011686 -0.009477
v 0.082007 0.011641 -0.009225
v 0.082989 0.011176 -0.009845
v 0.082556 0.011466 -0.009845
v 0.082137 0.011794 -0.009845
v 0.081743 0.012158 -0.009845
v 0.082199 0.011440 -0.008977
v 0.082220 0.011467 -0.009225
v 0.082257 0.011514 -0.009477
v 0.081974 0.011602 -0.008500
v 0.082819 0.013234 -0.010949
v 0.082951 0.013366 -0.010977
v 0.083081 0.013496 -0.010993
v 0.081979 0.013062 -0.010687
v 0.081784 0.013500 -0.010748
v 0.082299 0.012714 -0.010687
v 0.082381 0.012797 -0.010748
v 0.082647 0.012394 -0.010687
v 0.083085 0.012198 -0.010748
v 0.083017 0.012104 -0.010687
v 0.083852 0.011723 -0.010748
v 0.083798 0.011620 -0.010687
v 0.084644 0.011363 -0.010748
v 0.084602 0.011254 -0.010687
v 0.085460 0.011099 -0.010748
v 0.085430 0.010986 -0.010687
v 0.086286 0.010922 -0.010748
v 0.086267 0.010807 -0.010687
v 0.087100 0.010823 -0.010748
v 0.087091 0.010707 -0.010687
v 0.087884 0.010670 -0.010687
v 0.088626 0.010589 -0.010642
v 0.081985 0.011615 -0.008977
v 0.081777 0.011799 -0.008977
v 0.081800 0.011824 -0.009225
v 0.081600 0.012016 -0.009225
v 0.081643 0.012058 -0.009477
v 0.081453 0.012256 -0.009477
v 0.081302 0.012487 -0.009601
v 0.081379 0.012552 -0.009845
v 0.081338 0.012517 -0.009724
v 0.080937 0.012888 -0.009477
v 0.081052 0.012635 -0.009225
v 0.080888 0.012853 -0.009225
v 0.081025 0.012614 -0.008977
v 0.080861 0.012833 -0.008977
v 0.080849 0.012824 -0.008736
v 0.081200 0.012400 -0.008977
v 0.080547 0.013271 -0.008500
v 0.082585 0.014079 -0.010993
v 0.083604 0.011254 -0.010375
v 0.083185 0.011494 -0.010375
v 0.083235 0.011574 -0.010463
v 0.082830 0.011845 -0.010463
v 0.082889 0.011926 -0.010544
v 0.082440 0.012150 -0.010463
v 0.082505 0.012227 -0.010544
v 0.082073 0.012488 -0.010463
v 0.082144 0.012559 -0.010544
v 0.081735 0.012855 -0.010463
v 0.081812 0.012920 -0.010544
v 0.081430 0.013244 -0.010463
v 0.081512 0.013303 -0.010544
v 0.081245 0.013702 -0.010544
v 0.081106 0.014161 -0.010619
v 0.080420 0.013798 -0.009601
v 0.080676 0.013351 -0.009601
v 0.080642 0.013330 -0.009477
v 0.080461 0.013820 -0.009724
v 0.080509 0.013845 -0.009845
v 0.080762 0.013404 -0.009845
v 0.080716 0.013375 -0.009724
v 0.081051 0.012971 -0.009845
v 0.081008 0.012939 -0.009724
v 0.080541 0.014905 -0.010463
v 0.080199 0.014248 -0.009601
v 0.080969 0.012911 -0.009601
v 0.079848 0.015160 -0.009601
v 0.080010 0.014701 -0.009601
v 0.079973 0.014687 -0.009477
v 0.080064 0.014458 -0.009477
v 0.079942 0.014675 -0.009351
v 0.080009 0.014435 -0.009225
v 0.079917 0.014665 -0.009225
v 0.080591 0.013298 -0.009225
v 0.080561 0.013280 -0.008977
v 0.080456 0.013524 -0.009225
v 0.080426 0.013507 -0.008977
v 0.080331 0.013751 -0.009225
v 0.080301 0.013735 -0.008977
v 0.080216 0.013979 -0.009225
v 0.080077 0.014192 -0.008977
v 0.080242 0.014267 -0.009724
v 0.080163 0.014231 -0.009477
v 0.080108 0.014207 -0.009225
v 0.079724 0.015053 -0.008500
v 0.079871 0.014648 -0.008736
v 0.080064 0.014186 -0.008736
v 0.080035 0.014247 -0.008500
v 0.080288 0.013729 -0.008736
v 0.080394 0.013530 -0.008500
v 0.080549 0.013273 -0.008736
v 0.081871 0.015417 -0.010993
v 0.079582 0.015587 -0.008977
v 0.079720 0.015118 -0.008977
v 0.079885 0.014653 -0.008977
v 0.079712 0.015621 -0.009601
v 0.079673 0.015611 -0.009477
v 0.079562 0.016075 -0.009477
v 0.079530 0.016068 -0.009351
v 0.079443 0.016530 -0.009351
v 0.079417 0.016526 -0.009225
v 0.079352 0.016982 -0.009225
v 0.079515 0.016542 -0.009601
v 0.079476 0.016535 -0.009477
v 0.079562 0.016549 -0.009724
v 0.079758 0.015634 -0.009724
v 0.079810 0.015647 -0.009845
v 0.079893 0.015174 -0.009724
v 0.079944 0.015191 -0.009845
v 0.080054 0.014718 -0.009724
v 0.080104 0.014737 -0.009845
v 0.080291 0.014289 -0.009845
v 0.080347 0.014315 -0.009961
v 0.080563 0.013874 -0.009961
v 0.081361 0.018322 -0.010993
v 0.081177 0.018318 -0.010977
v 0.080991 0.018314 -0.010949
v 0.081689 0.013431 -0.010687
v 0.081205 0.014213 -0.010687
v 0.081308 0.014268 -0.010748
v 0.080839 0.015020 -0.010687
v 0.080948 0.015062 -0.010748
v 0.080570 0.015850 -0.010687
v 0.080683 0.015880 -0.010748
v 0.080392 0.016685 -0.010687
v 0.080507 0.016704 -0.010748
v 0.080293 0.017507 -0.010687
v 0.080409 0.017516 -0.010748
v 0.080255 0.018298 -0.010687
v 0.080372 0.018301 -0.010748
v 0.087889 0.010906 -0.010802
v 0.087891 0.011029 -0.010849
v 0.087110 0.010943 -0.010802
v 0.087119 0.011066 -0.010849
v 0.086305 0.011041 -0.010802
v 0.086325 0.011162 -0.010849
v 0.085491 0.011215 -0.010802
v 0.085523 0.011334 -0.010849
v 0.084688 0.011475 -0.010802
v 0.084732 0.011590 -0.010849
v 0.083909 0.011829 -0.010802
v 0.083966 0.011938 -0.010849
v 0.083156 0.012296 -0.010802
v 0.083228 0.012395 -0.010849
v 0.082466 0.012882 -0.010802
v 0.082553 0.012969 -0.010849
v 0.081881 0.013570 -0.010802
v 0.081981 0.013642 -0.010849
v 0.081414 0.014324 -0.010802
v 0.081523 0.014381 -0.010849
v 0.081060 0.015105 -0.010802
v 0.081175 0.015149 -0.010849
v 0.080799 0.015911 -0.010802
v 0.080918 0.015942 -0.010849
v 0.080625 0.016723 -0.010802
v 0.080747 0.016743 -0.010849
v 0.080529 0.017526 -0.010802
v 0.080651 0.017535 -0.010849
v 0.080492 0.018304 -0.010802
v 0.080615 0.018306 -0.010849
v 0.082774 0.011768 -0.010375
v 0.082379 0.012078 -0.010375
v 0.082006 0.012422 -0.010375
v 0.081663 0.012794 -0.010375
v 0.081354 0.013189 -0.010375
v 0.081159 0.013649 -0.010463
v 0.081011 0.014111 -0.010544
v 0.080635 0.014941 -0.010544
v 0.080734 0.014980 -0.010619
v 0.080359 0.015794 -0.010544
v 0.080462 0.015821 -0.010619
v 0.080176 0.016650 -0.010544
v 0.080281 0.016667 -0.010619
v 0.080075 0.017489 -0.010544
v 0.080181 0.017498 -0.010619
v 0.080036 0.018294 -0.010544
v 0.080143 0.018296 -0.010619
v 0.080262 0.015768 -0.010463
v 0.080077 0.016634 -0.010463
v 0.079974 0.017481 -0.010463
v 0.079936 0.018291 -0.010463
v 0.079793 0.017467 -0.010281
v 0.079672 0.018286 -0.010180
v 0.079753 0.018288 -0.010281
v 0.079597 0.018284 -0.010073
v 0.079711 0.017461 -0.010180
v 0.079897 0.016604 -0.010281
v 0.079267 0.018277 -0.009225
v 0.079246 0.017860 -0.008977
v 0.079281 0.017861 -0.009225
v 0.079274 0.017426 -0.008977
v 0.079308 0.017429 -0.009225
v 0.079318 0.016978 -0.008977
v 0.079383 0.016520 -0.008977
v 0.087295 0.012157 -0.011000
v 0.088626 0.012125 -0.011000
v 0.087908 0.011775 -0.010993
v 0.088626 0.011690 -0.010987
v 0.087904 0.011592 -0.010977
v 0.088626 0.011432 -0.010955
v 0.087900 0.011405 -0.010949
v 0.088626 0.011400 -0.010949
v 0.087865 0.009829 -0.009724
v 0.087864 0.009782 -0.009601
v 0.087449 0.009755 -0.009477
v 0.087863 0.009741 -0.009477
v 0.087862 0.009682 -0.009225
v 0.088626 0.009696 -0.009323
v 0.088626 0.009676 -0.009225
v 0.088626 0.010158 -0.010275
v 0.087871 0.010087 -0.010180
v 0.087039 0.010052 -0.010073
v 0.086149 0.010091 -0.009961
v 0.086116 0.009891 -0.009477
v 0.088626 0.010287 -0.010411
v 0.087873 0.010168 -0.010281
v 0.087045 0.010126 -0.010180
v 0.086160 0.010158 -0.010073
v 0.085243 0.010285 -0.009961
v 0.084791 0.010418 -0.009961
v 0.085228 0.010226 -0.009845
v 0.086139 0.010031 -0.009845
v 0.087028 0.009923 -0.009845
v 0.087867 0.009883 -0.009845
v 0.088626 0.009844 -0.009773
v 0.084027 0.011047 -0.010375
v 0.088626 0.009762 -0.009559
v 0.088626 0.009736 -0.009477
v 0.087445 0.009661 -0.008977
v 0.087444 0.009645 -0.008500
v 0.087010 0.009688 -0.008977
v 0.086987 0.009673 -0.008500
v 0.086561 0.009733 -0.008977
v 0.086559 0.009716 -0.008500
v 0.086101 0.009798 -0.008977
v 0.086015 0.009796 -0.008500
v 0.085635 0.009886 -0.008977
v 0.085632 0.009870 -0.008500
v 0.085167 0.009998 -0.008977
v 0.085105 0.009998 -0.008500
v 0.084694 0.010120 -0.008500
v 0.084266 0.010271 -0.008500
v 0.083510 0.010600 -0.008500
v 0.086482 0.012252 -0.011000
v 0.085793 0.012402 -0.011000
v 0.085166 0.012603 -0.011000
v 0.084628 0.012836 -0.011000
v 0.084163 0.013094 -0.011000
v 0.081598 0.013366 -0.010619
v 0.081893 0.012989 -0.010619
v 0.082220 0.012635 -0.010619
v 0.082574 0.012308 -0.010619
v 0.083991 0.010967 -0.010281
v 0.084393 0.010710 -0.010180
v 0.084811 0.010483 -0.010073
v 0.086565 0.009767 -0.009225
v 0.086107 0.009832 -0.009225
v 0.086111 0.009858 -0.009351
v 0.085643 0.009920 -0.009225
v 0.085648 0.009946 -0.009351
v 0.085176 0.010032 -0.009225
v 0.085183 0.010057 -0.009351
v 0.084710 0.010169 -0.009225
v 0.084718 0.010194 -0.009351
v 0.084247 0.010333 -0.009225
v 0.084257 0.010357 -0.009351
v 0.084018 0.010425 -0.009225
v 0.084041 0.010480 -0.009477
v 0.083815 0.010578 -0.009477
v 0.083831 0.010615 -0.009601
v 0.083775 0.013361 -0.011000
v 0.083665 0.013000 -0.010993
v 0.083557 0.012851 -0.010977
v 0.083448 0.012700 -0.010949
v 0.083320 0.010716 -0.008977
v 0.083313 0.010703 -0.008736
v 0.083441 0.013642 -0.011000
v 0.081271 0.012461 -0.009477
v 0.081409 0.012215 -0.009225
v 0.081576 0.011991 -0.008977
v 0.081976 0.011604 -0.008736
v 0.081099 0.012672 -0.009477
v 0.081226 0.012422 -0.009225
v 0.081383 0.012192 -0.008977
v 0.083132 0.013961 -0.011000
v 0.084366 0.010641 -0.010073
v 0.083957 0.010893 -0.010180
v 0.083563 0.011176 -0.010281
v 0.083139 0.011419 -0.010281
v 0.082723 0.011697 -0.010281
v 0.082322 0.012011 -0.010281
v 0.081944 0.012359 -0.010281
v 0.081596 0.012737 -0.010281
v 0.081282 0.013138 -0.010281
v 0.081004 0.013554 -0.010281
v 0.080761 0.013979 -0.010281
v 0.080631 0.014443 -0.010375
v 0.080814 0.013436 -0.009961
v 0.081101 0.013006 -0.009961
v 0.081426 0.012592 -0.009961
v 0.081786 0.012201 -0.009961
v 0.082177 0.011841 -0.009961
v 0.082592 0.011515 -0.009961
v 0.083021 0.011228 -0.009961
v 0.083458 0.010978 -0.009961
v 0.080706 0.013055 -0.008977
v 0.080735 0.013074 -0.009225
v 0.080784 0.013107 -0.009477
v 0.079841 0.018289 -0.010375
v 0.079880 0.017474 -0.010375
v 0.079983 0.016618 -0.010375
v 0.080170 0.015743 -0.010375
v 0.080453 0.014871 -0.010375
v 0.080551 0.014407 -0.010281
v 0.080689 0.013941 -0.010180
v 0.080935 0.013511 -0.010180
v 0.081217 0.013090 -0.010180
v 0.081534 0.012684 -0.010180
v 0.081887 0.012302 -0.010180
v 0.082269 0.011949 -0.010180
v 0.082675 0.011631 -0.010180
v 0.083096 0.011350 -0.010180
v 0.083525 0.011104 -0.010180
v 0.083926 0.010824 -0.010073
v 0.080508 0.013554 -0.009477
v 0.080384 0.013779 -0.009477
v 0.080269 0.014005 -0.009477
v 0.081639 0.016134 -0.010993
v 0.082140 0.015716 -0.011000
v 0.082358 0.015177 -0.011000
v 0.079454 0.017440 -0.009724
v 0.079615 0.016558 -0.009845
v 0.079869 0.015663 -0.009961
v 0.080002 0.015210 -0.009961
v 0.080162 0.014759 -0.009961
v 0.079454 0.016052 -0.008500
v 0.079470 0.016055 -0.008977
v 0.079504 0.016062 -0.009225
v 0.079641 0.015603 -0.009351
v 0.079810 0.015147 -0.009477
v 0.082839 0.010973 -0.008500
v 0.082243 0.011385 -0.008500
v 0.079704 0.015113 -0.008500
v 0.079566 0.015583 -0.008500
v 0.079479 0.015940 -0.008500
v 0.088626 0.011190 -0.010901
v 0.087894 0.011154 -0.010889
v 0.087129 0.011190 -0.010889
v 0.086345 0.011285 -0.010889
v 0.085555 0.011454 -0.010889
v 0.084777 0.011707 -0.010889
v 0.084024 0.012048 -0.010889
v 0.083301 0.012496 -0.010889
v 0.082642 0.013057 -0.010889
v 0.082082 0.013715 -0.010889
v 0.081633 0.014440 -0.010889
v 0.081291 0.015194 -0.010889
v 0.081039 0.015974 -0.010889
v 0.080870 0.016763 -0.010889
v 0.080776 0.017545 -0.010889
v 0.079414 0.018280 -0.009724
v 0.079508 0.017444 -0.009845
v 0.079676 0.016568 -0.009961
v 0.079935 0.015681 -0.010073
v 0.080067 0.015230 -0.010073
v 0.080225 0.014784 -0.010073
v 0.080409 0.014343 -0.010073
v 0.079529 0.018283 -0.009961
v 0.079637 0.017455 -0.010073
v 0.079816 0.016591 -0.010180
v 0.080085 0.015721 -0.010281
v 0.079468 0.018281 -0.009845
v 0.079569 0.017449 -0.009961
v 0.079743 0.016579 -0.010073
v 0.080007 0.015700 -0.010180
v 0.080138 0.015253 -0.010180
v 0.080295 0.014811 -0.010180
v 0.080740 0.018309 -0.010889
v 0.081817 0.017027 -0.011000
v 0.081954 0.016335 -0.011000
v 0.088626 0.010430 -0.010533
v 0.083851 0.010658 -0.009724
v 0.083873 0.010707 -0.009845
v 0.083898 0.010763 -0.009961
v 0.083490 0.011038 -0.010073
v 0.083057 0.011286 -0.010073
v 0.082632 0.011571 -0.010073
v 0.082221 0.011892 -0.010073
v 0.081834 0.012249 -0.010073
v 0.081477 0.012636 -0.010073
v 0.081156 0.013046 -0.010073
v 0.080872 0.013472 -0.010073
v 0.080623 0.013906 -0.010073
v 0.080477 0.014373 -0.010180
v 0.080371 0.014840 -0.010281
v 0.079222 0.018056 -0.008500
v 0.079230 0.017859 -0.008500
v 0.079257 0.017424 -0.008500
v 0.079302 0.016976 -0.008500
v 0.079311 0.016902 -0.008500
v 0.079366 0.016517 -0.008500
v 0.099795 0.009625 -0.008500
v 0.099795 0.012125 -0.011000
v 0.099795 0.011690 -0.010987
v 0.099795 0.011432 -0.010955
v 0.099795 0.011400 -0.010949
v 0.099795 0.011190 -0.010901
v 0.099795 0.010968 -0.010829
v 0.099795 0.010767 -0.010741
v 0.099795 0.010589 -0.010642
v 0.099795 0.010430 -0.010533
v 0.099795 0.010287 -0.010411
v 0.099795 0.010158 -0.010275
v 0.099795 0.010045 -0.010130
v 0.099795 0.009940 -0.009963
v 0.099795 0.009844 -0.009773
v 0.099795 0.009762 -0.009559
v 0.099795 0.009736 -0.009477
v 0.099795 0.009696 -0.009323
v 0.099795 0.009676 -0.009225
v 0.099795 0.009652 -0.009068
v 0.099795 0.009642 -0.008977
v 0.099795 0.009628 -0.008762
v 0.100560 0.009647 -0.008977
v 0.100547 0.010256 -0.010375
v 0.100905 0.012144 -0.011000
v 0.104547 0.010706 -0.009845
v 0.104522 0.010762 -0.009961
v 0.104962 0.010978 -0.009961
v 0.104106 0.012597 -0.010993
v 0.104124 0.013013 -0.011000
v 0.104523 0.013269 -0.011000
v 0.108129 0.014287 -0.009845
v 0.108074 0.014313 -0.009961
v 0.108259 0.014756 -0.009961
v 0.108891 0.016063 -0.009351
v 0.108858 0.016069 -0.009477
v 0.108945 0.016531 -0.009477
v 0.109208 0.019041 -0.008762
v 0.109211 0.019041 -0.008500
v 0.109199 0.018056 -0.008500
v 0.109140 0.019041 -0.009323
v 0.109160 0.019041 -0.009225
v 0.109154 0.018277 -0.009225
v 0.100559 0.009682 -0.009225
v 0.101256 0.011627 -0.010977
v 0.101242 0.011809 -0.010993
v 0.101973 0.011897 -0.010993
v 0.102002 0.011716 -0.010977
v 0.102032 0.011532 -0.010949
v 0.101271 0.011441 -0.010949
v 0.102749 0.011876 -0.010977
v 0.102797 0.011696 -0.010949
v 0.103485 0.012114 -0.010977
v 0.103552 0.011940 -0.010949
v 0.104099 0.010519 -0.009845
v 0.104077 0.010576 -0.009961
v 0.104192 0.012435 -0.010977
v 0.104279 0.012270 -0.010949
v 0.106012 0.011263 -0.008736
v 0.106179 0.011385 -0.008500
v 0.105583 0.010973 -0.008500
v 0.104864 0.012851 -0.010977
v 0.104974 0.012700 -0.010949
v 0.105847 0.012308 -0.010619
v 0.105916 0.012227 -0.010544
v 0.105533 0.011926 -0.010544
v 0.107573 0.012824 -0.008736
v 0.107632 0.012903 -0.008500
v 0.107206 0.012356 -0.008500
v 0.107660 0.013404 -0.009845
v 0.107706 0.013375 -0.009724
v 0.107414 0.012939 -0.009724
v 0.107798 0.013905 -0.010073
v 0.107858 0.013873 -0.009961
v 0.107608 0.013436 -0.009961
v 0.108357 0.014184 -0.008736
v 0.108387 0.014247 -0.008500
v 0.108027 0.013530 -0.008500
v 0.108152 0.014003 -0.009477
v 0.108258 0.014229 -0.009477
v 0.108312 0.014205 -0.009225
v 0.107790 0.014441 -0.010375
v 0.107582 0.014019 -0.010375
v 0.107499 0.014063 -0.010463
v 0.106401 0.014644 -0.010977
v 0.106239 0.014729 -0.010993
v 0.106550 0.015414 -0.010993
v 0.108698 0.015053 -0.008500
v 0.108549 0.014644 -0.008736
v 0.108536 0.014649 -0.008977
v 0.109184 0.019041 -0.009068
v 0.109194 0.019041 -0.008977
v 0.109189 0.018276 -0.008977
v 0.109075 0.019041 -0.009559
v 0.109100 0.019041 -0.009477
v 0.109095 0.018278 -0.009477
v 0.109014 0.017435 -0.009601
v 0.109008 0.018280 -0.009724
v 0.109055 0.018279 -0.009601
v 0.108992 0.019041 -0.009773
v 0.109141 0.017861 -0.009225
v 0.109175 0.017859 -0.008977
v 0.109114 0.017427 -0.009225
v 0.109148 0.017424 -0.008977
v 0.109103 0.016975 -0.008977
v 0.109120 0.016973 -0.008500
v 0.109111 0.016902 -0.008500
v 0.108950 0.016050 -0.008977
v 0.108966 0.016046 -0.008500
v 0.108943 0.015940 -0.008500
v 0.108504 0.014662 -0.009225
v 0.108667 0.015124 -0.009225
v 0.108700 0.015114 -0.008977
v 0.108779 0.015597 -0.009351
v 0.108642 0.015132 -0.009351
v 0.108479 0.014671 -0.009351
v 0.108222 0.014246 -0.009601
v 0.107912 0.013844 -0.009845
v 0.107960 0.013819 -0.009724
v 0.108344 0.014190 -0.008977
v 0.108133 0.013728 -0.008736
v 0.106991 0.013244 -0.010463
v 0.107262 0.013649 -0.010463
v 0.107343 0.013600 -0.010375
v 0.107452 0.012911 -0.009601
v 0.107746 0.013350 -0.009601
v 0.107637 0.013107 -0.009477
v 0.107322 0.012672 -0.009477
v 0.107485 0.012888 -0.009477
v 0.107533 0.012853 -0.009225
v 0.107687 0.013074 -0.009225
v 0.107716 0.013055 -0.008977
v 0.107860 0.013280 -0.008977
v 0.107780 0.013329 -0.009477
v 0.107831 0.013298 -0.009225
v 0.107965 0.013524 -0.009225
v 0.107995 0.013507 -0.008977
v 0.108120 0.013734 -0.008977
v 0.107874 0.013271 -0.008500
v 0.107872 0.013272 -0.008736
v 0.106415 0.012421 -0.010375
v 0.106348 0.012488 -0.010463
v 0.106686 0.012855 -0.010463
v 0.106609 0.012920 -0.010544
v 0.106910 0.013303 -0.010544
v 0.106823 0.013366 -0.010619
v 0.107119 0.012486 -0.009601
v 0.107370 0.012970 -0.009845
v 0.107083 0.012517 -0.009724
v 0.106750 0.012085 -0.009601
v 0.106968 0.012255 -0.009477
v 0.106778 0.012057 -0.009477
v 0.107012 0.012215 -0.009225
v 0.106821 0.012015 -0.009225
v 0.107038 0.012191 -0.008977
v 0.106845 0.011990 -0.008977
v 0.107561 0.012832 -0.008977
v 0.107396 0.012614 -0.008977
v 0.107369 0.012635 -0.009225
v 0.105602 0.013234 -0.010949
v 0.105470 0.013366 -0.010977
v 0.105340 0.013495 -0.010993
v 0.105405 0.012104 -0.010687
v 0.105774 0.012393 -0.010687
v 0.105470 0.012013 -0.010619
v 0.105925 0.011384 -0.009601
v 0.106164 0.011514 -0.009477
v 0.105948 0.011351 -0.009477
v 0.106201 0.011467 -0.009225
v 0.106349 0.011716 -0.009601
v 0.106580 0.011867 -0.009477
v 0.106375 0.011686 -0.009477
v 0.106621 0.011823 -0.009225
v 0.106414 0.011640 -0.009225
v 0.106644 0.011798 -0.008977
v 0.106436 0.011614 -0.008977
v 0.106319 0.011752 -0.009724
v 0.106717 0.012119 -0.009724
v 0.106678 0.012157 -0.009845
v 0.107042 0.012552 -0.009845
v 0.106996 0.012592 -0.009961
v 0.107321 0.013006 -0.009961
v 0.107266 0.013046 -0.010073
v 0.107550 0.013471 -0.010073
v 0.107486 0.013511 -0.010180
v 0.107732 0.013940 -0.010180
v 0.107660 0.013978 -0.010281
v 0.107944 0.014371 -0.010180
v 0.107870 0.014405 -0.010281
v 0.108126 0.014807 -0.010180
v 0.108050 0.014837 -0.010281
v 0.108282 0.015249 -0.010180
v 0.106447 0.011601 -0.008500
v 0.106445 0.011603 -0.008736
v 0.106718 0.011844 -0.008500
v 0.106855 0.011980 -0.008736
v 0.106857 0.011979 -0.008500
v 0.107232 0.012390 -0.008736
v 0.106222 0.011440 -0.008977
v 0.106004 0.011275 -0.008977
v 0.105983 0.011303 -0.009225
v 0.104757 0.013000 -0.010993
v 0.104817 0.011253 -0.010375
v 0.104772 0.011337 -0.010463
v 0.105236 0.011494 -0.010375
v 0.105187 0.011574 -0.010463
v 0.105647 0.011768 -0.010375
v 0.105592 0.011845 -0.010463
v 0.105981 0.012150 -0.010463
v 0.105038 0.010834 -0.009601
v 0.105282 0.010923 -0.009477
v 0.105057 0.010799 -0.009477
v 0.105312 0.010871 -0.009225
v 0.105085 0.010746 -0.009225
v 0.103931 0.010955 -0.010463
v 0.104725 0.011426 -0.010544
v 0.105134 0.011660 -0.010544
v 0.107068 0.013189 -0.010375
v 0.106758 0.012793 -0.010375
v 0.106825 0.012737 -0.010281
v 0.106477 0.012359 -0.010281
v 0.106534 0.012301 -0.010180
v 0.106152 0.011949 -0.010180
v 0.106200 0.011892 -0.010073
v 0.105790 0.011570 -0.010073
v 0.105830 0.011515 -0.009961
v 0.105400 0.011228 -0.009961
v 0.105432 0.011176 -0.009845
v 0.104991 0.010924 -0.009845
v 0.105016 0.010876 -0.009724
v 0.104569 0.010657 -0.009724
v 0.104588 0.010614 -0.009601
v 0.104135 0.010424 -0.009601
v 0.104401 0.010423 -0.009225
v 0.104171 0.010331 -0.009225
v 0.104162 0.010356 -0.009351
v 0.104605 0.010577 -0.009477
v 0.104831 0.010684 -0.009477
v 0.104857 0.010630 -0.009225
v 0.103419 0.012285 -0.010993
v 0.104118 0.010468 -0.009724
v 0.103645 0.010359 -0.009845
v 0.103662 0.010307 -0.009724
v 0.103189 0.010224 -0.009845
v 0.103699 0.010193 -0.009351
v 0.103707 0.010168 -0.009225
v 0.104183 0.010299 -0.008977
v 0.104644 0.010491 -0.008977
v 0.102186 0.010590 -0.010544
v 0.102169 0.010696 -0.010619
v 0.103015 0.010876 -0.010619
v 0.104630 0.010523 -0.009225
v 0.104378 0.010478 -0.009477
v 0.104150 0.010387 -0.009477
v 0.103677 0.010262 -0.009601
v 0.103689 0.010224 -0.009477
v 0.103215 0.010127 -0.009601
v 0.103225 0.010088 -0.009477
v 0.102761 0.009977 -0.009477
v 0.101854 0.009767 -0.009225
v 0.102306 0.009858 -0.009351
v 0.102311 0.009831 -0.009225
v 0.102768 0.009944 -0.009351
v 0.102774 0.009918 -0.009225
v 0.103234 0.010056 -0.009351
v 0.103240 0.010030 -0.009225
v 0.101338 0.010595 -0.010619
v 0.101347 0.010489 -0.010544
v 0.101355 0.010389 -0.010463
v 0.102294 0.009930 -0.009601
v 0.102301 0.009890 -0.009477
v 0.101847 0.009826 -0.009477
v 0.100514 0.011775 -0.010993
v 0.100518 0.011592 -0.010977
v 0.100522 0.011405 -0.010949
v 0.104569 0.011722 -0.010748
v 0.103816 0.011253 -0.010687
v 0.103774 0.011362 -0.010748
v 0.102986 0.010985 -0.010687
v 0.102956 0.011097 -0.010748
v 0.102151 0.010806 -0.010687
v 0.102132 0.010921 -0.010748
v 0.101329 0.010707 -0.010687
v 0.101320 0.010823 -0.010748
v 0.100538 0.010670 -0.010687
v 0.100535 0.010786 -0.010748
v 0.105868 0.012968 -0.010849
v 0.105266 0.012295 -0.010802
v 0.105194 0.012395 -0.010849
v 0.104512 0.011829 -0.010802
v 0.104455 0.011937 -0.010849
v 0.103731 0.011474 -0.010802
v 0.103687 0.011589 -0.010849
v 0.102926 0.011214 -0.010802
v 0.102894 0.011332 -0.010849
v 0.102113 0.011040 -0.010802
v 0.102093 0.011161 -0.010849
v 0.101311 0.010943 -0.010802
v 0.101301 0.011066 -0.010849
v 0.100533 0.010906 -0.010802
v 0.100530 0.011029 -0.010849
v 0.100540 0.010558 -0.010619
v 0.100543 0.010451 -0.010544
v 0.100545 0.010350 -0.010463
v 0.101400 0.009822 -0.009601
v 0.101403 0.009782 -0.009477
v 0.100557 0.009782 -0.009601
v 0.100972 0.009755 -0.009477
v 0.100558 0.009741 -0.009477
v 0.103203 0.010172 -0.009724
v 0.102287 0.009976 -0.009724
v 0.101396 0.009869 -0.009724
v 0.100556 0.009829 -0.009724
v 0.100976 0.009661 -0.008977
v 0.100975 0.009695 -0.009225
v 0.101410 0.009688 -0.008977
v 0.101408 0.009722 -0.009225
v 0.101858 0.009733 -0.008977
v 0.102316 0.009797 -0.008977
v 0.102781 0.009885 -0.008977
v 0.103249 0.009997 -0.008977
v 0.103718 0.010135 -0.008977
v 0.109010 0.016986 -0.009477
v 0.108905 0.016537 -0.009601
v 0.108967 0.017439 -0.009724
v 0.108953 0.018281 -0.009845
v 0.108897 0.019041 -0.009963
v 0.108792 0.019041 -0.010130
v 0.108892 0.018282 -0.009961
v 0.108913 0.017443 -0.009845
v 0.108859 0.016545 -0.009724
v 0.108708 0.015616 -0.009601
v 0.109081 0.017863 -0.009477
v 0.109054 0.017432 -0.009477
v 0.109192 0.017858 -0.008500
v 0.109164 0.017423 -0.008500
v 0.107869 0.019041 -0.010829
v 0.108069 0.019041 -0.010741
v 0.108050 0.018301 -0.010748
v 0.108167 0.018298 -0.010687
v 0.108129 0.017505 -0.010687
v 0.108241 0.017496 -0.010619
v 0.108140 0.016663 -0.010619
v 0.108245 0.016646 -0.010544
v 0.108061 0.015789 -0.010544
v 0.108159 0.015763 -0.010463
v 0.107880 0.014902 -0.010463
v 0.107968 0.014868 -0.010375
v 0.108412 0.014433 -0.009225
v 0.108357 0.014456 -0.009477
v 0.108410 0.014698 -0.009601
v 0.108366 0.014715 -0.009724
v 0.108572 0.015155 -0.009601
v 0.108527 0.015170 -0.009724
v 0.108663 0.015628 -0.009724
v 0.108806 0.016554 -0.009845
v 0.108852 0.017448 -0.009961
v 0.108824 0.018284 -0.010073
v 0.109069 0.016979 -0.009225
v 0.107786 0.014938 -0.010544
v 0.107958 0.015816 -0.010619
v 0.108029 0.016681 -0.010687
v 0.108013 0.017515 -0.010748
v 0.107930 0.018303 -0.010802
v 0.108248 0.019041 -0.010642
v 0.108406 0.019041 -0.010533
v 0.108385 0.018293 -0.010544
v 0.108486 0.018291 -0.010463
v 0.108447 0.017480 -0.010463
v 0.108541 0.017473 -0.010375
v 0.108438 0.016614 -0.010375
v 0.108524 0.016600 -0.010281
v 0.108335 0.015716 -0.010281
v 0.108414 0.015695 -0.010180
v 0.108012 0.014341 -0.010073
v 0.108196 0.014780 -0.010073
v 0.108418 0.015205 -0.009961
v 0.108353 0.015226 -0.010073
v 0.108551 0.015658 -0.009961
v 0.108486 0.015675 -0.010073
v 0.108678 0.016575 -0.010073
v 0.108604 0.016587 -0.010180
v 0.108710 0.017459 -0.010180
v 0.108629 0.017466 -0.010281
v 0.108668 0.018287 -0.010281
v 0.108580 0.018289 -0.010375
v 0.108549 0.019041 -0.010411
v 0.108978 0.016526 -0.009351
v 0.108916 0.016057 -0.009225
v 0.108805 0.015590 -0.009225
v 0.108838 0.015581 -0.008977
v 0.108854 0.015577 -0.008500
v 0.109004 0.016521 -0.009225
v 0.109038 0.016516 -0.008977
v 0.109055 0.016513 -0.008500
v 0.106277 0.012559 -0.010544
v 0.106201 0.012634 -0.010619
v 0.106528 0.012989 -0.010619
v 0.106443 0.013061 -0.010687
v 0.106733 0.013431 -0.010687
v 0.106638 0.013500 -0.010748
v 0.107113 0.014267 -0.010748
v 0.107007 0.014323 -0.010802
v 0.107361 0.015102 -0.010802
v 0.107246 0.015146 -0.010849
v 0.107502 0.015938 -0.010849
v 0.107382 0.015970 -0.010889
v 0.107551 0.016760 -0.010889
v 0.107139 0.016034 -0.010949
v 0.107303 0.016800 -0.010949
v 0.107119 0.016831 -0.010977
v 0.107209 0.017579 -0.010977
v 0.107027 0.017593 -0.010993
v 0.107061 0.018322 -0.010993
v 0.107410 0.014110 -0.010544
v 0.107686 0.014977 -0.010619
v 0.107850 0.015845 -0.010687
v 0.107914 0.016700 -0.010748
v 0.107893 0.017524 -0.010802
v 0.107807 0.018306 -0.010849
v 0.107646 0.019041 -0.010901
v 0.108250 0.015738 -0.010375
v 0.108344 0.016629 -0.010463
v 0.108347 0.017488 -0.010544
v 0.108279 0.018296 -0.010619
v 0.108747 0.015606 -0.009477
v 0.108610 0.015143 -0.009477
v 0.108448 0.014683 -0.009477
v 0.108716 0.015109 -0.008500
v 0.106435 0.016208 -0.011000
v 0.106233 0.015581 -0.011000
v 0.106000 0.015043 -0.011000
v 0.105742 0.014577 -0.011000
v 0.106122 0.012713 -0.010687
v 0.106040 0.012796 -0.010748
v 0.106541 0.013570 -0.010802
v 0.106898 0.014381 -0.010849
v 0.107130 0.015191 -0.010889
v 0.106895 0.015281 -0.010949
v 0.106959 0.016083 -0.010977
v 0.106939 0.016860 -0.010993
v 0.106679 0.017709 -0.011000
v 0.106711 0.019041 -0.011000
v 0.108002 0.013797 -0.009601
v 0.108179 0.014265 -0.009724
v 0.108316 0.014734 -0.009845
v 0.108476 0.015186 -0.009845
v 0.108610 0.015642 -0.009845
v 0.108745 0.016564 -0.009961
v 0.108785 0.017453 -0.010073
v 0.108750 0.018285 -0.010180
v 0.108679 0.019041 -0.010275
v 0.108205 0.013977 -0.009225
v 0.105475 0.014189 -0.011000
v 0.105837 0.014079 -0.010993
v 0.105985 0.013972 -0.010977
v 0.106136 0.013862 -0.010949
v 0.105336 0.012198 -0.010748
v 0.105955 0.012881 -0.010802
v 0.106441 0.013642 -0.010849
v 0.106788 0.014439 -0.010889
v 0.106566 0.014556 -0.010949
v 0.106721 0.015348 -0.010977
v 0.106782 0.016130 -0.010993
v 0.106584 0.016896 -0.011000
v 0.107146 0.019041 -0.010987
v 0.107404 0.019041 -0.010955
v 0.107244 0.018318 -0.010977
v 0.107431 0.018314 -0.010949
v 0.107396 0.017564 -0.010949
v 0.107682 0.018309 -0.010889
v 0.107646 0.017544 -0.010889
v 0.107770 0.017534 -0.010849
v 0.107674 0.016739 -0.010849
v 0.107796 0.016720 -0.010802
v 0.107621 0.015906 -0.010802
v 0.107738 0.015875 -0.010748
v 0.107473 0.015059 -0.010748
v 0.107582 0.015017 -0.010687
v 0.107217 0.014212 -0.010687
v 0.107316 0.014160 -0.010619
v 0.107177 0.013702 -0.010544
v 0.107913 0.013553 -0.009477
v 0.108037 0.013778 -0.009477
v 0.108090 0.013750 -0.009225
v 0.105194 0.013856 -0.011000
v 0.107150 0.012460 -0.009477
v 0.107195 0.012422 -0.009225
v 0.107222 0.012399 -0.008977
v 0.104875 0.013547 -0.011000
v 0.104675 0.011520 -0.010619
v 0.105486 0.011090 -0.009601
v 0.105729 0.011199 -0.009477
v 0.105507 0.011056 -0.009477
v 0.105762 0.011149 -0.009225
v 0.105538 0.011005 -0.009225
v 0.105781 0.011120 -0.008977
v 0.105556 0.010976 -0.008977
v 0.105564 0.010964 -0.008736
v 0.107417 0.013553 -0.010281
v 0.107205 0.013090 -0.010180
v 0.106944 0.012636 -0.010073
v 0.106635 0.012200 -0.009961
v 0.106284 0.011794 -0.009845
v 0.105897 0.011422 -0.009724
v 0.104912 0.010600 -0.008500
v 0.103965 0.010867 -0.010375
v 0.104393 0.011046 -0.010375
v 0.104429 0.010966 -0.010281
v 0.104858 0.011176 -0.010281
v 0.104896 0.011104 -0.010180
v 0.105282 0.011419 -0.010281
v 0.107139 0.013137 -0.010281
v 0.106887 0.012684 -0.010180
v 0.106587 0.012248 -0.010073
v 0.106244 0.011840 -0.009961
v 0.105866 0.011466 -0.009845
v 0.105461 0.011130 -0.009724
v 0.102702 0.012053 -0.010993
v 0.103121 0.012554 -0.011000
v 0.103659 0.012772 -0.011000
v 0.104463 0.010892 -0.010180
v 0.103996 0.010785 -0.010281
v 0.103115 0.010500 -0.010281
v 0.105329 0.010841 -0.008977
v 0.105108 0.010703 -0.008736
v 0.105101 0.010715 -0.008977
v 0.104650 0.010478 -0.008736
v 0.104189 0.010286 -0.008736
v 0.103627 0.010417 -0.009961
v 0.103173 0.010283 -0.009961
v 0.102278 0.010030 -0.009845
v 0.106340 0.013715 -0.010889
v 0.105779 0.013056 -0.010889
v 0.105121 0.012496 -0.010889
v 0.104396 0.012048 -0.010889
v 0.103642 0.011706 -0.010889
v 0.102862 0.011453 -0.010889
v 0.102073 0.011284 -0.010889
v 0.101291 0.011190 -0.010889
v 0.100552 0.010012 -0.010073
v 0.100550 0.010087 -0.010180
v 0.101376 0.010126 -0.010180
v 0.101369 0.010207 -0.010281
v 0.102232 0.010311 -0.010281
v 0.102218 0.010398 -0.010375
v 0.103093 0.010585 -0.010375
v 0.103069 0.010676 -0.010463
v 0.103895 0.011049 -0.010544
v 0.100555 0.009883 -0.009845
v 0.100554 0.009944 -0.009961
v 0.101387 0.009984 -0.009961
v 0.101382 0.010051 -0.010073
v 0.102257 0.010157 -0.010073
v 0.102245 0.010231 -0.010180
v 0.103136 0.010421 -0.010180
v 0.103583 0.010553 -0.010180
v 0.104026 0.010709 -0.010180
v 0.106042 0.012078 -0.010375
v 0.106099 0.012011 -0.010281
v 0.105699 0.011697 -0.010281
v 0.105746 0.011631 -0.010180
v 0.105325 0.011350 -0.010180
v 0.105365 0.011286 -0.010073
v 0.104931 0.011038 -0.010073
v 0.104494 0.010824 -0.010073
v 0.104053 0.010639 -0.010073
v 0.103606 0.010482 -0.010073
v 0.103156 0.010349 -0.010073
v 0.102268 0.010090 -0.009961
v 0.101392 0.009923 -0.009845
v 0.100527 0.011154 -0.010889
v 0.101809 0.012231 -0.011000
v 0.102501 0.012369 -0.011000
v 0.100549 0.010168 -0.010281
v 0.101362 0.010295 -0.010375
v 0.102203 0.010491 -0.010463
v 0.103043 0.010773 -0.010544
v 0.103857 0.011149 -0.010619
v 0.104623 0.011619 -0.010687
v 0.100560 0.009631 -0.008500
v 0.100977 0.009645 -0.008500
v 0.101435 0.009673 -0.008500
v 0.101860 0.009716 -0.008500
v 0.102407 0.009796 -0.008500
v 0.102784 0.009869 -0.008500
v 0.103254 0.009981 -0.008500
v 0.103316 0.009998 -0.008500
v 0.103723 0.010119 -0.008500
v 0.104156 0.010271 -0.008500
v 0.107436 0.019041 -0.010949
v 0.099795 0.011770 0.010993
v 0.099795 0.011648 0.010984
v 0.100516 0.011653 0.010984
v 0.100972 0.009755 0.009477
v 0.101403 0.009782 0.009477
v 0.101400 0.009822 0.009601
v 0.101355 0.010389 0.010463
v 0.101362 0.010295 0.010375
v 0.102218 0.010398 0.010375
v 0.105306 0.013981 0.011000
v 0.104999 0.013660 0.011000
v 0.105426 0.013409 0.010984
v 0.107229 0.012394 0.008856
v 0.107234 0.012389 0.008500
v 0.107632 0.012903 0.008500
v 0.109157 0.017423 0.008856
v 0.109164 0.017423 0.008500
v 0.109199 0.018056 0.008500
v 0.108050 0.018301 0.010748
v 0.108167 0.018298 0.010687
v 0.108248 0.019041 0.010642
v 0.109081 0.017863 0.009477
v 0.109095 0.018278 0.009477
v 0.109055 0.018279 0.009601
v 0.109100 0.019041 0.009477
v 0.102032 0.011532 0.010949
v 0.101992 0.011777 0.010984
v 0.101251 0.011688 0.010984
v 0.104162 0.010356 0.009351
v 0.104171 0.010331 0.009225
v 0.104630 0.010523 0.009225
v 0.104974 0.012700 0.010949
v 0.104828 0.012901 0.010984
v 0.104163 0.012489 0.010984
v 0.105187 0.011574 0.010463
v 0.104772 0.011337 0.010463
v 0.104817 0.011253 0.010375
v 0.108129 0.014287 0.009845
v 0.108074 0.014313 0.009961
v 0.107858 0.013873 0.009961
v 0.108128 0.013730 0.008856
v 0.108135 0.013727 0.008500
v 0.108387 0.014247 0.008500
v 0.108779 0.015597 0.009351
v 0.108747 0.015606 0.009477
v 0.108610 0.015143 0.009477
v 0.108642 0.015132 0.009351
v 0.108448 0.014683 0.009477
v 0.107303 0.016800 0.010949
v 0.107059 0.016840 0.010984
v 0.106900 0.016098 0.010984
v 0.109182 0.018276 0.009039
v 0.109154 0.018277 0.009225
v 0.109141 0.017861 0.009225
v 0.109198 0.018276 0.008856
v 0.109142 0.017425 0.009039
v 0.108967 0.017439 0.009724
v 0.109014 0.017435 0.009601
v 0.109114 0.017427 0.009225
v 0.109069 0.016979 0.009225
v 0.108716 0.015109 0.008500
v 0.108709 0.015111 0.008856
v 0.108698 0.015053 0.008500
v 0.108544 0.014646 0.008856
v 0.108859 0.016545 0.009724
v 0.108806 0.016554 0.009845
v 0.108610 0.015642 0.009845
v 0.108551 0.015658 0.009961
v 0.108476 0.015186 0.009845
v 0.108418 0.015205 0.009961
v 0.108316 0.014734 0.009845
v 0.108259 0.014756 0.009961
v 0.107968 0.014868 0.010375
v 0.108050 0.014837 0.010281
v 0.108335 0.015716 0.010281
v 0.108366 0.014715 0.009724
v 0.108527 0.015170 0.009724
v 0.108663 0.015628 0.009724
v 0.108905 0.016537 0.009601
v 0.107870 0.014405 0.010281
v 0.107790 0.014441 0.010375
v 0.107660 0.013978 0.010281
v 0.107582 0.014019 0.010375
v 0.107343 0.013600 0.010375
v 0.107944 0.014371 0.010180
v 0.107732 0.013940 0.010180
v 0.107417 0.013553 0.010281
v 0.107068 0.013189 0.010375
v 0.106851 0.011984 0.008856
v 0.106857 0.011979 0.008500
v 0.107206 0.012356 0.008500
v 0.106013 0.011262 0.008500
v 0.105561 0.010968 0.008856
v 0.105583 0.010973 0.008500
v 0.105105 0.010707 0.008856
v 0.105109 0.010701 0.008500
v 0.104858 0.011176 0.010281
v 0.105282 0.011419 0.010281
v 0.105325 0.011350 0.010180
v 0.105746 0.011631 0.010180
v 0.105790 0.011570 0.010073
v 0.106200 0.011892 0.010073
v 0.106244 0.011840 0.009961
v 0.106635 0.012200 0.009961
v 0.106678 0.012157 0.009845
v 0.107042 0.012552 0.009845
v 0.107083 0.012517 0.009724
v 0.107414 0.012939 0.009724
v 0.107452 0.012911 0.009601
v 0.107746 0.013350 0.009601
v 0.107780 0.013329 0.009477
v 0.108037 0.013778 0.009477
v 0.108066 0.013763 0.009351
v 0.108288 0.014215 0.009351
v 0.108312 0.014205 0.009225
v 0.108504 0.014662 0.009225
v 0.108530 0.014652 0.009039
v 0.103723 0.010119 0.008500
v 0.104156 0.010271 0.008500
v 0.104187 0.010291 0.008856
v 0.104651 0.010477 0.008500
v 0.104648 0.010483 0.008856
v 0.102784 0.009869 0.008500
v 0.103316 0.009998 0.008500
v 0.103252 0.009988 0.008856
v 0.103721 0.010126 0.008856
v 0.103716 0.010141 0.009039
v 0.104181 0.010305 0.009039
v 0.104641 0.010497 0.009039
v 0.105098 0.010721 0.009039
v 0.103115 0.010500 0.010281
v 0.103136 0.010421 0.010180
v 0.103583 0.010553 0.010180
v 0.103156 0.010349 0.010073
v 0.103606 0.010482 0.010073
v 0.103173 0.010283 0.009961
v 0.103627 0.010417 0.009961
v 0.103189 0.010224 0.009845
v 0.103645 0.010359 0.009845
v 0.103203 0.010172 0.009724
v 0.103662 0.010307 0.009724
v 0.103215 0.010127 0.009601
v 0.103677 0.010262 0.009601
v 0.102761 0.009977 0.009477
v 0.102301 0.009890 0.009477
v 0.102768 0.009944 0.009351
v 0.102306 0.009858 0.009351
v 0.102774 0.009918 0.009225
v 0.102311 0.009831 0.009225
v 0.102315 0.009804 0.009039
v 0.100560 0.009654 0.009039
v 0.101410 0.009694 0.009039
v 0.101408 0.009722 0.009225
v 0.101854 0.009767 0.009225
v 0.101847 0.009826 0.009477
v 0.099795 0.009676 0.009225
v 0.099795 0.009642 0.008977
v 0.102318 0.009788 0.008856
v 0.101411 0.009679 0.008856
v 0.100560 0.009638 0.008856
v 0.099795 0.009628 0.008736
v 0.109140 0.019041 0.009323
v 0.109184 0.019041 0.009068
v 0.109208 0.019041 0.008762
v 0.109211 0.019041 0.008500
v 0.107646 0.019041 0.010901
v 0.107436 0.019041 0.010949
v 0.107431 0.018314 0.010949
v 0.107404 0.019041 0.010955
v 0.107146 0.019041 0.010987
v 0.107183 0.018319 0.010984
v 0.106711 0.019041 0.011000
v 0.106695 0.017990 0.011000
v 0.107880 0.014902 0.010463
v 0.108250 0.015738 0.010375
v 0.108524 0.016600 0.010281
v 0.108604 0.016587 0.010180
v 0.108710 0.017459 0.010180
v 0.108785 0.017453 0.010073
v 0.108824 0.018284 0.010073
v 0.108892 0.018282 0.009961
v 0.107869 0.019041 0.010829
v 0.107682 0.018309 0.010889
v 0.107396 0.017564 0.010949
v 0.107148 0.017583 0.010984
v 0.109111 0.016902 0.008500
v 0.109047 0.016514 0.008856
v 0.109032 0.016517 0.009039
v 0.109054 0.017432 0.009477
v 0.109010 0.016986 0.009477
v 0.108945 0.016531 0.009477
v 0.108953 0.018281 0.009845
v 0.108852 0.017448 0.009961
v 0.108678 0.016575 0.010073
v 0.108414 0.015695 0.010180
v 0.108282 0.015249 0.010180
v 0.108126 0.014807 0.010180
v 0.107646 0.017544 0.010889
v 0.107807 0.018306 0.010849
v 0.108891 0.016063 0.009351
v 0.108916 0.016057 0.009225
v 0.109004 0.016521 0.009225
v 0.108944 0.016051 0.009039
v 0.108959 0.016048 0.008856
v 0.108966 0.016046 0.008500
v 0.105533 0.011926 0.010544
v 0.105592 0.011845 0.010463
v 0.105981 0.012150 0.010463
v 0.106042 0.012078 0.010375
v 0.106415 0.012421 0.010375
v 0.106477 0.012359 0.010281
v 0.106825 0.012737 0.010281
v 0.106887 0.012684 0.010180
v 0.107205 0.013090 0.010180
v 0.107266 0.013046 0.010073
v 0.107550 0.013471 0.010073
v 0.107608 0.013436 0.009961
v 0.107912 0.013844 0.009845
v 0.108179 0.014265 0.009724
v 0.108410 0.014698 0.009601
v 0.108572 0.015155 0.009601
v 0.108708 0.015616 0.009601
v 0.108858 0.016069 0.009477
v 0.108978 0.016526 0.009351
v 0.108069 0.019041 0.010741
v 0.107930 0.018303 0.010802
v 0.107770 0.017534 0.010849
v 0.107551 0.016760 0.010889
v 0.107139 0.016034 0.010949
v 0.106664 0.015371 0.010984
v 0.108805 0.015590 0.009225
v 0.108832 0.015583 0.009039
v 0.108847 0.015579 0.008856
v 0.108943 0.015940 0.008500
v 0.107893 0.017524 0.010802
v 0.107674 0.016739 0.010849
v 0.107382 0.015970 0.010889
v 0.106895 0.015281 0.010949
v 0.106347 0.014672 0.010984
v 0.104896 0.011104 0.010180
v 0.104931 0.011038 0.010073
v 0.105365 0.011286 0.010073
v 0.105400 0.011228 0.009961
v 0.105830 0.011515 0.009961
v 0.105866 0.011466 0.009845
v 0.106284 0.011794 0.009845
v 0.106319 0.011752 0.009724
v 0.106717 0.012119 0.009724
v 0.106750 0.012085 0.009601
v 0.107119 0.012486 0.009601
v 0.107150 0.012460 0.009477
v 0.107485 0.012888 0.009477
v 0.107512 0.012868 0.009351
v 0.107808 0.013312 0.009351
v 0.107831 0.013298 0.009225
v 0.108090 0.013750 0.009225
v 0.108114 0.013737 0.009039
v 0.108338 0.014193 0.009039
v 0.108352 0.014186 0.008856
v 0.108551 0.014643 0.008500
v 0.106611 0.017069 0.011000
v 0.106477 0.016373 0.011000
v 0.106293 0.015748 0.011000
v 0.106077 0.015205 0.011000
v 0.105838 0.014737 0.011000
v 0.106733 0.013431 0.010687
v 0.106823 0.013366 0.010619
v 0.107316 0.014160 0.010619
v 0.106910 0.013303 0.010544
v 0.108750 0.018285 0.010180
v 0.108629 0.017466 0.010281
v 0.108438 0.016614 0.010375
v 0.108159 0.015763 0.010463
v 0.107786 0.014938 0.010544
v 0.107410 0.014110 0.010544
v 0.107177 0.013702 0.010544
v 0.108013 0.017515 0.010748
v 0.107796 0.016720 0.010802
v 0.107502 0.015938 0.010849
v 0.107130 0.015191 0.010889
v 0.106566 0.014556 0.010949
v 0.105935 0.014008 0.010984
v 0.105583 0.014336 0.011000
v 0.104077 0.010576 0.009961
v 0.104099 0.010519 0.009845
v 0.104547 0.010706 0.009845
v 0.104569 0.010657 0.009724
v 0.105016 0.010876 0.009724
v 0.105038 0.010834 0.009601
v 0.105486 0.011090 0.009601
v 0.105507 0.011056 0.009477
v 0.105948 0.011351 0.009477
v 0.105968 0.011324 0.009351
v 0.106397 0.011661 0.009351
v 0.106414 0.011640 0.009225
v 0.106821 0.012015 0.009225
v 0.106840 0.011995 0.009039
v 0.107217 0.012404 0.009039
v 0.107569 0.012827 0.008856
v 0.107874 0.013271 0.008500
v 0.105647 0.011768 0.010375
v 0.106099 0.012011 0.010281
v 0.106534 0.012301 0.010180
v 0.106944 0.012636 0.010073
v 0.107321 0.013006 0.009961
v 0.107660 0.013404 0.009845
v 0.107960 0.013819 0.009724
v 0.108222 0.014246 0.009601
v 0.106528 0.012989 0.010619
v 0.106609 0.012920 0.010544
v 0.106991 0.013244 0.010463
v 0.107262 0.013649 0.010463
v 0.107499 0.014063 0.010463
v 0.105602 0.013234 0.010949
v 0.106136 0.013862 0.010949
v 0.106340 0.013715 0.010889
v 0.106788 0.014439 0.010889
v 0.106898 0.014381 0.010849
v 0.107246 0.015146 0.010849
v 0.107361 0.015102 0.010802
v 0.107621 0.015906 0.010802
v 0.107738 0.015875 0.010748
v 0.107914 0.016700 0.010748
v 0.108029 0.016681 0.010687
v 0.108129 0.017505 0.010687
v 0.108241 0.017496 0.010619
v 0.108279 0.018296 0.010619
v 0.108385 0.018293 0.010544
v 0.108406 0.019041 0.010533
v 0.108549 0.019041 0.010411
v 0.106442 0.011607 0.008856
v 0.106447 0.011601 0.008500
v 0.106718 0.011844 0.008500
v 0.104118 0.010468 0.009724
v 0.104135 0.010424 0.009601
v 0.104588 0.010614 0.009601
v 0.104605 0.010577 0.009477
v 0.105057 0.010799 0.009477
v 0.105072 0.010769 0.009351
v 0.105524 0.011028 0.009351
v 0.105538 0.011005 0.009225
v 0.105983 0.011303 0.009225
v 0.106000 0.011280 0.009039
v 0.106432 0.011619 0.009039
v 0.104962 0.010978 0.009961
v 0.105432 0.011176 0.009845
v 0.105897 0.011422 0.009724
v 0.106349 0.011716 0.009601
v 0.106778 0.012057 0.009477
v 0.107175 0.012439 0.009351
v 0.107533 0.012853 0.009225
v 0.107855 0.013283 0.009039
v 0.105236 0.011494 0.010375
v 0.105699 0.011697 0.010281
v 0.106152 0.011949 0.010180
v 0.106587 0.012248 0.010073
v 0.106996 0.012592 0.009961
v 0.107370 0.012970 0.009845
v 0.107706 0.013375 0.009724
v 0.108002 0.013797 0.009601
v 0.108258 0.014229 0.009477
v 0.108479 0.014671 0.009351
v 0.108667 0.015124 0.009225
v 0.108694 0.015116 0.009039
v 0.105779 0.013056 0.010889
v 0.106441 0.013642 0.010849
v 0.107007 0.014323 0.010802
v 0.107473 0.015059 0.010748
v 0.107850 0.015845 0.010687
v 0.108140 0.016663 0.010619
v 0.108347 0.017488 0.010544
v 0.108486 0.018291 0.010463
v 0.108679 0.019041 0.010275
v 0.108580 0.018289 0.010375
v 0.108447 0.017480 0.010463
v 0.108245 0.016646 0.010544
v 0.107958 0.015816 0.010619
v 0.107582 0.015017 0.010687
v 0.107113 0.014267 0.010748
v 0.106541 0.013570 0.010802
v 0.105868 0.012968 0.010849
v 0.105121 0.012496 0.010889
v 0.104279 0.012270 0.010949
v 0.103463 0.012172 0.010984
v 0.104912 0.010600 0.008500
v 0.104150 0.010387 0.009477
v 0.104619 0.010547 0.009351
v 0.105085 0.010746 0.009225
v 0.105553 0.010981 0.009039
v 0.106009 0.011268 0.008856
v 0.106179 0.011385 0.008500
v 0.108792 0.019041 0.010130
v 0.108668 0.018287 0.010281
v 0.108541 0.017473 0.010375
v 0.108344 0.016629 0.010463
v 0.108061 0.015789 0.010544
v 0.107686 0.014977 0.010619
v 0.107217 0.014212 0.010687
v 0.106638 0.013500 0.010748
v 0.105955 0.012881 0.010802
v 0.105194 0.012395 0.010849
v 0.104396 0.012048 0.010889
v 0.103552 0.011940 0.010949
v 0.102733 0.011936 0.010984
v 0.108992 0.019041 0.009773
v 0.108897 0.019041 0.009963
v 0.106040 0.012796 0.010748
v 0.105266 0.012295 0.010802
v 0.104455 0.011937 0.010849
v 0.103642 0.011706 0.010889
v 0.102797 0.011696 0.010949
v 0.102407 0.009796 0.008500
v 0.102783 0.009876 0.008856
v 0.103248 0.010003 0.009039
v 0.103707 0.010168 0.009225
v 0.103699 0.010193 0.009351
v 0.103689 0.010224 0.009477
v 0.102780 0.009891 0.009039
v 0.103240 0.010030 0.009225
v 0.103234 0.010056 0.009351
v 0.103225 0.010088 0.009477
v 0.102294 0.009930 0.009601
v 0.102287 0.009976 0.009724
v 0.102278 0.010030 0.009845
v 0.102268 0.010090 0.009961
v 0.102257 0.010157 0.010073
v 0.102245 0.010231 0.010180
v 0.102232 0.010311 0.010281
v 0.099795 0.011400 0.010949
v 0.099795 0.011149 0.010889
v 0.100527 0.011154 0.010889
v 0.100530 0.011029 0.010849
v 0.101301 0.011066 0.010849
v 0.101311 0.010943 0.010802
v 0.102113 0.011040 0.010802
v 0.102132 0.010921 0.010748
v 0.102956 0.011097 0.010748
v 0.102986 0.010985 0.010687
v 0.103816 0.011253 0.010687
v 0.103857 0.011149 0.010619
v 0.104675 0.011520 0.010619
v 0.104725 0.011426 0.010544
v 0.105134 0.011660 0.010544
v 0.102862 0.011453 0.010889
v 0.103687 0.011589 0.010849
v 0.104512 0.011829 0.010802
v 0.105336 0.012198 0.010748
v 0.106122 0.012713 0.010687
v 0.106201 0.012634 0.010619
v 0.106277 0.012559 0.010544
v 0.106686 0.012855 0.010463
v 0.099795 0.011024 0.010849
v 0.100533 0.010906 0.010802
v 0.101320 0.010823 0.010748
v 0.102151 0.010806 0.010687
v 0.103015 0.010876 0.010619
v 0.103895 0.011049 0.010544
v 0.109075 0.019041 0.009559
v 0.109008 0.018280 0.009724
v 0.108913 0.017443 0.009845
v 0.108745 0.016564 0.009961
v 0.108486 0.015675 0.010073
v 0.108353 0.015226 0.010073
v 0.108196 0.014780 0.010073
v 0.108012 0.014341 0.010073
v 0.107798 0.013905 0.010073
v 0.107486 0.013511 0.010180
v 0.107139 0.013137 0.010281
v 0.106758 0.012793 0.010375
v 0.106348 0.012488 0.010463
v 0.105916 0.012227 0.010544
v 0.105847 0.012308 0.010619
v 0.105405 0.012104 0.010687
v 0.104569 0.011722 0.010748
v 0.103731 0.011474 0.010802
v 0.102894 0.011332 0.010849
v 0.102073 0.011284 0.010889
v 0.101271 0.011441 0.010949
v 0.100558 0.009741 0.009477
v 0.100559 0.009682 0.009225
v 0.100975 0.009695 0.009225
v 0.100557 0.009782 0.009601
v 0.100556 0.009829 0.009724
v 0.101396 0.009869 0.009724
v 0.100555 0.009883 0.009845
v 0.101392 0.009923 0.009845
v 0.100554 0.009944 0.009961
v 0.101387 0.009984 0.009961
v 0.100552 0.010012 0.010073
v 0.101382 0.010051 0.010073
v 0.100550 0.010087 0.010180
v 0.101376 0.010126 0.010180
v 0.100549 0.010168 0.010281
v 0.101369 0.010207 0.010281
v 0.100547 0.010256 0.010375
v 0.100545 0.010350 0.010463
v 0.100543 0.010451 0.010544
v 0.099795 0.010781 0.010748
v 0.099795 0.010664 0.010687
v 0.100538 0.010670 0.010687
v 0.100540 0.010558 0.010619
v 0.101338 0.010595 0.010619
v 0.101347 0.010489 0.010544
v 0.102186 0.010590 0.010544
v 0.102203 0.010491 0.010463
v 0.103069 0.010676 0.010463
v 0.103093 0.010585 0.010375
v 0.103965 0.010867 0.010375
v 0.103996 0.010785 0.010281
v 0.099795 0.010901 0.010802
v 0.100535 0.010786 0.010748
v 0.101329 0.010707 0.010687
v 0.102169 0.010696 0.010619
v 0.103043 0.010773 0.010544
v 0.103931 0.010955 0.010463
v 0.104393 0.011046 0.010375
v 0.104429 0.010966 0.010281
v 0.104463 0.010892 0.010180
v 0.104494 0.010824 0.010073
v 0.104522 0.010762 0.009961
v 0.104991 0.010924 0.009845
v 0.105461 0.011130 0.009724
v 0.105925 0.011384 0.009601
v 0.106375 0.011686 0.009477
v 0.106802 0.012034 0.009351
v 0.107195 0.012422 0.009225
v 0.107556 0.012836 0.009039
v 0.107868 0.013275 0.008856
v 0.099795 0.011587 0.010977
v 0.100522 0.011405 0.010949
v 0.101291 0.011190 0.010889
v 0.102093 0.011161 0.010849
v 0.102926 0.011214 0.010802
v 0.103774 0.011362 0.010748
v 0.104623 0.011619 0.010687
v 0.105470 0.012013 0.010619
v 0.101435 0.009673 0.008500
v 0.100560 0.009631 0.008500
v 0.099795 0.009625 0.008500
v 0.099795 0.009736 0.009477
v 0.099795 0.009776 0.009601
v 0.099795 0.009823 0.009724
v 0.099795 0.009877 0.009845
v 0.099795 0.009938 0.009961
v 0.099795 0.010006 0.010073
v 0.099795 0.010081 0.010180
v 0.099795 0.010162 0.010281
v 0.099795 0.010250 0.010375
v 0.099795 0.010345 0.010463
v 0.099795 0.010445 0.010544
v 0.099795 0.010552 0.010619
v 0.104026 0.010709 0.010180
v 0.104053 0.010639 0.010073
v 0.108027 0.013530 0.008500
v 0.104670 0.013378 0.011000
v 0.104286 0.013111 0.011000
v 0.103824 0.012851 0.011000
v 0.103292 0.012617 0.011000
v 0.102670 0.012413 0.011000
v 0.101985 0.012260 0.011000
v 0.101184 0.012161 0.011000
v 0.099795 0.012125 0.011000
v 0.088626 0.011770 0.010993
v 0.088626 0.012125 0.011000
v 0.088626 0.011648 0.010984
v 0.088626 0.011587 0.010977
v 0.088626 0.011400 0.010949
v 0.088626 0.011149 0.010889
v 0.088626 0.011024 0.010849
v 0.088626 0.010901 0.010802
v 0.088626 0.010781 0.010748
v 0.088626 0.010664 0.010687
v 0.088626 0.010552 0.010619
v 0.088626 0.010445 0.010544
v 0.088626 0.010345 0.010463
v 0.088626 0.010250 0.010375
v 0.088626 0.010162 0.010281
v 0.088626 0.010081 0.010180
v 0.088626 0.010006 0.010073
v 0.088626 0.009938 0.009961
v 0.088626 0.009877 0.009845
v 0.088626 0.009823 0.009724
v 0.088626 0.009776 0.009601
v 0.088626 0.009736 0.009477
v 0.088626 0.009676 0.009225
v 0.088626 0.009642 0.008977
v 0.088626 0.009628 0.008736
v 0.088626 0.009625 0.008500
v 0.080352 0.019041 0.010741
v 0.080174 0.019041 0.010642
v 0.080255 0.018298 0.010687
v 0.080068 0.014189 0.008856
v 0.080062 0.014186 0.008500
v 0.080394 0.013530 0.008500
v 0.083772 0.010484 0.008856
v 0.083769 0.010477 0.008500
v 0.084266 0.010271 0.008500
v 0.087449 0.009755 0.009477
v 0.087863 0.009741 0.009477
v 0.087864 0.009782 0.009601
v 0.079615 0.016558 0.009845
v 0.079676 0.016568 0.009961
v 0.079569 0.017449 0.009961
v 0.079891 0.014655 0.009039
v 0.079876 0.014649 0.008856
v 0.081282 0.013138 0.010281
v 0.081354 0.013189 0.010375
v 0.081079 0.013600 0.010375
v 0.081004 0.013554 0.010281
v 0.080839 0.014020 0.010375
v 0.080853 0.012827 0.008856
v 0.080847 0.012823 0.008500
v 0.081216 0.012356 0.008500
v 0.082413 0.011268 0.008856
v 0.082408 0.011262 0.008500
v 0.082839 0.010973 0.008500
v 0.083873 0.010707 0.009845
v 0.083898 0.010763 0.009961
v 0.083458 0.010978 0.009961
v 0.087862 0.009654 0.009039
v 0.087862 0.009682 0.009225
v 0.087446 0.009695 0.009225
v 0.087861 0.009638 0.008856
v 0.087010 0.009695 0.009039
v 0.087024 0.009869 0.009724
v 0.087020 0.009822 0.009601
v 0.087012 0.009723 0.009225
v 0.086565 0.009767 0.009225
v 0.086102 0.009805 0.009039
v 0.086107 0.009832 0.009225
v 0.085637 0.009892 0.009039
v 0.085643 0.009920 0.009225
v 0.085169 0.010004 0.009039
v 0.085176 0.010032 0.009225
v 0.084701 0.010142 0.009039
v 0.084710 0.010169 0.009225
v 0.084269 0.010388 0.009477
v 0.084718 0.010194 0.009351
v 0.084728 0.010226 0.009477
v 0.085183 0.010057 0.009351
v 0.085191 0.010089 0.009477
v 0.085648 0.009946 0.009351
v 0.086131 0.009977 0.009724
v 0.086139 0.010031 0.009845
v 0.085228 0.010226 0.009845
v 0.085243 0.010285 0.009961
v 0.084772 0.010360 0.009845
v 0.084791 0.010418 0.009961
v 0.084320 0.010520 0.009845
v 0.084342 0.010577 0.009961
v 0.084454 0.010868 0.010375
v 0.084422 0.010786 0.010281
v 0.085301 0.010501 0.010281
v 0.083315 0.010708 0.008856
v 0.083312 0.010701 0.008500
v 0.083510 0.010600 0.008500
v 0.084300 0.010470 0.009724
v 0.084755 0.010309 0.009724
v 0.085214 0.010173 0.009724
v 0.086123 0.009931 0.009601
v 0.083991 0.010967 0.010281
v 0.084027 0.011047 0.010375
v 0.083563 0.011176 0.010281
v 0.083604 0.011254 0.010375
v 0.083185 0.011494 0.010375
v 0.083957 0.010893 0.010180
v 0.083525 0.011104 0.010180
v 0.083139 0.011419 0.010281
v 0.082774 0.011768 0.010375
v 0.081596 0.012737 0.010281
v 0.081534 0.012684 0.010180
v 0.081887 0.012302 0.010180
v 0.081834 0.012249 0.010073
v 0.082221 0.011892 0.010073
v 0.082177 0.011841 0.009961
v 0.082592 0.011515 0.009961
v 0.082556 0.011466 0.009845
v 0.082989 0.011176 0.009845
v 0.082961 0.011130 0.009724
v 0.083405 0.010876 0.009724
v 0.083383 0.010835 0.009601
v 0.083831 0.010615 0.009601
v 0.083815 0.010578 0.009477
v 0.084257 0.010357 0.009351
v 0.080761 0.013979 0.010281
v 0.080935 0.013511 0.010180
v 0.081217 0.013090 0.010180
v 0.081156 0.013046 0.010073
v 0.081477 0.012636 0.010073
v 0.081426 0.012592 0.009961
v 0.081786 0.012201 0.009961
v 0.081743 0.012158 0.009845
v 0.082137 0.011794 0.009845
v 0.082102 0.011753 0.009724
v 0.082524 0.011422 0.009724
v 0.082497 0.011384 0.009601
v 0.082936 0.011090 0.009601
v 0.082915 0.011056 0.009477
v 0.083364 0.010799 0.009477
v 0.083348 0.010770 0.009351
v 0.083801 0.010548 0.009351
v 0.083790 0.010524 0.009225
v 0.084247 0.010333 0.009225
v 0.084237 0.010306 0.009039
v 0.080035 0.014247 0.008500
v 0.079869 0.014647 0.008500
v 0.079935 0.015681 0.010073
v 0.080067 0.015230 0.010073
v 0.080138 0.015253 0.010180
v 0.079869 0.015663 0.009961
v 0.079810 0.015647 0.009845
v 0.079758 0.015634 0.009724
v 0.080007 0.015700 0.010180
v 0.080085 0.015721 0.010281
v 0.079897 0.016604 0.010281
v 0.079461 0.016053 0.008856
v 0.079477 0.016057 0.009039
v 0.079374 0.016519 0.008856
v 0.079389 0.016521 0.009039
v 0.079280 0.017426 0.009039
v 0.079712 0.015621 0.009601
v 0.079562 0.016549 0.009724
v 0.079508 0.017444 0.009845
v 0.079529 0.018283 0.009961
v 0.079983 0.016618 0.010375
v 0.079880 0.017474 0.010375
v 0.079793 0.017467 0.010281
v 0.079841 0.018289 0.010375
v 0.079753 0.018288 0.010281
v 0.079816 0.016591 0.010180
v 0.079711 0.017461 0.010180
v 0.079672 0.018286 0.010180
v 0.080036 0.018294 0.010544
v 0.079936 0.018291 0.010463
v 0.079974 0.017481 0.010463
v 0.079873 0.019041 0.010411
v 0.080016 0.019041 0.010533
v 0.087900 0.011405 0.010949
v 0.087575 0.012141 0.011000
v 0.087905 0.011653 0.010984
v 0.084488 0.010956 0.010463
v 0.085324 0.010586 0.010375
v 0.086185 0.010312 0.010281
v 0.086172 0.010232 0.010180
v 0.087045 0.010126 0.010180
v 0.087039 0.010052 0.010073
v 0.087869 0.010012 0.010073
v 0.087868 0.009944 0.009961
v 0.087894 0.011154 0.010889
v 0.087149 0.011441 0.010949
v 0.087169 0.011688 0.010984
v 0.086426 0.011778 0.010984
v 0.087017 0.009782 0.009477
v 0.086572 0.009827 0.009477
v 0.086116 0.009891 0.009477
v 0.087867 0.009883 0.009845
v 0.087033 0.009984 0.009961
v 0.086160 0.010158 0.010073
v 0.085280 0.010423 0.010180
v 0.084834 0.010554 0.010180
v 0.084393 0.010710 0.010180
v 0.087891 0.011029 0.010849
v 0.087129 0.011190 0.010889
v 0.086386 0.011533 0.010949
v 0.085684 0.011937 0.010984
v 0.087865 0.009829 0.009724
v 0.087028 0.009923 0.009845
v 0.086149 0.010091 0.009961
v 0.085261 0.010350 0.010073
v 0.084811 0.010483 0.010073
v 0.084366 0.010641 0.010073
v 0.083926 0.010824 0.010073
v 0.087889 0.010906 0.010802
v 0.087119 0.011066 0.010849
v 0.086345 0.011285 0.010889
v 0.085620 0.011697 0.010949
v 0.084956 0.012173 0.010984
v 0.086987 0.009673 0.008500
v 0.086100 0.009789 0.008856
v 0.086015 0.009796 0.008500
v 0.085633 0.009877 0.008856
v 0.085163 0.009982 0.008500
v 0.085165 0.009989 0.008856
v 0.085105 0.009998 0.008500
v 0.084696 0.010127 0.008856
v 0.087886 0.010786 0.010748
v 0.087110 0.010943 0.010802
v 0.086325 0.011162 0.010849
v 0.085555 0.011454 0.010889
v 0.084867 0.011941 0.010949
v 0.084258 0.012489 0.010984
v 0.080689 0.013941 0.010180
v 0.080623 0.013906 0.010073
v 0.080872 0.013472 0.010073
v 0.080814 0.013436 0.009961
v 0.081101 0.013006 0.009961
v 0.081051 0.012971 0.009845
v 0.081379 0.012552 0.009845
v 0.081338 0.012517 0.009724
v 0.081704 0.012120 0.009724
v 0.081671 0.012086 0.009601
v 0.082072 0.011717 0.009601
v 0.082046 0.011686 0.009477
v 0.082473 0.011351 0.009477
v 0.082454 0.011325 0.009351
v 0.082897 0.011028 0.009351
v 0.082883 0.011005 0.009225
v 0.083336 0.010746 0.009225
v 0.083323 0.010722 0.009039
v 0.083778 0.010498 0.009039
v 0.084232 0.010292 0.008856
v 0.084694 0.010120 0.008500
v 0.086655 0.012225 0.011000
v 0.085959 0.012359 0.011000
v 0.085333 0.012543 0.011000
v 0.084790 0.012759 0.011000
v 0.084323 0.012998 0.011000
v 0.083017 0.012104 0.010687
v 0.082951 0.012013 0.010619
v 0.083745 0.011521 0.010619
v 0.082889 0.011926 0.010544
v 0.087871 0.010087 0.010180
v 0.087051 0.010207 0.010281
v 0.086200 0.010399 0.010375
v 0.085348 0.010677 0.010463
v 0.084524 0.011050 0.010544
v 0.083696 0.011426 0.010544
v 0.083288 0.011660 0.010544
v 0.087884 0.010670 0.010687
v 0.087100 0.010823 0.010748
v 0.086305 0.011041 0.010802
v 0.085523 0.011334 0.010849
v 0.084777 0.011707 0.010889
v 0.084142 0.012270 0.010949
v 0.083593 0.012901 0.010984
v 0.083921 0.013253 0.011000
v 0.081979 0.011608 0.008856
v 0.081974 0.011602 0.008500
v 0.082243 0.011385 0.008500
v 0.080162 0.014759 0.009961
v 0.080104 0.014737 0.009845
v 0.080291 0.014289 0.009845
v 0.080242 0.014267 0.009724
v 0.080461 0.013820 0.009724
v 0.080420 0.013798 0.009601
v 0.080676 0.013351 0.009601
v 0.080642 0.013330 0.009477
v 0.080937 0.012888 0.009477
v 0.080910 0.012868 0.009351
v 0.081246 0.012439 0.009351
v 0.081226 0.012422 0.009225
v 0.081600 0.012016 0.009225
v 0.081581 0.011996 0.009039
v 0.081989 0.011620 0.009039
v 0.082574 0.012308 0.010619
v 0.082505 0.012227 0.010544
v 0.082830 0.011845 0.010463
v 0.083235 0.011574 0.010463
v 0.083648 0.011337 0.010463
v 0.087879 0.010451 0.010544
v 0.087881 0.010558 0.010619
v 0.087082 0.010596 0.010619
v 0.087091 0.010707 0.010687
v 0.086267 0.010807 0.010687
v 0.086286 0.010922 0.010748
v 0.085460 0.011099 0.010748
v 0.085491 0.011215 0.010802
v 0.084688 0.011475 0.010802
v 0.084732 0.011590 0.010849
v 0.083966 0.011938 0.010849
v 0.084024 0.012048 0.010889
v 0.083301 0.012496 0.010889
v 0.083448 0.012700 0.010949
v 0.082819 0.013234 0.010949
v 0.082995 0.013410 0.010984
v 0.082486 0.014008 0.010984
v 0.080054 0.014718 0.009724
v 0.080010 0.014701 0.009601
v 0.080199 0.014248 0.009601
v 0.080163 0.014231 0.009477
v 0.080384 0.013779 0.009477
v 0.080355 0.013764 0.009351
v 0.080613 0.013312 0.009351
v 0.080591 0.013298 0.009225
v 0.080888 0.012853 0.009225
v 0.080866 0.012836 0.009039
v 0.081205 0.012404 0.009039
v 0.081193 0.012394 0.008856
v 0.081569 0.011985 0.008856
v 0.081564 0.011980 0.008500
v 0.081704 0.011844 0.008500
v 0.080563 0.013874 0.009961
v 0.080762 0.013404 0.009845
v 0.081008 0.012939 0.009724
v 0.081302 0.012487 0.009601
v 0.081643 0.012058 0.009477
v 0.082025 0.011661 0.009351
v 0.082438 0.011303 0.009225
v 0.082869 0.010981 0.009039
v 0.087009 0.009679 0.008856
v 0.087861 0.009631 0.008500
v 0.080922 0.014064 0.010463
v 0.081159 0.013649 0.010463
v 0.081430 0.013244 0.010463
v 0.081663 0.012794 0.010375
v 0.081944 0.012359 0.010281
v 0.082269 0.011949 0.010180
v 0.082632 0.011571 0.010073
v 0.083021 0.011228 0.009961
v 0.083430 0.010924 0.009845
v 0.083851 0.010658 0.009724
v 0.084283 0.010426 0.009601
v 0.084741 0.010264 0.009601
v 0.085202 0.010128 0.009601
v 0.085655 0.009978 0.009477
v 0.086111 0.009858 0.009351
v 0.083566 0.013530 0.011000
v 0.083245 0.013837 0.011000
v 0.082964 0.014166 0.011000
v 0.082696 0.014550 0.011000
v 0.087877 0.010350 0.010463
v 0.087074 0.010489 0.010544
v 0.086249 0.010696 0.010619
v 0.085430 0.010986 0.010687
v 0.084644 0.011363 0.010748
v 0.083909 0.011829 0.010802
v 0.083228 0.012395 0.010849
v 0.082642 0.013057 0.010889
v 0.082285 0.013862 0.010949
v 0.082074 0.014673 0.010984
v 0.082437 0.015012 0.011000
v 0.079917 0.014665 0.009225
v 0.080083 0.014195 0.009039
v 0.080293 0.013731 0.008856
v 0.080547 0.013271 0.008500
v 0.079973 0.014687 0.009477
v 0.080132 0.014218 0.009351
v 0.080331 0.013751 0.009225
v 0.080567 0.013284 0.009039
v 0.087875 0.010256 0.010375
v 0.087066 0.010389 0.010463
v 0.086231 0.010591 0.010544
v 0.085402 0.010878 0.010619
v 0.084602 0.011254 0.010687
v 0.083852 0.011723 0.010748
v 0.083156 0.012296 0.010802
v 0.082553 0.012969 0.010849
v 0.082082 0.013715 0.010889
v 0.081855 0.014557 0.010949
v 0.081757 0.015373 0.010984
v 0.082203 0.015544 0.011000
v 0.080002 0.015210 0.009961
v 0.079944 0.015191 0.009845
v 0.079893 0.015174 0.009724
v 0.079848 0.015160 0.009601
v 0.079673 0.015611 0.009477
v 0.079810 0.015147 0.009477
v 0.079778 0.015137 0.009351
v 0.079942 0.014675 0.009351
v 0.080108 0.014207 0.009225
v 0.080307 0.013738 0.009039
v 0.080554 0.013275 0.008856
v 0.080790 0.012903 0.008500
v 0.080991 0.018314 0.010949
v 0.080740 0.018309 0.010889
v 0.080776 0.017545 0.010889
v 0.080651 0.017535 0.010849
v 0.080747 0.016743 0.010849
v 0.080625 0.016723 0.010802
v 0.080799 0.015911 0.010802
v 0.080683 0.015880 0.010748
v 0.080948 0.015062 0.010748
v 0.080839 0.015020 0.010687
v 0.081205 0.014213 0.010687
v 0.081106 0.014161 0.010619
v 0.081598 0.013366 0.010619
v 0.081245 0.013702 0.010544
v 0.081512 0.013303 0.010544
v 0.087873 0.010168 0.010281
v 0.087058 0.010295 0.010375
v 0.086215 0.010492 0.010463
v 0.085374 0.010775 0.010544
v 0.084562 0.011150 0.010619
v 0.083798 0.011620 0.010687
v 0.083085 0.012198 0.010748
v 0.082466 0.012882 0.010802
v 0.081981 0.013642 0.010849
v 0.081633 0.014440 0.010889
v 0.081525 0.015284 0.010949
v 0.081521 0.016103 0.010984
v 0.081998 0.016166 0.011000
v 0.079515 0.016542 0.009601
v 0.079476 0.016535 0.009477
v 0.079562 0.016075 0.009477
v 0.079530 0.016068 0.009351
v 0.079641 0.015603 0.009351
v 0.079616 0.015596 0.009225
v 0.079753 0.015129 0.009225
v 0.079589 0.015589 0.009039
v 0.079726 0.015120 0.009039
v 0.079573 0.015585 0.008856
v 0.079711 0.015116 0.008856
v 0.079566 0.015583 0.008500
v 0.079724 0.015053 0.008500
v 0.079468 0.018281 0.009845
v 0.079454 0.017440 0.009724
v 0.080615 0.018306 0.010849
v 0.080529 0.017526 0.010802
v 0.080507 0.016704 0.010748
v 0.080570 0.015850 0.010687
v 0.080734 0.014980 0.010619
v 0.081011 0.014111 0.010544
v 0.082381 0.012797 0.010748
v 0.081881 0.013570 0.010802
v 0.081523 0.014381 0.010849
v 0.081291 0.015194 0.010889
v 0.081281 0.016039 0.010949
v 0.081362 0.016844 0.010984
v 0.081845 0.016851 0.011000
v 0.079479 0.015940 0.008500
v 0.079366 0.016517 0.008500
v 0.079311 0.016902 0.008500
v 0.079257 0.017424 0.008500
v 0.079412 0.016989 0.009477
v 0.079352 0.016982 0.009225
v 0.079443 0.016530 0.009351
v 0.079417 0.016526 0.009225
v 0.079504 0.016062 0.009225
v 0.079308 0.017429 0.009225
v 0.079367 0.017433 0.009477
v 0.079407 0.017436 0.009601
v 0.079414 0.018280 0.009724
v 0.080492 0.018304 0.010802
v 0.080409 0.017516 0.010748
v 0.080392 0.016685 0.010687
v 0.080462 0.015821 0.010619
v 0.080635 0.014941 0.010544
v 0.081735 0.012855 0.010463
v 0.082006 0.012422 0.010375
v 0.082322 0.012011 0.010281
v 0.082675 0.011631 0.010180
v 0.083057 0.011286 0.010073
v 0.081747 0.017652 0.011000
v 0.081239 0.018320 0.010984
v 0.081273 0.017585 0.010984
v 0.081026 0.017565 0.010949
v 0.081118 0.016804 0.010949
v 0.080870 0.016763 0.010889
v 0.081039 0.015974 0.010889
v 0.080918 0.015942 0.010849
v 0.081175 0.015149 0.010849
v 0.081060 0.015105 0.010802
v 0.081414 0.014324 0.010802
v 0.081308 0.014268 0.010748
v 0.081784 0.013500 0.010748
v 0.081689 0.013431 0.010687
v 0.082299 0.012714 0.010687
v 0.081893 0.012989 0.010619
v 0.082220 0.012635 0.010619
v 0.081812 0.012920 0.010544
v 0.082144 0.012559 0.010544
v 0.082073 0.012488 0.010463
v 0.082440 0.012150 0.010463
v 0.082379 0.012078 0.010375
v 0.082723 0.011697 0.010281
v 0.083096 0.011350 0.010180
v 0.083490 0.011038 0.010073
v 0.079222 0.018056 0.008500
v 0.079224 0.018276 0.008856
v 0.079264 0.017425 0.008856
v 0.079239 0.018276 0.009039
v 0.079743 0.016579 0.010073
v 0.079637 0.017455 0.010073
v 0.079597 0.018284 0.010073
v 0.079743 0.019041 0.010275
v 0.079630 0.019041 0.010130
v 0.080143 0.018296 0.010619
v 0.080181 0.017498 0.010619
v 0.080075 0.017489 0.010544
v 0.080176 0.016650 0.010544
v 0.080077 0.016634 0.010463
v 0.080262 0.015768 0.010463
v 0.080170 0.015743 0.010375
v 0.080453 0.014871 0.010375
v 0.080371 0.014840 0.010281
v 0.079211 0.019041 0.008500
v 0.079214 0.019041 0.008762
v 0.079237 0.019041 0.009068
v 0.079282 0.019041 0.009323
v 0.079347 0.019041 0.009559
v 0.079322 0.019041 0.009477
v 0.079327 0.018278 0.009477
v 0.079267 0.018277 0.009225
v 0.079430 0.019041 0.009773
v 0.079367 0.018279 0.009601
v 0.079341 0.017864 0.009477
v 0.079281 0.017861 0.009225
v 0.079525 0.019041 0.009963
v 0.080295 0.014811 0.010180
v 0.080225 0.014784 0.010073
v 0.080553 0.019041 0.010829
v 0.080372 0.018301 0.010748
v 0.080293 0.017507 0.010687
v 0.080281 0.016667 0.010619
v 0.080359 0.015794 0.010544
v 0.080541 0.014905 0.010463
v 0.080631 0.014443 0.010375
v 0.080551 0.014407 0.010281
v 0.080477 0.014373 0.010180
v 0.080409 0.014343 0.010073
v 0.080347 0.014315 0.009961
v 0.080509 0.013845 0.009845
v 0.080716 0.013375 0.009724
v 0.080969 0.012911 0.009601
v 0.081271 0.012461 0.009477
v 0.081619 0.012034 0.009351
v 0.082007 0.011641 0.009225
v 0.082422 0.011280 0.009039
v 0.082861 0.010968 0.008856
v 0.080776 0.019041 0.010901
v 0.080985 0.019041 0.010949
v 0.081018 0.019041 0.010955
v 0.081276 0.019041 0.010987
v 0.081711 0.019041 0.011000
v 0.107404 0.107343 0.010955
v 0.107264 0.107322 0.010975
v 0.107146 0.107310 0.010987
v 0.107067 0.107305 0.010992
v 0.106711 0.107297 0.011000
v 0.107654 0.107399 0.010899
v 0.107458 0.107353 0.010945
v 0.107842 0.107459 0.010839
v 0.108248 0.107655 0.010642
v 0.108186 0.107618 0.010679
v 0.108070 0.107556 0.010741
v 0.108021 0.107532 0.010765
v 0.108549 0.107887 0.010410
v 0.108485 0.107829 0.010468
v 0.108406 0.107765 0.010532
v 0.108341 0.107717 0.010580
v 0.108793 0.108168 0.010129
v 0.108738 0.108094 0.010204
v 0.108679 0.108023 0.010275
v 0.108608 0.107945 0.010353
v 0.108993 0.108525 0.009773
v 0.108974 0.108484 0.009813
v 0.108898 0.108335 0.009963
v 0.108860 0.108271 0.010027
v 0.109078 0.108748 0.009549
v 0.109140 0.108974 0.009324
v 0.109164 0.109095 0.009202
v 0.109184 0.109228 0.009069
v 0.109206 0.109507 0.008790
v 0.109211 0.109797 0.008500
v 0.015041 0.162502 0.007950
v 0.079211 0.110347 0.007950
v 0.013670 0.171015 0.007950
v 0.013211 0.179625 0.007950
v 0.040875 0.118664 0.007950
v 0.047658 0.113339 0.007950
v 0.054968 0.108766 0.007950
v 0.109211 0.110347 0.007950
v 0.175211 0.179625 0.007950
v 0.109211 0.100026 0.007950
v 0.117587 0.102072 0.007950
v 0.017310 0.154183 0.007950
v 0.020451 0.146153 0.007950
v 0.024427 0.138502 0.007950
v 0.098362 0.280197 0.007950
v 0.094211 0.280297 0.007950
v 0.090689 0.280224 0.007950
v 0.029194 0.131316 0.007950
v 0.034697 0.124679 0.007950
v 0.062723 0.104996 0.007950
v 0.070834 0.102072 0.007950
v 0.079211 0.100026 0.007950
v 0.015960 0.210374 0.007950
v 0.014462 0.200998 0.007950
v 0.013528 0.190718 0.007950
v 0.125699 0.104996 0.007950
v 0.133454 0.108766 0.007950
v 0.140764 0.113339 0.007950
v 0.174891 0.189848 0.007950
v 0.173944 0.199656 0.007950
v 0.172398 0.208990 0.007950
v 0.147546 0.118664 0.007950
v 0.153724 0.124679 0.007950
v 0.159228 0.131316 0.007950
v 0.171111 0.154183 0.007950
v 0.173380 0.162502 0.007950
v 0.174752 0.171015 0.007950
v 0.163995 0.138502 0.007950
v 0.167971 0.146153 0.007950
v 0.023464 0.234014 0.007950
v 0.020488 0.226797 0.007950
v 0.017979 0.218944 0.007950
v 0.170285 0.217813 0.007950
v 0.167636 0.226094 0.007950
v 0.164489 0.233808 0.007950
v 0.160879 0.240933 0.007950
v 0.156843 0.247458 0.007950
v 0.152739 0.252974 0.007950
v 0.035065 0.252452 0.007950
v 0.030784 0.246825 0.007950
v 0.026896 0.240668 0.007950
v 0.050984 0.267103 0.007950
v 0.045274 0.262738 0.007950
v 0.039907 0.257787 0.007950
v 0.119196 0.276350 0.007950
v 0.112514 0.278237 0.007950
v 0.105564 0.279525 0.007950
v 0.083461 0.279598 0.007950
v 0.076477 0.278342 0.007950
v 0.069734 0.276462 0.007950
v 0.063231 0.273963 0.007950
v 0.056977 0.270844 0.007950
v 0.147980 0.258314 0.007950
v 0.142887 0.263049 0.007950
v 0.137455 0.267215 0.007950
v 0.131685 0.270827 0.007950
v 0.125593 0.273875 0.007950
v 0.175211 0.179625 -0.007950
v 0.174891 0.189848 -0.007950
v 0.173944 0.199656 -0.007950
v 0.172398 0.208990 -0.007950
v 0.170285 0.217813 -0.007950
v 0.167636 0.226094 -0.007950
v 0.164489 0.233808 -0.007950
v 0.160879 0.240933 -0.007950
v 0.156843 0.247458 -0.007950
v 0.152739 0.252974 -0.007950
v 0.147980 0.258314 -0.007950
v 0.142887 0.263049 -0.007950
v 0.137455 0.267215 -0.007950
v 0.131685 0.270827 -0.007950
v 0.125593 0.273875 -0.007950
v 0.119196 0.276350 -0.007950
v 0.112514 0.278237 -0.007950
v 0.105564 0.279525 -0.007950
v 0.098362 0.280197 -0.007950
v 0.094211 0.280297 -0.007950
v 0.109211 0.100026 -0.007950
v 0.117587 0.102072 -0.007950
v 0.125699 0.104996 -0.007950
v 0.133454 0.108766 -0.007950
v 0.140764 0.113339 -0.007950
v 0.147546 0.118664 -0.007950
v 0.153724 0.124679 -0.007950
v 0.159228 0.131316 -0.007950
v 0.163995 0.138502 -0.007950
v 0.167971 0.146153 -0.007950
v 0.171111 0.154183 -0.007950
v 0.173380 0.162502 -0.007950
v 0.174752 0.171015 -0.007950
v 0.081711 0.107297 0.011000
v 0.079211 0.109797 0.008500
v 0.079215 0.109533 0.008764
v 0.079238 0.109228 0.009069
v 0.079247 0.109161 0.009137
v 0.079282 0.108974 0.009324
v 0.079313 0.108850 0.009448
v 0.079347 0.108739 0.009558
v 0.079415 0.108556 0.009741
v 0.079524 0.108334 0.009963
v 0.081017 0.107343 0.010955
v 0.081162 0.107322 0.010976
v 0.079532 0.108321 0.009977
v 0.081275 0.107311 0.010987
v 0.081377 0.107304 0.010993
v 0.080962 0.107353 0.010944
v 0.079657 0.108130 0.010167
v 0.079788 0.107972 0.010325
v 0.080573 0.107461 0.010836
v 0.080063 0.107730 0.010568
v 0.080395 0.107535 0.010762
v 0.080225 0.107624 0.010674
v 0.079922 0.107842 0.010455
v 0.080764 0.107400 0.010898
v 0.109175 0.109161 -0.009137
v 0.109184 0.109228 -0.009069
v 0.109211 0.109797 -0.008500
v 0.109207 0.109533 -0.008764
v 0.109140 0.108974 -0.009324
v 0.109075 0.108739 -0.009558
v 0.109108 0.108850 -0.009448
v 0.109006 0.108556 -0.009741
v 0.108765 0.108130 -0.010167
v 0.108890 0.108321 -0.009977
v 0.108898 0.108334 -0.009963
v 0.107460 0.107353 -0.010944
v 0.107657 0.107400 -0.010898
v 0.107848 0.107461 -0.010836
v 0.108027 0.107535 -0.010762
v 0.108196 0.107624 -0.010674
v 0.108359 0.107730 -0.010568
v 0.108500 0.107842 -0.010455
v 0.108634 0.107972 -0.010325
v 0.107404 0.107343 -0.010955
v 0.106711 0.107297 -0.011000
v 0.107045 0.107304 -0.010993
v 0.107146 0.107311 -0.010987
v 0.107260 0.107322 -0.010976
v 0.109211 0.110347 -0.007950
v 0.079211 0.110347 -0.007950
v 0.017310 0.154183 -0.007950
v 0.015041 0.162502 -0.007950
v 0.083461 0.279598 -0.007950
v 0.090689 0.280224 -0.007950
v 0.079211 0.100026 -0.007950
v 0.070834 0.102072 -0.007950
v 0.013670 0.171015 -0.007950
v 0.013211 0.179625 -0.007950
v 0.013528 0.190718 -0.007950
v 0.047658 0.113339 -0.007950
v 0.040875 0.118664 -0.007950
v 0.034697 0.124679 -0.007950
v 0.029194 0.131316 -0.007950
v 0.062723 0.104996 -0.007950
v 0.054968 0.108766 -0.007950
v 0.024427 0.138502 -0.007950
v 0.020451 0.146153 -0.007950
v 0.014462 0.200998 -0.007950
v 0.015960 0.210374 -0.007950
v 0.017979 0.218944 -0.007950
v 0.020488 0.226797 -0.007950
v 0.023464 0.234014 -0.007950
v 0.026896 0.240668 -0.007950
v 0.030784 0.246825 -0.007950
v 0.035065 0.252452 -0.007950
v 0.039907 0.257787 -0.007950
v 0.076477 0.278342 -0.007950
v 0.045274 0.262738 -0.007950
v 0.050984 0.267103 -0.007950
v 0.056977 0.270844 -0.007950
v 0.063231 0.273963 -0.007950
v 0.069734 0.276462 -0.007950
v 0.167636 0.226094 0.003173
v 0.167636 0.226094 -0.003173
v 0.140764 0.113339 0.003173
v 0.140764 0.113339 -0.003173
v 0.173380 0.162502 0.003173
v 0.173380 0.162502 -0.003173
v 0.069734 0.276462 0.003173
v 0.069734 0.276462 -0.003173
v 0.050984 0.267103 0.003173
v 0.050984 0.267103 -0.003173
v 0.013211 0.179625 0.003173
v 0.013211 0.179625 -0.003173
v 0.017310 0.154183 0.003173
v 0.017310 0.154183 -0.003173
v 0.062723 0.104996 0.003173
v 0.062723 0.104996 -0.003173
v 0.174891 0.189848 0.003173
v 0.174891 0.189848 -0.003173
v 0.164489 0.233808 0.003173
v 0.164489 0.233808 -0.003173
v 0.174752 0.171015 0.003173
v 0.174752 0.171015 -0.003173
v 0.063231 0.273963 0.003173
v 0.063231 0.273963 -0.003173
v 0.045274 0.262738 0.003173
v 0.045274 0.262738 -0.003173
v 0.020451 0.146153 0.003173
v 0.020451 0.146153 -0.003173
v 0.040875 0.118664 0.003173
v 0.040875 0.118664 -0.003173
v 0.070834 0.102072 0.003173
v 0.070834 0.102072 -0.003173
v 0.173944 0.199656 0.003173
v 0.173944 0.199656 -0.003173
v 0.160879 0.240933 0.003173
v 0.160879 0.240933 -0.003173
v 0.163995 0.138502 0.003173
v 0.163995 0.138502 -0.003173
v 0.056977 0.270844 0.003173
v 0.056977 0.270844 -0.003173
v 0.039907 0.257787 0.003173
v 0.039907 0.257787 -0.003173
v 0.024427 0.138502 0.003173
v 0.024427 0.138502 -0.003173
v 0.047658 0.113339 0.003173
v 0.047658 0.113339 -0.003173
v 0.079211 0.100026 0.003173
v 0.079211 0.100026 -0.003173
v 0.172398 0.208990 0.003173
v 0.172398 0.208990 -0.003173
v 0.156843 0.247458 0.003173
v 0.156843 0.247458 -0.003173
v 0.147980 0.258314 0.003173
v 0.147980 0.258314 -0.003173
v 0.119196 0.276350 0.003173
v 0.119196 0.276350 -0.003173
v 0.098362 0.280197 0.003173
v 0.098362 0.280197 -0.003173
v 0.167971 0.146153 0.003173
v 0.167971 0.146153 -0.003173
v 0.015960 0.210374 0.003173
v 0.015960 0.210374 -0.003173
v 0.152739 0.252974 0.003173
v 0.152739 0.252974 -0.003173
v 0.142887 0.263049 0.003173
v 0.142887 0.263049 -0.003173
v 0.112514 0.278237 0.003173
v 0.112514 0.278237 -0.003173
v 0.094211 0.280297 0.003173
v 0.094211 0.280297 -0.003173
v 0.147546 0.118664 0.003173
v 0.147546 0.118664 -0.003173
v 0.023464 0.234014 0.003173
v 0.023464 0.234014 -0.003173
v 0.014462 0.200998 0.003173
v 0.014462 0.200998 -0.003173
v 0.175211 0.179625 0.003173
v 0.175211 0.179625 -0.003173
v 0.137455 0.267215 0.003173
v 0.137455 0.267215 -0.003173
v 0.105564 0.279525 0.003173
v 0.105564 0.279525 -0.003173
v 0.153724 0.124679 0.003173
v 0.153724 0.124679 -0.003173
v 0.090689 0.280224 0.003173
v 0.090689 0.280224 -0.003173
v 0.035065 0.252452 0.003173
v 0.035065 0.252452 -0.003173
v 0.020488 0.226797 0.003173
v 0.020488 0.226797 -0.003173
v 0.013528 0.190718 0.003173
v 0.013528 0.190718 -0.003173
v 0.015041 0.162502 0.003173
v 0.015041 0.162502 -0.003173
v 0.131685 0.270827 0.003173
v 0.131685 0.270827 -0.003173
v 0.109211 0.100026 0.003173
v 0.109211 0.100026 -0.003173
v 0.125699 0.104996 0.003173
v 0.125699 0.104996 -0.003173
v 0.159228 0.131316 0.003173
v 0.159228 0.131316 -0.003173
v 0.083461 0.279598 0.003173
v 0.083461 0.279598 -0.003173
v 0.030784 0.246825 0.003173
v 0.030784 0.246825 -0.003173
v 0.017979 0.218944 0.003173
v 0.017979 0.218944 -0.003173
v 0.029194 0.131316 0.003173
v 0.029194 0.131316 -0.003173
v 0.170285 0.217813 0.003173
v 0.170285 0.217813 -0.003173
v 0.125593 0.273875 0.003173
v 0.125593 0.273875 -0.003173
v 0.117587 0.102072 0.003173
v 0.117587 0.102072 -0.003173
v 0.133454 0.108766 0.003173
v 0.133454 0.108766 -0.003173
v 0.171111 0.154183 0.003173
v 0.171111 0.154183 -0.003173
v 0.076477 0.278342 0.003173
v 0.076477 0.278342 -0.003173
v 0.026896 0.240668 0.003173
v 0.026896 0.240668 -0.003173
v 0.013670 0.171015 0.003173
v 0.013670 0.171015 -0.003173
v 0.034697 0.124679 0.003173
v 0.034697 0.124679 -0.003173
v 0.054968 0.108766 0.003173
v 0.054968 0.108766 -0.003173
vn -0.1248 -0.0000 -0.9922
vn -0.1455 -0.0001 -0.9894
vn -0.0991 -0.0000 -0.9951
vn -0.0293 -0.0000 -0.9996
vn -0.0640 -0.0002 -0.9980
vn -0.0221 -0.0000 -0.9998
vn -0.1765 0.0001 -0.9843
vn -0.2286 -0.0000 -0.9735
vn -0.1807 -0.0000 -0.9835
vn -0.2230 -0.0000 -0.9748
vn -0.3094 -0.0000 -0.9509
vn -0.3043 -0.0000 -0.9526
vn -0.4857 -0.0000 -0.8741
vn -0.5145 -0.0001 -0.8575
vn -0.4714 -0.0000 -0.8819
vn -0.3993 -0.0000 -0.9168
vn -0.4321 -0.0001 -0.9018
vn -0.3811 -0.0000 -0.9245
vn -0.6483 -0.0000 -0.7614
vn -0.6690 -0.0001 -0.7432
vn -0.6308 -0.0000 -0.7760
vn -0.5686 -0.0000 -0.8226
vn -0.5935 -0.0001 -0.8048
vn -0.5534 -0.0000 -0.8329
vn -0.7895 -0.0000 -0.6138
vn -0.8035 -0.0001 -0.5953
vn -0.7732 -0.0000 -0.6342
vn -0.7235 -0.0000 -0.6903
vn -0.7382 -0.0000 -0.6746
vn -0.7025 -0.0000 -0.7117
vn -0.9114 -0.0001 -0.4116
vn -0.8900 -0.0000 -0.4560
vn -0.8457 -0.0000 -0.5336
vn -0.8619 -0.0001 -0.5071
vn -0.8355 -0.0000 -0.5494
vn -0.8938 -0.0000 -0.4486
vn -0.9332 -0.0000 -0.3594
vn -0.9346 -0.0000 -0.3558
vn -0.9643 -0.0000 -0.2648
vn -0.9548 0.0001 -0.2972
vn -0.9682 -0.0000 -0.2502
vn -0.9804 -0.0000 -0.1968
vn -0.9887 -0.0001 -0.1498
vn -0.9795 0.0001 -0.2012
vn -0.9881 -0.0000 -0.1537
vn -0.9970 -0.0000 -0.0773
vn -0.9940 0.0001 -0.1098
vn -0.9981 -0.0000 -0.0622
vn -0.9999 -0.0000 -0.0116
vn -0.9998 -0.0000 -0.0174
vn -0.9980 -0.0071 -0.0622
vn -0.0293 -0.0005 -0.9996
vn -0.0179 -0.0115 -0.9998
vn -0.3849 -0.9211 -0.0588
vn -0.2318 -0.7857 -0.5735
vn -0.1715 -0.8013 -0.5731
vn -0.0968 -0.9681 -0.2312
vn -0.0072 -0.9999 -0.0116
vn -0.9515 -0.0312 -0.3060
vn -0.9474 -0.0943 -0.3059
vn -0.0849 -0.0102 -0.9963
vn -0.1476 -0.0177 -0.9889
vn -0.1454 -0.0311 -0.9889
vn -0.9386 -0.2763 -0.2065
vn -0.1415 -0.0458 -0.9889
vn -0.1355 -0.0614 -0.9889
vn -0.5917 -0.3385 -0.7317
vn -0.1265 -0.0784 -0.9889
vn -0.7895 -0.6138 -0.0015
vn -0.6970 -0.7170 -0.0095
vn -0.5763 -0.7349 -0.3574
vn -0.4529 -0.7916 -0.4102
vn -0.3329 -0.9411 -0.0588
vn -0.2954 -0.8351 -0.4640
vn -0.0178 -0.1475 -0.9889
vn -0.0607 -0.9710 -0.2312
vn -0.0273 -0.5730 -0.8191
vn -0.0325 -0.6807 -0.7318
vn -0.0070 -0.9939 -0.1098
vn -0.0019 -0.3993 -0.9168
vn -0.0409 -0.8540 -0.5186
vn -0.0016 -0.8550 -0.5187
vn -0.0062 -0.8457 -0.5336
vn -0.0300 -0.6276 -0.7780
vn -0.0102 -0.0849 -0.9963
vn -0.1955 -0.9133 -0.3572
vn -0.1124 -0.9272 -0.3573
vn -0.1124 -0.9272 -0.3574
vn -0.0325 -0.6809 -0.7317
vn -0.0819 -0.6768 -0.7316
vn -0.0819 -0.6769 -0.7315
vn -0.1428 -0.6668 -0.7314
vn -0.2103 -0.6487 -0.7314
vn -0.0273 -0.5732 -0.8190
vn -0.0689 -0.5698 -0.8189
vn -0.0689 -0.5699 -0.8188
vn -0.1202 -0.5614 -0.8188
vn -0.1771 -0.5462 -0.8187
vn -0.0300 -0.6277 -0.7779
vn -0.0755 -0.6240 -0.7778
vn -0.0755 -0.6241 -0.7777
vn -0.1316 -0.6148 -0.7776
vn -0.1939 -0.5981 -0.7776
vn -0.0936 -0.7727 -0.6278
vn -0.1629 -0.7612 -0.6277
vn -0.1629 -0.7612 -0.6278
vn -0.2202 -0.7463 -0.6281
vn -0.2259 -0.6968 -0.6808
vn -0.1933 -0.9034 -0.3827
vn -0.2219 -0.9258 -0.3059
vn -0.2694 -0.9132 -0.3059
vn -0.3175 -0.8976 -0.3059
vn -0.3175 -0.8975 -0.3059
vn -0.3042 -0.8597 -0.4103
vn -0.2580 -0.8747 -0.4103
vn -0.3115 -0.8804 -0.3575
vn -0.3115 -0.8804 -0.3576
vn -0.2642 -0.8957 -0.3576
vn -0.1955 -0.9133 -0.3573
vn -0.0178 -0.1476 -0.9889
vn -0.0311 -0.1454 -0.9889
vn -0.0311 -0.1453 -0.9889
vn -0.0458 -0.1414 -0.9889
vn -0.0614 -0.1354 -0.9889
vn -0.0615 -0.1354 -0.9889
vn -0.0179 -0.0836 -0.9963
vn -0.0264 -0.0814 -0.9963
vn -0.0354 -0.0779 -0.9963
vn -0.4148 -0.8801 -0.2312
vn -0.4418 -0.8668 -0.2312
vn -0.4323 -0.8482 -0.3060
vn -0.2736 -0.4415 -0.8545
vn -0.2850 -0.4981 -0.8190
vn -0.3121 -0.5455 -0.7779
vn -0.5190 -0.7764 -0.3575
vn -0.4638 -0.8106 -0.3575
vn -0.4679 -0.8178 -0.3350
vn -0.4590 -0.8341 -0.3060
vn -0.4690 -0.8524 -0.2312
vn -0.4515 -0.8858 -0.1070
vn -0.4223 -0.8960 -0.1377
vn -0.3819 -0.9139 -0.1377
vn -0.5059 -0.8515 -0.1377
vn -0.5352 -0.8334 -0.1377
vn -0.5653 -0.8133 -0.1377
vn -0.5553 -0.7989 -0.2312
vn -0.5257 -0.8186 -0.2312
vn -0.4970 -0.8364 -0.2312
vn -0.5548 -0.8299 -0.0588
vn -0.6327 -0.6870 -0.3574
vn -0.6362 -0.6908 -0.3436
vn -0.6305 -0.7133 -0.3059
vn -0.6443 -0.7290 -0.2312
vn -0.5068 -0.7582 -0.4102
vn -0.5628 -0.7177 -0.4102
vn -0.5628 -0.7177 -0.4101
vn -0.6178 -0.6709 -0.4101
vn -0.6261 -0.7675 -0.1377
vn -0.6150 -0.7538 -0.2312
vn -0.6018 -0.7377 -0.3059
vn -0.5800 -0.7396 -0.3415
vn -0.5190 -0.7764 -0.3574
vn -0.4529 -0.7916 -0.4103
vn -0.6665 -0.7442 -0.0432
vn -0.1135 -0.0965 -0.9888
vn -0.1135 -0.0964 -0.9888
vn -0.0653 -0.0555 -0.9963
vn -0.2726 -0.2511 -0.9288
vn -0.3545 -0.3014 -0.8851
vn -0.3147 -0.3417 -0.8856
vn -0.2672 -0.3142 -0.9110
vn -0.2865 -0.3655 -0.8856
vn -0.2450 -0.3953 -0.8853
vn -0.2449 -0.3953 -0.8853
vn -0.1921 -0.4233 -0.8854
vn -0.1921 -0.4232 -0.8854
vn -0.1433 -0.4420 -0.8855
vn -0.0973 -0.4543 -0.8855
vn -0.0973 -0.4544 -0.8855
vn -0.0558 -0.4612 -0.8855
vn -0.0558 -0.4611 -0.8856
vn -0.0221 -0.4638 -0.8857
vn -0.0221 -0.4637 -0.8857
vn -0.0039 -0.4641 -0.8858
vn -0.0002 -0.4857 -0.8741
vn -0.6560 -0.7421 -0.1377
vn -0.6856 -0.7148 -0.1377
vn -0.6735 -0.7021 -0.2312
vn -0.7021 -0.6735 -0.2312
vn -0.6677 -0.6404 -0.3795
vn -0.6709 -0.6178 -0.4101
vn -0.6870 -0.6326 -0.3574
vn -0.7004 -0.6449 -0.3058
vn -0.6590 -0.6871 -0.3059
vn -0.7772 -0.5852 -0.2312
vn -0.7913 -0.5958 -0.1377
vn -0.7975 -0.6005 -0.0588
vn -0.7675 -0.6260 -0.1377
vn -0.7736 -0.6310 -0.0588
vn -0.7865 -0.6165 -0.0368
vn -0.7870 -0.6169 0.0096
vn -0.8348 -0.5500 -0.0248
vn -0.1265 -0.0783 -0.9889
vn -0.0728 -0.0451 -0.9963
vn -0.3385 -0.5916 -0.7317
vn -0.3788 -0.5667 -0.7317
vn -0.3492 -0.5225 -0.7778
vn -0.3878 -0.4946 -0.7778
vn -0.4258 -0.4624 -0.7778
vn -0.4624 -0.4258 -0.7778
vn -0.4624 -0.4258 -0.7777
vn -0.4947 -0.3878 -0.7778
vn -0.4947 -0.3877 -0.7778
vn -0.5225 -0.3492 -0.7778
vn -0.3941 -0.2634 -0.8805
vn -0.8264 -0.4728 -0.3058
vn -0.7916 -0.4529 -0.4102
vn -0.7582 -0.5068 -0.4102
vn -0.6212 -0.2818 -0.7312
vn -0.8386 -0.4111 -0.3575
vn -0.8106 -0.4638 -0.3575
vn -0.7765 -0.5190 -0.3575
vn -0.7765 -0.5190 -0.3574
vn -0.8977 -0.3171 -0.3059
vn -0.8838 -0.3539 -0.3060
vn -0.8975 -0.3594 -0.2555
vn -0.8982 -0.3739 -0.2313
vn -0.9083 -0.3637 -0.2065
vn -0.8515 -0.5059 -0.1377
vn -0.8678 -0.4774 -0.1377
vn -0.8825 -0.4497 -0.1377
vn -0.8912 -0.4369 -0.1222
vn -0.8189 -0.4014 -0.4102
vn -0.8618 -0.3598 -0.3575
vn -0.8786 -0.3668 -0.3058
vn -0.8578 -0.3728 -0.3540
vn -0.8923 -0.3878 -0.2313
vn -0.8923 -0.3878 -0.2312
vn -0.9194 -0.3838 0.0859
vn -0.9329 -0.3593 -0.0239
vn -0.8979 -0.4402 0.0013
vn -0.8935 -0.4484 0.0242
vn -0.8677 -0.4964 -0.0278
vn -0.8608 -0.5088 -0.0097
vn -0.0814 -0.0263 -0.9963
vn -0.0779 -0.0353 -0.9963
vn -0.9502 -0.2797 -0.1377
vn -0.9339 -0.3299 -0.1377
vn -0.9259 -0.2215 -0.3059
vn -0.9403 -0.2249 -0.2554
vn -0.9502 -0.1785 -0.2554
vn -0.9616 -0.1806 -0.2064
vn -0.9688 -0.1371 -0.2064
vn -0.9427 -0.1334 -0.3058
vn -0.9230 -0.1115 -0.3682
vn -0.9272 -0.1120 -0.3573
vn -0.9134 -0.1951 -0.3573
vn -0.8920 -0.1905 -0.4100
vn -0.8748 -0.2576 -0.4103
vn -0.8599 -0.3037 -0.4103
vn -0.8416 -0.3513 -0.4103
vn -0.8175 -0.3413 -0.4640
vn -0.7954 -0.3899 -0.4640
vn -0.0853 -0.0040 -0.9963
vn -0.0854 -0.0040 -0.9963
vn -0.1483 -0.0070 -0.9889
vn -0.3655 -0.2865 -0.8856
vn -0.3954 -0.2449 -0.8853
vn -0.3953 -0.2449 -0.8853
vn -0.4233 -0.1920 -0.8854
vn -0.4421 -0.1431 -0.8855
vn -0.4544 -0.0971 -0.8855
vn -0.4612 -0.0556 -0.8855
vn -0.4611 -0.0555 -0.8856
vn -0.4638 -0.0220 -0.8857
vn -0.4637 -0.0220 -0.8857
vn -0.0038 -0.3576 -0.9339
vn -0.0170 -0.3573 -0.9338
vn -0.0170 -0.3574 -0.9338
vn -0.0429 -0.3553 -0.9337
vn -0.0429 -0.3554 -0.9337
vn -0.0750 -0.3502 -0.9337
vn -0.0750 -0.3501 -0.9337
vn -0.1104 -0.3407 -0.9337
vn -0.1480 -0.3262 -0.9336
vn -0.1481 -0.3262 -0.9336
vn -0.1888 -0.3047 -0.9336
vn -0.1888 -0.3047 -0.9335
vn -0.2323 -0.2732 -0.9335
vn -0.2323 -0.2733 -0.9335
vn -0.2733 -0.2323 -0.9335
vn -0.2732 -0.2323 -0.9335
vn -0.3047 -0.1888 -0.9335
vn -0.3047 -0.1887 -0.9336
vn -0.3262 -0.1480 -0.9336
vn -0.3262 -0.1479 -0.9336
vn -0.3407 -0.1103 -0.9337
vn -0.3407 -0.1102 -0.9337
vn -0.3501 -0.0749 -0.9337
vn -0.3502 -0.0749 -0.9337
vn -0.3555 -0.0428 -0.9337
vn -0.3553 -0.0428 -0.9338
vn -0.3574 -0.0169 -0.9338
vn -0.3573 -0.0169 -0.9338
vn 0.0013 -0.4105 -0.9119
vn -0.0195 -0.4100 -0.9119
vn -0.0195 -0.4101 -0.9118
vn -0.0493 -0.4077 -0.9118
vn -0.0493 -0.4078 -0.9117
vn -0.0860 -0.4018 -0.9117
vn -0.0860 -0.4017 -0.9117
vn -0.1267 -0.3909 -0.9117
vn -0.1699 -0.3742 -0.9116
vn -0.1699 -0.3743 -0.9116
vn -0.2166 -0.3495 -0.9115
vn -0.2166 -0.3496 -0.9115
vn -0.2666 -0.3135 -0.9114
vn -0.3135 -0.2665 -0.9114
vn -0.3496 -0.2166 -0.9115
vn -0.3744 -0.1698 -0.9116
vn -0.3743 -0.1698 -0.9116
vn -0.3910 -0.1265 -0.9117
vn -0.3909 -0.1265 -0.9117
vn -0.4017 -0.0859 -0.9117
vn -0.4018 -0.0859 -0.9117
vn -0.4078 -0.0491 -0.9117
vn -0.4077 -0.0491 -0.9118
vn -0.4101 -0.0195 -0.9118
vn -0.4100 -0.0194 -0.9119
vn -0.3788 -0.5667 -0.7316
vn -0.4206 -0.5365 -0.7316
vn -0.4619 -0.5015 -0.7316
vn -0.4618 -0.5015 -0.7316
vn -0.5015 -0.4618 -0.7316
vn -0.5366 -0.4206 -0.7316
vn -0.5668 -0.3788 -0.7316
vn -0.5455 -0.3121 -0.7779
vn -0.4981 -0.2850 -0.8190
vn -0.5230 -0.2373 -0.8186
vn -0.5230 -0.2372 -0.8187
vn -0.5463 -0.1768 -0.8187
vn -0.5614 -0.1200 -0.8188
vn -0.5615 -0.1200 -0.8187
vn -0.5699 -0.0687 -0.8188
vn -0.5698 -0.0687 -0.8189
vn -0.5732 -0.0273 -0.8190
vn -0.5730 -0.0272 -0.8191
vn -0.5455 -0.3121 -0.7778
vn -0.5728 -0.2598 -0.7774
vn -0.5727 -0.2598 -0.7775
vn -0.5982 -0.1936 -0.7776
vn -0.6148 -0.1314 -0.7777
vn -0.6149 -0.1314 -0.7776
vn -0.6241 -0.0753 -0.7777
vn -0.6240 -0.0752 -0.7778
vn -0.6277 -0.0299 -0.7779
vn -0.6276 -0.0299 -0.7780
vn -0.9206 -0.0573 -0.3863
vn -0.7772 -0.0371 -0.6282
vn -0.7780 -0.0014 -0.6282
vn -0.7895 -0.0062 -0.6138
vn -0.8457 -0.0032 -0.5336
vn -0.8191 -0.0073 -0.5736
vn -0.8182 -0.0391 -0.5735
vn -0.7773 -0.0371 -0.6280
vn -0.7727 -0.0932 -0.6279
vn -0.9939 -0.0071 -0.1098
vn -0.9904 -0.0105 -0.1377
vn -0.9899 -0.0325 -0.1377
vn -0.9886 -0.0616 -0.1377
vn -0.9856 -0.0982 -0.1377
vn -0.9807 -0.1388 -0.1377
vn -0.0005 -0.0197 -0.9998
vn 0.0042 -0.0293 -0.9996
vn -0.0024 -0.0854 -0.9963
vn 0.0030 -0.1248 -0.9922
vn -0.0024 -0.1484 -0.9889
vn -0.0013 -0.1766 -0.9843
vn -0.0448 -0.9328 -0.3575
vn -0.0448 -0.9328 -0.3576
vn -0.0449 -0.9363 -0.3483
vn -0.0313 -0.9515 -0.3060
vn -0.0320 -0.9724 -0.2313
vn -0.0109 -0.9728 -0.2313
vn -0.0069 -0.9795 -0.2012
vn -0.0030 -0.7895 -0.6138
vn -0.0073 -0.8191 -0.5736
vn -0.0392 -0.8182 -0.5735
vn -0.0409 -0.8541 -0.5185
vn -0.1029 -0.8489 -0.5184
vn -0.0607 -0.9710 -0.2313
vn -0.0594 -0.9502 -0.3060
vn -0.0947 -0.9473 -0.3059
vn -0.1119 -0.9229 -0.3684
vn -0.1338 -0.9426 -0.3059
vn -0.1761 -0.9356 -0.3059
vn -0.0047 -0.7235 -0.6903
vn -0.0059 -0.7780 -0.6283
vn -0.0372 -0.7772 -0.6282
vn -0.0392 -0.8183 -0.5734
vn -0.0985 -0.8134 -0.5733
vn -0.1028 -0.8490 -0.5183
vn -0.1790 -0.8363 -0.5182
vn -0.2506 -0.8496 -0.4640
vn -0.1854 -0.8664 -0.4637
vn -0.1066 -0.8795 -0.4638
vn -0.0424 -0.8848 -0.4640
vn -0.0424 -0.8848 -0.4641
vn -0.0062 -0.8857 -0.4642
vn -0.0032 -0.8937 -0.4486
vn -0.0350 -0.7312 -0.6813
vn -0.0880 -0.7268 -0.6811
vn -0.0880 -0.7269 -0.6811
vn -0.1533 -0.7161 -0.6810
vn -0.2259 -0.6966 -0.6809
vn -0.2259 -0.6967 -0.6809
vn -0.2822 -0.6754 -0.6813
vn -0.2628 -0.6289 -0.7317
vn -0.2605 -0.5739 -0.7763
vn -0.2600 -0.5726 -0.7775
vn -0.2600 -0.5727 -0.7775
vn -0.2374 -0.5229 -0.8187
vn -0.2374 -0.5230 -0.8186
vn -0.1909 -0.8919 -0.4100
vn -0.1097 -0.9054 -0.4100
vn -0.1097 -0.9054 -0.4101
vn -0.0437 -0.9109 -0.4102
vn -0.0437 -0.9109 -0.4104
vn -0.0077 -0.9119 -0.4104
vn -0.0039 -0.9338 -0.3577
vn -0.0043 -0.9332 -0.3594
vn -0.0078 -0.9520 -0.3060
vn -0.0068 -0.9548 -0.2972
vn -0.0069 -0.9682 -0.2501
vn -0.0071 -0.9980 -0.0622
vn -0.0150 -0.9993 -0.0343
vn -0.0328 -0.9989 -0.0343
vn -0.0624 -0.9975 -0.0343
vn -0.0631 -0.9974 -0.0337
vn -0.0995 -0.9944 -0.0354
vn -0.0996 -0.9944 -0.0353
vn -0.1405 -0.9895 -0.0353
vn -0.1443 -0.9890 -0.0315
vn -0.1848 -0.9820 -0.0388
vn -0.1896 -0.9812 -0.0348
vn -0.2329 -0.9719 -0.0348
vn -0.2362 -0.9712 -0.0314
vn -0.2827 -0.9585 -0.0374
vn -0.2856 -0.9577 -0.0346
vn -0.3221 -0.9461 -0.0346
vn -0.3316 -0.9433 -0.0141
vn -0.3993 -0.9168 -0.0019
vn -0.0070 -0.1483 -0.9889
vn -0.0070 -0.1484 -0.9889
vn -0.0040 -0.0853 -0.9963
vn -0.0040 -0.0854 -0.9963
vn -0.0010 -0.0205 -0.9998
vn -0.0024 -0.0200 -0.9998
vn -0.0024 -0.0202 -0.9998
vn -0.0043 -0.0200 -0.9998
vn -0.0043 -0.0199 -0.9998
vn -0.0063 -0.0195 -0.9998
vn -0.0063 -0.0196 -0.9998
vn -0.0084 -0.0185 -0.9998
vn -0.0084 -0.0194 -0.9998
vn -0.0097 -0.0176 -0.9998
vn -0.4884 -0.3026 -0.8184
vn -0.4517 -0.3540 -0.8189
vn -0.4222 -0.3888 -0.8189
vn -0.3888 -0.4222 -0.8189
vn -0.3541 -0.4517 -0.8189
vn -0.3189 -0.4771 -0.8189
vn -0.3385 -0.5917 -0.7317
vn -0.3001 -0.6120 -0.7317
vn -0.3223 -0.6572 -0.6813
vn -0.3000 -0.7180 -0.6281
vn -0.2595 -0.7336 -0.6281
vn -0.2732 -0.7723 -0.5735
vn -0.1375 -0.9687 -0.2065
vn -0.1810 -0.9616 -0.2065
vn -0.2280 -0.9515 -0.2065
vn -0.2768 -0.9385 -0.2065
vn -0.3263 -0.9224 -0.2065
vn -0.3641 -0.9082 -0.2065
vn -0.3743 -0.8980 -0.2313
vn -0.3881 -0.8922 -0.2312
vn -0.3797 -0.8730 -0.3060
vn -0.0114 -0.0166 -0.9998
vn -0.0112 -0.0180 -0.9998
vn -0.0451 -0.0728 -0.9963
vn -0.0784 -0.1265 -0.9889
vn -0.4775 -0.8678 -0.1377
vn -0.4812 -0.8746 -0.0588
vn -0.5107 -0.8595 -0.0233
vn -0.4958 -0.8665 -0.0588
vn -0.5394 -0.8400 -0.0588
vn -0.5707 -0.8210 -0.0184
vn -0.5654 -0.8133 -0.1377
vn -0.0136 -0.0161 -0.9998
vn -0.0136 -0.0160 -0.9998
vn -0.0555 -0.0653 -0.9963
vn -0.0965 -0.1135 -0.9888
vn -0.7178 -0.5627 -0.4102
vn -0.7178 -0.5627 -0.4101
vn -0.7350 -0.5762 -0.3574
vn -0.7493 -0.5874 -0.3058
vn -0.7134 -0.6305 -0.3059
vn -0.7290 -0.6443 -0.2312
vn -0.7021 -0.6734 -0.2312
vn -0.7148 -0.6856 -0.1377
vn -0.6922 -0.7216 -0.0120
vn -0.6611 -0.7480 -0.0588
vn -0.6160 -0.7855 -0.0588
vn -0.6321 -0.7748 -0.0149
vn -0.6006 -0.7974 -0.0588
vn -0.5959 -0.7911 -0.1377
vn -0.5959 -0.7912 -0.1377
vn -0.5853 -0.7771 -0.2312
vn -0.5728 -0.7605 -0.3059
vn -0.5434 -0.7817 -0.3059
vn -0.5229 -0.7822 -0.3388
vn -0.5145 -0.8011 -0.3059
vn -0.4863 -0.8185 -0.3060
vn -0.4362 -0.8893 -0.1377
vn -0.4396 -0.8963 -0.0588
vn -0.7539 -0.6149 -0.2312
vn -0.7676 -0.6260 -0.1377
vn -0.7422 -0.6559 -0.1377
vn -0.7480 -0.6611 -0.0588
vn -0.7352 -0.6769 -0.0354
vn -0.7355 -0.6773 -0.0171
vn -0.7332 -0.6799 -0.0095
vn -0.0175 -0.0108 -0.9998
vn -0.0155 -0.0132 -0.9998
vn -0.0173 -0.0137 -0.9998
vn -0.0145 -0.0140 -0.9998
vn -0.3159 -0.7559 -0.5735
vn -0.3426 -0.6987 -0.6281
vn -0.3635 -0.6354 -0.6813
vn -0.3636 -0.6354 -0.6812
vn -0.4068 -0.6086 -0.6812
vn -0.4517 -0.5761 -0.6812
vn -0.4518 -0.5762 -0.6811
vn -0.4960 -0.5386 -0.6811
vn -0.5386 -0.4960 -0.6811
vn -0.5386 -0.4959 -0.6811
vn -0.5762 -0.4517 -0.6812
vn -0.5762 -0.4516 -0.6812
vn -0.6087 -0.4068 -0.6812
vn -0.6354 -0.3635 -0.6813
vn -0.6573 -0.3222 -0.6813
vn -0.5249 -0.2573 -0.8113
vn -0.7689 -0.4399 -0.4640
vn -0.7365 -0.4922 -0.4639
vn -0.7365 -0.4923 -0.4639
vn -0.6972 -0.5465 -0.4639
vn -0.6517 -0.6001 -0.4639
vn -0.6001 -0.6517 -0.4639
vn -0.5467 -0.6971 -0.4639
vn -0.5466 -0.6971 -0.4639
vn -0.4923 -0.7365 -0.4639
vn -0.4399 -0.7689 -0.4640
vn -0.8313 -0.5557 -0.0097
vn -0.8308 -0.5553 -0.0385
vn -0.8197 -0.5697 -0.0588
vn -0.8133 -0.5653 -0.1377
vn -0.7989 -0.5552 -0.2312
vn -0.5686 -0.0019 -0.8226
vn -0.5736 -0.0032 -0.8192
vn -0.6483 -0.0061 -0.7613
vn -0.6283 0.0013 -0.7780
vn -0.6814 -0.0064 -0.7319
vn -0.6807 -0.0324 -0.7318
vn -0.6809 -0.0324 -0.7317
vn -0.6768 -0.0816 -0.7316
vn -0.6769 -0.0817 -0.7315
vn -0.6669 -0.1425 -0.7314
vn -0.6488 -0.2100 -0.7314
vn -0.6489 -0.2100 -0.7314
vn -0.6290 -0.2626 -0.7317
vn -0.6755 -0.2820 -0.6813
vn -0.6987 -0.3425 -0.6281
vn -0.6755 -0.3864 -0.6280
vn -0.6470 -0.4324 -0.6280
vn -0.6125 -0.4801 -0.6279
vn -0.5725 -0.5272 -0.6279
vn -0.5272 -0.5725 -0.6279
vn -0.4802 -0.6125 -0.6279
vn -0.4802 -0.6124 -0.6279
vn -0.4325 -0.6470 -0.6280
vn -0.3865 -0.6754 -0.6280
vn -0.3427 -0.6987 -0.6280
vn -0.3607 -0.7355 -0.5734
vn -0.3297 -0.7889 -0.5185
vn -0.8364 -0.4969 -0.2312
vn -0.8364 -0.4969 -0.2313
vn -0.8524 -0.4690 -0.2313
vn -0.8524 -0.4690 -0.2312
vn -0.8669 -0.4417 -0.2312
vn -0.0836 -0.0179 -0.9963
vn -0.0198 -0.0064 -0.9998
vn -0.0179 -0.0081 -0.9998
vn -0.0204 -0.0082 -0.9998
vn -0.0178 -0.0092 -0.9998
vn -0.8012 -0.4760 -0.3627
vn -0.8341 -0.4589 -0.3060
vn -0.8549 -0.4191 -0.3059
vn -0.8320 -0.4239 -0.3579
vn -0.8613 -0.4057 -0.3059
vn -0.8802 -0.4145 -0.2313
vn -0.8802 -0.4145 -0.2312
vn -0.8961 -0.4220 -0.1377
vn -0.9084 -0.3948 -0.1377
vn -0.9157 -0.3823 -0.1235
vn -0.9195 -0.3682 -0.1377
vn -0.9226 -0.3259 -0.2065
vn -0.9116 -0.3220 -0.2554
vn -0.9510 -0.0455 -0.3058
vn -0.9328 -0.0446 -0.3575
vn -0.9272 -0.1120 -0.3574
vn -0.9055 -0.1093 -0.4101
vn -0.8920 -0.1906 -0.4100
vn -0.8664 -0.1851 -0.4637
vn -0.8498 -0.2502 -0.4640
vn -0.8497 -0.2502 -0.4640
vn -0.8353 -0.2950 -0.4640
vn -0.8174 -0.3413 -0.4640
vn -0.9822 -0.1845 -0.0346
vn -0.9735 -0.1828 -0.1377
vn -0.9616 -0.1806 -0.2065
vn -0.9516 -0.2276 -0.2065
vn -0.9403 -0.2249 -0.2555
vn -0.9275 -0.2730 -0.2555
vn -0.9133 -0.2689 -0.3059
vn -0.3852 -0.9216 0.0477
vn -0.4402 -0.8975 -0.0255
vn -0.4856 -0.8739 0.0226
vn -0.4966 -0.8680 -0.0064
vn -0.5686 -0.8225 -0.0141
vn -0.5554 -0.8308 0.0349
vn -0.6276 -0.7773 -0.0435
vn -0.6171 -0.7869 -0.0104
vn -0.6774 -0.7356 -0.0104
vn -0.6762 -0.7343 -0.0588
vn -0.7204 -0.6910 -0.0588
vn -0.7183 -0.5858 -0.3753
vn -0.7606 -0.5727 -0.3059
vn -0.7916 -0.5291 -0.3058
vn -0.7629 -0.5302 -0.3699
vn -0.8011 -0.5144 -0.3059
vn -0.8186 -0.5257 -0.2312
vn -0.8334 -0.5352 -0.1377
vn -0.8400 -0.5394 -0.0588
vn -0.8582 -0.5099 -0.0588
vn -0.8673 -0.4962 -0.0409
vn -0.8746 -0.4812 -0.0588
vn -0.8964 -0.4394 -0.0588
vn -0.9212 -0.3846 -0.0588
vn -0.9488 -0.3105 -0.0587
vn -0.9422 -0.3328 -0.0378
vn -0.9500 -0.3105 -0.0347
vn -0.9587 -0.2822 -0.0347
vn -0.9588 -0.2821 -0.0345
vn -0.9706 -0.2384 -0.0345
vn -0.9275 -0.2731 -0.2554
vn -0.9633 -0.2304 -0.1377
vn -0.9718 -0.2324 -0.0392
vn -0.9762 -0.2141 -0.0346
vn -0.0016 -0.2230 -0.9748
vn -0.0042 -0.2312 -0.9729
vn -0.0109 -0.2310 -0.9729
vn -0.0110 -0.2311 -0.9729
vn -0.0277 -0.2298 -0.9728
vn -0.0278 -0.2298 -0.9728
vn -0.0485 -0.2264 -0.9728
vn -0.0714 -0.2203 -0.9728
vn -0.0957 -0.2109 -0.9728
vn -0.0957 -0.2110 -0.9728
vn -0.1220 -0.1970 -0.9728
vn -0.1221 -0.1971 -0.9728
vn -0.1502 -0.1767 -0.9727
vn -0.1503 -0.1767 -0.9727
vn -0.1768 -0.1502 -0.9727
vn -0.1767 -0.1502 -0.9727
vn -0.1971 -0.1221 -0.9728
vn -0.1970 -0.1220 -0.9728
vn -0.2110 -0.0957 -0.9728
vn -0.2203 -0.0713 -0.9728
vn -0.2264 -0.0484 -0.9728
vn -0.2298 -0.0276 -0.9728
vn -0.2298 -0.0277 -0.9728
vn -0.9328 -0.0446 -0.3576
vn -0.9109 -0.0436 -0.4103
vn -0.9054 -0.1093 -0.4102
vn -0.8796 -0.1062 -0.4637
vn -0.8665 -0.1851 -0.4636
vn -0.8364 -0.1787 -0.5182
vn -0.8202 -0.2415 -0.5186
vn -0.8203 -0.2415 -0.5185
vn -0.8063 -0.2848 -0.5185
vn -0.8062 -0.2848 -0.5185
vn -0.7891 -0.3294 -0.5185
vn -0.7678 -0.3764 -0.5185
vn -0.3058 -0.0145 -0.9520
vn -0.3040 -0.0366 -0.9520
vn -0.3041 -0.0366 -0.9519
vn -0.2996 -0.0641 -0.9519
vn -0.2915 -0.0943 -0.9519
vn -0.2791 -0.1266 -0.9519
vn -0.2607 -0.1615 -0.9518
vn -0.2338 -0.1987 -0.9518
vn -0.2338 -0.1988 -0.9517
vn -0.1988 -0.2338 -0.9517
vn -0.1988 -0.2338 -0.9518
vn -0.1615 -0.2607 -0.9518
vn -0.1267 -0.2791 -0.9519
vn -0.0945 -0.2915 -0.9519
vn -0.0945 -0.2914 -0.9519
vn -0.0642 -0.2995 -0.9519
vn -0.0642 -0.2996 -0.9519
vn -0.0367 -0.3041 -0.9519
vn -0.0367 -0.3040 -0.9520
vn -0.0145 -0.3058 -0.9520
vn -0.0145 -0.3057 -0.9520
vn -0.0001 -0.3060 -0.9520
vn 0.0007 -0.3094 -0.9509
vn -0.8937 -0.0063 -0.4485
vn -0.8549 -0.0063 -0.5187
vn -0.8540 -0.0408 -0.5186
vn -0.8183 -0.0391 -0.5735
vn -0.8134 -0.0982 -0.5733
vn -0.7727 -0.0932 -0.6278
vn -0.7613 -0.1627 -0.6277
vn -0.9109 -0.0435 -0.4103
vn -0.8848 -0.0423 -0.4640
vn -0.8795 -0.1062 -0.4639
vn -0.8490 -0.1025 -0.5183
vn -0.8014 -0.1712 -0.5731
vn -0.7859 -0.2314 -0.5735
vn -0.7858 -0.2314 -0.5735
vn -0.7724 -0.2728 -0.5735
vn -0.7725 -0.2728 -0.5735
vn -0.7560 -0.3156 -0.5735
vn -0.9724 -0.0319 -0.2313
vn -0.9710 -0.0605 -0.2313
vn -0.9710 -0.0605 -0.2312
vn -0.9681 -0.0964 -0.2312
vn -0.9643 -0.1293 -0.2312
vn -0.9573 -0.1355 -0.2554
vn -0.9357 -0.1758 -0.3058
vn -0.9036 -0.1930 -0.3825
vn -0.8959 -0.2638 -0.3575
vn -0.8959 -0.2638 -0.3576
vn -0.8806 -0.3110 -0.3576
vn -0.8806 -0.3110 -0.3575
vn -0.8189 -0.4014 -0.4103
vn -0.2230 -0.0046 -0.9748
vn -0.2312 -0.0017 -0.9729
vn -0.1766 -0.0013 -0.9843
vn -0.1484 -0.0024 -0.9889
vn -0.1248 0.0030 -0.9922
vn -0.0854 -0.0025 -0.9963
vn -0.0132 0.0061 -0.9999
vn -0.0207 -0.0010 -0.9998
vn -0.0197 -0.0019 -0.9998
vn -0.0205 -0.0025 -0.9998
vn -0.0198 -0.0039 -0.9998
vn -0.2852 -0.8061 -0.5185
vn -0.2852 -0.8061 -0.5186
vn -0.2419 -0.8201 -0.5186
vn -0.2419 -0.8201 -0.5185
vn -0.0985 -0.8135 -0.5732
vn -0.0936 -0.7726 -0.6279
vn -0.0372 -0.7773 -0.6280
vn -0.0350 -0.7311 -0.6814
vn -0.0018 -0.7319 -0.6815
vn -0.0063 -0.6814 -0.7319
vn -0.0015 -0.6483 -0.7613
vn -0.0053 -0.6282 -0.7781
vn -0.0030 -0.5686 -0.8226
vn -0.0016 -0.5736 -0.8191
vn -0.0050 -0.5186 -0.8550
vn -0.0247 -0.5182 -0.8549
vn -0.0247 -0.5183 -0.8549
vn -0.0623 -0.5152 -0.8548
vn -0.0623 -0.5153 -0.8547
vn -0.1087 -0.5077 -0.8546
vn -0.1087 -0.5076 -0.8547
vn -0.1601 -0.4939 -0.8546
vn -0.2147 -0.4729 -0.8546
vn -0.2737 -0.4416 -0.8544
vn -0.2737 -0.4417 -0.8544
vn -0.3202 -0.4084 -0.8548
vn -0.3202 -0.4085 -0.8548
vn -0.3516 -0.3818 -0.8548
vn -0.3818 -0.3516 -0.8548
vn -0.4085 -0.3201 -0.8548
vn -0.4417 -0.2737 -0.8544
vn -0.4416 -0.2736 -0.8544
vn -0.4730 -0.2145 -0.8545
vn -0.4730 -0.2145 -0.8546
vn -0.4940 -0.1599 -0.8546
vn -0.4940 -0.1599 -0.8547
vn -0.5076 -0.1085 -0.8547
vn -0.5077 -0.1085 -0.8547
vn -0.5154 -0.0621 -0.8547
vn -0.5153 -0.0621 -0.8548
vn -0.5183 -0.0246 -0.8548
vn -0.5182 -0.0246 -0.8549
vn -0.5186 -0.0050 -0.8550
vn -0.4642 0.0028 -0.8857
vn -0.4857 -0.0046 -0.8741
vn -0.4104 -0.0023 -0.9119
vn -0.3993 0.0002 -0.9168
vn -0.3576 -0.0039 -0.9339
vn -0.3060 0.0010 -0.9520
vn -0.3057 -0.0144 -0.9520
vn -0.2310 -0.0109 -0.9729
vn -0.2311 -0.0109 -0.9729
vn -0.1484 -0.0070 -0.9889
vn -0.1475 -0.0177 -0.9889
vn -0.0202 -0.0043 -0.9998
vn -0.0193 -0.0058 -0.9998
vn -0.1298 -0.9642 -0.2312
vn -0.1359 -0.9572 -0.2554
vn -0.1788 -0.9501 -0.2554
vn -0.2253 -0.9402 -0.2554
vn -0.2253 -0.9402 -0.2555
vn -0.2735 -0.9273 -0.2555
vn -0.3225 -0.9115 -0.2555
vn -0.3225 -0.9115 -0.2554
vn -0.3598 -0.8974 -0.2555
vn -0.3543 -0.8837 -0.3060
vn -0.3640 -0.8709 -0.3303
vn -0.3601 -0.8617 -0.3575
vn -0.3516 -0.8414 -0.4103
vn -0.3416 -0.8173 -0.4640
vn -0.3765 -0.7677 -0.5185
vn -0.3608 -0.7356 -0.5734
vn -0.4069 -0.7111 -0.5734
vn -0.4553 -0.6811 -0.5734
vn -0.5056 -0.6448 -0.5733
vn -0.5551 -0.6027 -0.5733
vn -0.5550 -0.6027 -0.5733
vn -0.6027 -0.5550 -0.5733
vn -0.6448 -0.5055 -0.5733
vn -0.6812 -0.4553 -0.5734
vn -0.6812 -0.4552 -0.5734
vn -0.7111 -0.4068 -0.5734
vn -0.7111 -0.4069 -0.5734
vn -0.7356 -0.3606 -0.5734
vn -0.6988 -0.3425 -0.6280
vn -0.7181 -0.2998 -0.6281
vn -0.6968 -0.2255 -0.6809
vn -0.6967 -0.2255 -0.6810
vn -0.7161 -0.1530 -0.6810
vn -0.7162 -0.1530 -0.6809
vn -0.7270 -0.0877 -0.6811
vn -0.7269 -0.0877 -0.6812
vn -0.7312 -0.0349 -0.6813
vn -0.7311 -0.0348 -0.6814
vn -0.7318 -0.0049 -0.6815
vn -0.7235 -0.0027 -0.6903
vn -0.0070 -0.9881 -0.1537
vn -0.0104 -0.9904 -0.1377
vn -0.0325 -0.9899 -0.1377
vn -0.0326 -0.9899 -0.1377
vn -0.0618 -0.9885 -0.1377
vn -0.0619 -0.9885 -0.1377
vn -0.0986 -0.9856 -0.1377
vn -0.1392 -0.9806 -0.1377
vn -0.1832 -0.9734 -0.1377
vn -0.2308 -0.9632 -0.1377
vn -0.2802 -0.9500 -0.1377
vn -0.3303 -0.9338 -0.1377
vn -0.3304 -0.9338 -0.1377
vn -0.3686 -0.9193 -0.1377
vn -0.3965 -0.9115 -0.1094
vn -0.3881 -0.8921 -0.2312
vn -0.4059 -0.8612 -0.3060
vn -0.4153 -0.8468 -0.3324
vn -0.4112 -0.8385 -0.3575
vn -0.4016 -0.8188 -0.4102
vn -0.4016 -0.8188 -0.4103
vn -0.3901 -0.7953 -0.4640
vn -0.4247 -0.7422 -0.5185
vn -0.4752 -0.7109 -0.5185
vn -0.4752 -0.7109 -0.5184
vn -0.5277 -0.6729 -0.5184
vn -0.5277 -0.6730 -0.5183
vn -0.5793 -0.6291 -0.5183
vn -0.5793 -0.6291 -0.5184
vn -0.6291 -0.5793 -0.5184
vn -0.6730 -0.5276 -0.5184
vn -0.7109 -0.4752 -0.5184
vn -0.7422 -0.4246 -0.5185
vn -0.7356 -0.3606 -0.5735
vn -0.7337 -0.2591 -0.6281
vn -0.7465 -0.2198 -0.6281
vn -0.7612 -0.1626 -0.6278
vn -0.8135 -0.0982 -0.5732
vn -0.8541 -0.0408 -0.5185
vn -0.8848 -0.0423 -0.4641
vn -0.8857 -0.0013 -0.4642
vn -0.9119 -0.0078 -0.4104
vn -0.9332 -0.0041 -0.3594
vn -0.9338 -0.0045 -0.3577
vn -0.9548 -0.0084 -0.2972
vn -0.9520 -0.0068 -0.3060
vn -0.9682 -0.0069 -0.2502
vn -0.9728 -0.0110 -0.2313
vn -0.9795 -0.0070 -0.2012
vn -0.9881 -0.0071 -0.1537
vn -0.9999 -0.0116 -0.0116
vn -0.9994 -0.0164 -0.0297
vn -0.9984 -0.0395 -0.0403
vn -0.9989 -0.0328 -0.0345
vn -0.9975 -0.0622 -0.0345
vn -0.9945 -0.0985 -0.0345
vn -0.9945 -0.0991 -0.0351
vn -0.9919 -0.1218 -0.0351
vn -0.9894 -0.1400 -0.0379
vn -0.9890 -0.1434 -0.0352
vn -0.9821 -0.1850 -0.0351
vn -0.0000 -0.9999 -0.0116
vn -0.0000 -0.0293 -0.9996
vn -0.0000 -0.1248 -0.9922
vn -0.0000 -0.1766 -0.9843
vn -0.0000 -0.2230 -0.9748
vn -0.0000 -0.3094 -0.9509
vn -0.0000 -0.3993 -0.9168
vn -0.0000 -0.4857 -0.8741
vn -0.0000 -0.5686 -0.8226
vn -0.0000 -0.6483 -0.7613
vn -0.0000 -0.7235 -0.6903
vn -0.0000 -0.7895 -0.6138
vn -0.0000 -0.8457 -0.5336
vn -0.0000 -0.8938 -0.4486
vn -0.0000 -0.9332 -0.3594
vn -0.0000 -0.9548 -0.2972
vn -0.0000 -0.9682 -0.2502
vn -0.0000 -0.9795 -0.2012
vn -0.0000 -0.9881 -0.1537
vn -0.0000 -0.9940 -0.1098
vn -0.0000 -0.9981 -0.0622
vn 0.0071 -0.9980 -0.0622
vn 0.0027 -0.7235 -0.6903
vn 0.0005 -0.0293 -0.9996
vn 0.3899 -0.7954 -0.4640
vn 0.0115 -0.0179 -0.9998
vn 0.8173 -0.3416 -0.4640
vn 0.9501 -0.1788 -0.2555
vn 0.9999 -0.0116 -0.0116
vn 0.9795 -0.0069 -0.2012
vn 0.0071 -0.9881 -0.1537
vn 0.0102 -0.0849 -0.9963
vn 0.0177 -0.1476 -0.9889
vn 0.0311 -0.1454 -0.9889
vn 0.0458 -0.1415 -0.9889
vn 0.3413 -0.8175 -0.4640
vn 0.0614 -0.1355 -0.9889
vn 0.5685 -0.8224 0.0214
vn 0.0784 -0.1265 -0.9889
vn 0.3540 -0.4517 -0.8189
vn 0.7894 -0.6138 0.0080
vn 0.7582 -0.5068 -0.4102
vn 0.7422 -0.4247 -0.5185
vn 0.8937 -0.4486 0.0043
vn 0.8801 -0.4148 -0.2312
vn 0.6120 -0.3001 -0.7317
vn 0.0779 -0.0354 -0.9963
vn 0.9486 -0.3109 -0.0587
vn 0.9939 -0.0070 -0.1098
vn 0.9548 -0.0068 -0.2971
vn 0.9328 -0.0448 -0.3576
vn 0.9338 -0.0039 -0.3576
vn 0.9332 -0.0043 -0.3594
vn 0.9881 -0.0070 -0.1537
vn 0.9904 -0.0104 -0.1377
vn 0.9899 -0.0326 -0.1377
vn 0.9899 -0.0325 -0.1377
vn 0.9885 -0.0618 -0.1377
vn 0.9885 -0.0619 -0.1377
vn 0.9919 -0.1220 -0.0353
vn 0.9761 -0.2144 -0.0348
vn 0.9338 -0.3303 -0.1377
vn 0.9385 -0.2768 -0.2065
vn 0.9224 -0.3263 -0.2065
vn 0.8612 -0.4059 -0.3060
vn 0.7953 -0.3901 -0.4640
vn 0.8188 -0.4016 -0.4103
vn 0.8963 -0.4396 -0.0588
vn 0.5667 -0.3788 -0.7317
vn 0.7822 -0.5229 -0.3388
vn 0.7771 -0.5853 -0.2312
vn 0.7989 -0.5553 -0.2312
vn 0.8133 -0.5653 -0.1377
vn 0.8334 -0.5352 -0.1377
vn 0.8186 -0.5257 -0.2312
vn 0.8364 -0.4970 -0.2313
vn 0.8515 -0.5059 -0.1377
vn 0.8678 -0.4775 -0.1377
vn 0.8973 -0.4401 0.0328
vn 0.8601 -0.5085 -0.0411
vn 0.8679 -0.4966 -0.0096
vn 0.5015 -0.4619 -0.7316
vn 0.4624 -0.4258 -0.7778
vn 0.4946 -0.3878 -0.7778
vn 0.4517 -0.3541 -0.8189
vn 0.7349 -0.5763 -0.3574
vn 0.7764 -0.5190 -0.3574
vn 0.7764 -0.5190 -0.3575
vn 0.7365 -0.4923 -0.4639
vn 0.7177 -0.5628 -0.4102
vn 0.6870 -0.6327 -0.3574
vn 0.6908 -0.6362 -0.3436
vn 0.6871 -0.6590 -0.3060
vn 0.7021 -0.6735 -0.2312
vn 0.7148 -0.6856 -0.1377
vn 0.8350 -0.5502 -0.0096
vn 0.8311 -0.5556 -0.0220
vn 0.8299 -0.5548 -0.0588
vn 0.7974 -0.6006 -0.0588
vn 0.7911 -0.5959 -0.1377
vn 0.0965 -0.1135 -0.9888
vn 0.0964 -0.1135 -0.9888
vn 0.0555 -0.0653 -0.9963
vn 0.3201 -0.4085 -0.8548
vn 0.5727 -0.7606 -0.3059
vn 0.5852 -0.7772 -0.2312
vn 0.6305 -0.7134 -0.3059
vn 0.6443 -0.7290 -0.2312
vn 0.6559 -0.7422 -0.1377
vn 0.6260 -0.7676 -0.1377
vn 0.6149 -0.7539 -0.2312
vn 0.5859 -0.7183 -0.3752
vn 0.5874 -0.7493 -0.3058
vn 0.5762 -0.7350 -0.3574
vn 0.6326 -0.6870 -0.3574
vn 0.6178 -0.6709 -0.4101
vn 0.6709 -0.6178 -0.4101
vn 0.6517 -0.6001 -0.4638
vn 0.6971 -0.5467 -0.4639
vn 0.6729 -0.5277 -0.5184
vn 0.7109 -0.4752 -0.5184
vn 0.6811 -0.4553 -0.5734
vn 0.7111 -0.4069 -0.5734
vn 0.6754 -0.3865 -0.6280
vn 0.6987 -0.3427 -0.6281
vn 0.6987 -0.3427 -0.6280
vn 0.7180 -0.3000 -0.6281
vn 0.7336 -0.2595 -0.6281
vn 0.6671 -0.7449 -0.0102
vn 0.6770 -0.7353 -0.0316
vn 0.6969 -0.7171 -0.0095
vn 0.7356 -0.6774 -0.0095
vn 0.6281 -0.7781 -0.0102
vn 0.6167 -0.7866 -0.0310
vn 0.6165 -0.7865 -0.0368
vn 0.6005 -0.7975 -0.0588
vn 0.5958 -0.7912 -0.1377
vn 0.0783 -0.1265 -0.9889
vn 0.0451 -0.0728 -0.9963
vn 0.3385 -0.5917 -0.7317
vn 0.3788 -0.5668 -0.7317
vn 0.3788 -0.5668 -0.7316
vn 0.4206 -0.5366 -0.7316
vn 0.4589 -0.8341 -0.3060
vn 0.4690 -0.8524 -0.2312
vn 0.2818 -0.6212 -0.7312
vn 0.2598 -0.5728 -0.7775
vn 0.3121 -0.5455 -0.7778
vn 0.3121 -0.5455 -0.7779
vn 0.3492 -0.5225 -0.7778
vn 0.5365 -0.4206 -0.7316
vn 0.5762 -0.4517 -0.6812
vn 0.5386 -0.4960 -0.6811
vn 0.5725 -0.5272 -0.6279
vn 0.5272 -0.5725 -0.6279
vn 0.5550 -0.6027 -0.5733
vn 0.5055 -0.6449 -0.5733
vn 0.5275 -0.6730 -0.5184
vn 0.4752 -0.7109 -0.5184
vn 0.4923 -0.7365 -0.4639
vn 0.4399 -0.7689 -0.4640
vn 0.4529 -0.7916 -0.4102
vn 0.4014 -0.8189 -0.4103
vn 0.4111 -0.8386 -0.3575
vn 0.3598 -0.8618 -0.3575
vn 0.3637 -0.9083 -0.2065
vn 0.3668 -0.8786 -0.3059
vn 0.4057 -0.8613 -0.3060
vn 0.4145 -0.8802 -0.2312
vn 0.0263 -0.0814 -0.9963
vn 0.0353 -0.0779 -0.9963
vn 0.3513 -0.8416 -0.4103
vn 0.3037 -0.8599 -0.4103
vn 0.2576 -0.8748 -0.4103
vn 0.3259 -0.9226 -0.2065
vn 0.3299 -0.9339 -0.1377
vn 0.3682 -0.9195 -0.1377
vn 0.3823 -0.9157 -0.1235
vn 0.1200 -0.5615 -0.8188
vn 0.4146 -0.8802 -0.2312
vn 0.3878 -0.8923 -0.2312
vn 0.3728 -0.8578 -0.3540
vn 0.3539 -0.8838 -0.3060
vn 0.3171 -0.8977 -0.3059
vn 0.2689 -0.9133 -0.3059
vn 0.2215 -0.9259 -0.3059
vn 0.1371 -0.9688 -0.2065
vn 0.1806 -0.9616 -0.2064
vn 0.1806 -0.9616 -0.2065
vn 0.2276 -0.9516 -0.2065
vn 0.0687 -0.5698 -0.8189
vn 0.0687 -0.5699 -0.8188
vn 0.0752 -0.6240 -0.7778
vn 0.1334 -0.9427 -0.3059
vn 0.0040 -0.0853 -0.9963
vn 0.0040 -0.0854 -0.9963
vn 0.0070 -0.1483 -0.9889
vn 0.1920 -0.4233 -0.8854
vn 0.1431 -0.4421 -0.8855
vn 0.0971 -0.4543 -0.8855
vn 0.0971 -0.4544 -0.8855
vn 0.0556 -0.4612 -0.8855
vn 0.0555 -0.4611 -0.8856
vn 0.0220 -0.4638 -0.8857
vn 0.0220 -0.4637 -0.8857
vn 0.2323 -0.2733 -0.9335
vn 0.1888 -0.3047 -0.9335
vn 0.1887 -0.3047 -0.9336
vn 0.1480 -0.3263 -0.9336
vn 0.1479 -0.3262 -0.9336
vn 0.1103 -0.3407 -0.9337
vn 0.0749 -0.3501 -0.9337
vn 0.0749 -0.3502 -0.9337
vn 0.0428 -0.3554 -0.9337
vn 0.0428 -0.3554 -0.9338
vn 0.0169 -0.3574 -0.9338
vn 0.0169 -0.3573 -0.9338
vn 0.2166 -0.3496 -0.9115
vn 0.1698 -0.3743 -0.9116
vn 0.1265 -0.3910 -0.9117
vn 0.1265 -0.3909 -0.9117
vn 0.0859 -0.4018 -0.9117
vn 0.0491 -0.4078 -0.9117
vn 0.0491 -0.4078 -0.9118
vn 0.0194 -0.4101 -0.9118
vn 0.0194 -0.4100 -0.9119
vn 0.0272 -0.5730 -0.8191
vn 0.0273 -0.5732 -0.8190
vn 0.0299 -0.6276 -0.7780
vn 0.0299 -0.6277 -0.7779
vn 0.1115 -0.9230 -0.3682
vn 0.0943 -0.9474 -0.3059
vn 0.0455 -0.9510 -0.3059
vn 0.0573 -0.9206 -0.3863
vn 0.0312 -0.9515 -0.3060
vn 0.0019 -0.5686 -0.8226
vn 0.0032 -0.5736 -0.8191
vn 0.0061 -0.6483 -0.7613
vn -0.0013 -0.6283 -0.7780
vn 0.0064 -0.6814 -0.7319
vn 0.0324 -0.6807 -0.7318
vn 0.0084 -0.9548 -0.2972
vn 0.0068 -0.9520 -0.3060
vn 0.0069 -0.9682 -0.2501
vn 0.1951 -0.9134 -0.3572
vn 0.1120 -0.9272 -0.3573
vn 0.1120 -0.9272 -0.3574
vn 0.0446 -0.9328 -0.3575
vn 0.0446 -0.9328 -0.3576
vn 0.0045 -0.9338 -0.3577
vn 0.0041 -0.9332 -0.3594
vn 0.0071 -0.9939 -0.1098
vn 0.0105 -0.9904 -0.1377
vn 0.0325 -0.9899 -0.1377
vn 0.0616 -0.9886 -0.1377
vn 0.0982 -0.9856 -0.1377
vn 0.1388 -0.9807 -0.1377
vn 0.1828 -0.9735 -0.1377
vn 0.2304 -0.9633 -0.1377
vn 0.2797 -0.9502 -0.1377
vn 0.9229 -0.1119 -0.3684
vn 0.9272 -0.1124 -0.3574
vn 0.9328 -0.0448 -0.3575
vn 0.9109 -0.0437 -0.4104
vn 0.9118 -0.0077 -0.4105
vn 0.8937 -0.0032 -0.4486
vn 0.8457 -0.0062 -0.5336
vn 0.8857 -0.0062 -0.4642
vn 0.8848 -0.0424 -0.4641
vn 0.9109 -0.0437 -0.4102
vn 0.9054 -0.1097 -0.4101
vn 0.9272 -0.1124 -0.3573
vn 0.9133 -0.1955 -0.3572
vn 0.9682 -0.0069 -0.2502
vn 0.9728 -0.0109 -0.2313
vn 0.9724 -0.0320 -0.2313
vn 0.9710 -0.0607 -0.2313
vn 0.9710 -0.0608 -0.2312
vn 0.9980 -0.0071 -0.0623
vn 0.9994 -0.0163 -0.0295
vn 0.9988 -0.0328 -0.0371
vn 0.9986 -0.0395 -0.0343
vn 0.9975 -0.0624 -0.0343
vn 0.9975 -0.0623 -0.0345
vn 0.3993 -0.0019 -0.9168
vn 0.4641 -0.0039 -0.8858
vn 0.4637 -0.0221 -0.8857
vn 0.5183 -0.0247 -0.8549
vn 0.5153 -0.0623 -0.8548
vn 0.5699 -0.0689 -0.8188
vn 0.5614 -0.1202 -0.8188
vn 0.6148 -0.1316 -0.7776
vn 0.5981 -0.1939 -0.7776
vn 0.6487 -0.2103 -0.7314
vn 0.6289 -0.2628 -0.7317
vn 0.9115 -0.3965 -0.1094
vn 0.8922 -0.3881 -0.2312
vn 0.8730 -0.3797 -0.3060
vn 0.8709 -0.3640 -0.3302
vn 0.8617 -0.3601 -0.3576
vn 0.8804 -0.3115 -0.3576
vn 0.8957 -0.2642 -0.3576
vn 0.9133 -0.1955 -0.3573
vn 0.8919 -0.1909 -0.4100
vn 0.8795 -0.1066 -0.4638
vn 0.8848 -0.0424 -0.4640
vn 0.8540 -0.0409 -0.5186
vn 0.8550 -0.0016 -0.5187
vn 0.9520 -0.0078 -0.3060
vn 0.9515 -0.0313 -0.3060
vn 0.9363 -0.0449 -0.3483
vn 0.9502 -0.0594 -0.3059
vn 0.9473 -0.0947 -0.3059
vn 0.9681 -0.0968 -0.2312
vn 0.9856 -0.0986 -0.1377
vn 0.9944 -0.0995 -0.0345
vn 0.9945 -0.0986 -0.0353
vn 0.5739 -0.2606 -0.7763
vn 0.5726 -0.2600 -0.7775
vn 0.5982 -0.1939 -0.7776
vn 0.5462 -0.1771 -0.8188
vn 0.5077 -0.1087 -0.8546
vn 0.5153 -0.0623 -0.8547
vn 0.4611 -0.0558 -0.8856
vn 0.4638 -0.0221 -0.8857
vn 0.4100 -0.0195 -0.9119
vn 0.4105 0.0013 -0.9119
vn 0.5686 -0.0030 -0.8226
vn 0.6282 -0.0053 -0.7781
vn 0.6276 -0.0300 -0.7780
vn 0.6809 -0.0325 -0.7317
vn 0.6768 -0.0819 -0.7316
vn 0.7269 -0.0880 -0.6811
vn 0.7161 -0.1533 -0.6810
vn 0.7611 -0.1629 -0.6278
vn 0.7463 -0.2202 -0.6281
vn 0.7677 -0.3765 -0.5185
vn 0.7889 -0.3297 -0.5186
vn 0.8061 -0.2852 -0.5186
vn 0.8061 -0.2852 -0.5185
vn 0.8201 -0.2419 -0.5186
vn 0.8201 -0.2419 -0.5185
vn 0.8363 -0.1790 -0.5182
vn 0.8013 -0.1715 -0.5731
vn 0.8135 -0.0985 -0.5732
vn 0.7726 -0.0936 -0.6279
vn 0.7773 -0.0372 -0.6281
vn 0.7311 -0.0350 -0.6814
vn 0.7319 -0.0018 -0.6814
vn 0.9616 -0.1810 -0.2065
vn 0.9515 -0.2280 -0.2065
vn 0.9632 -0.2308 -0.1377
vn 0.9717 -0.2328 -0.0392
vn 0.9705 -0.2387 -0.0345
vn 0.9616 -0.1810 -0.2064
vn 0.9734 -0.1832 -0.1377
vn 0.9821 -0.1849 -0.0355
vn 0.9820 -0.1855 -0.0348
vn 0.4222 -0.3888 -0.8189
vn 0.3818 -0.3516 -0.8548
vn 0.4085 -0.3202 -0.8548
vn 0.3655 -0.2865 -0.8856
vn 0.3953 -0.2450 -0.8853
vn 0.3496 -0.2166 -0.9115
vn 0.3743 -0.1699 -0.9116
vn 0.3262 -0.1480 -0.9336
vn 0.3407 -0.1104 -0.9337
vn 0.2914 -0.0945 -0.9519
vn 0.2996 -0.0642 -0.9519
vn 0.2264 -0.0485 -0.9728
vn 0.1454 -0.0311 -0.9889
vn 0.1476 -0.0178 -0.9889
vn 0.0849 -0.0102 -0.9963
vn 0.0854 -0.0040 -0.9963
vn 0.5727 -0.2600 -0.7775
vn 0.5229 -0.2374 -0.8187
vn 0.5462 -0.1771 -0.8187
vn 0.4939 -0.1601 -0.8546
vn 0.5076 -0.1087 -0.8547
vn 0.4544 -0.0973 -0.8855
vn 0.4612 -0.0558 -0.8855
vn 0.4077 -0.0493 -0.9118
vn 0.4101 -0.0195 -0.9118
vn 0.3573 -0.0170 -0.9338
vn 0.3576 -0.0038 -0.9339
vn 0.3094 0.0007 -0.9509
vn 0.6968 -0.2259 -0.6808
vn 0.6967 -0.2259 -0.6809
vn 0.6669 -0.1428 -0.7314
vn 0.6769 -0.0819 -0.7315
vn 0.6240 -0.0755 -0.7778
vn 0.6277 -0.0299 -0.7779
vn 0.5730 -0.0273 -0.8191
vn 0.5736 -0.0016 -0.8191
vn 0.9402 -0.2253 -0.2555
vn 0.9273 -0.2735 -0.2555
vn 0.9115 -0.3225 -0.2555
vn 0.9115 -0.3225 -0.2554
vn 0.9515 -0.2280 -0.2064
vn 0.9385 -0.2768 -0.2064
vn 0.9500 -0.2802 -0.1377
vn 0.9586 -0.2828 -0.0345
vn 0.9586 -0.2826 -0.0346
vn 0.0196 -0.0063 -0.9998
vn 0.0185 -0.0084 -0.9998
vn 0.0194 -0.0084 -0.9998
vn 0.0176 -0.0097 -0.9998
vn 0.3417 -0.3146 -0.8856
vn 0.3142 -0.2672 -0.9110
vn 0.3135 -0.2665 -0.9114
vn 0.3046 -0.1888 -0.9336
vn 0.2791 -0.1267 -0.9519
vn 0.2915 -0.0945 -0.9519
vn 0.2203 -0.0714 -0.9728
vn 0.1414 -0.0458 -0.9889
vn 0.1453 -0.0312 -0.9889
vn 0.0836 -0.0179 -0.9963
vn 0.0201 -0.0024 -0.9998
vn 0.0205 -0.0010 -0.9998
vn 0.0197 -0.0005 -0.9998
vn 0.8385 -0.4112 -0.3575
vn 0.8188 -0.4016 -0.4102
vn 0.8415 -0.3516 -0.4103
vn 0.8351 -0.2954 -0.4640
vn 0.8496 -0.2506 -0.4641
vn 0.8496 -0.2506 -0.4640
vn 0.8664 -0.1854 -0.4637
vn 0.8364 -0.1790 -0.5181
vn 0.8490 -0.1028 -0.5182
vn 0.8134 -0.0985 -0.5733
vn 0.8183 -0.0392 -0.5734
vn 0.7772 -0.0372 -0.6282
vn 0.7780 -0.0059 -0.6283
vn 0.7235 -0.0047 -0.6903
vn 0.9499 -0.3107 -0.0346
vn 0.9421 -0.3333 -0.0375
vn 0.9338 -0.3304 -0.1377
vn 0.9193 -0.3686 -0.1377
vn 0.9082 -0.3641 -0.2066
vn 0.8980 -0.3742 -0.2313
vn 0.8974 -0.3598 -0.2555
vn 0.8837 -0.3543 -0.3059
vn 0.8976 -0.3175 -0.3059
vn 0.9132 -0.2694 -0.3059
vn 0.9259 -0.2219 -0.3059
vn 0.9034 -0.1933 -0.3826
vn 0.9356 -0.1761 -0.3059
vn 0.9426 -0.1338 -0.3059
vn 0.9572 -0.1359 -0.2555
vn 0.9642 -0.1298 -0.2312
vn 0.9687 -0.1375 -0.2064
vn 0.9806 -0.1392 -0.1377
vn 0.9894 -0.1404 -0.0381
vn 0.9890 -0.1436 -0.0355
vn 0.9326 -0.3592 0.0352
vn 0.9225 -0.3855 -0.0162
vn 0.9211 -0.3849 -0.0588
vn 0.9139 -0.3819 -0.1376
vn 0.8960 -0.4223 -0.1377
vn 0.0166 -0.0114 -0.9998
vn 0.0180 -0.0112 -0.9998
vn 0.0728 -0.0451 -0.9963
vn 0.1265 -0.0784 -0.9889
vn 0.3014 -0.3545 -0.8851
vn 0.2666 -0.3135 -0.9114
vn 0.3135 -0.2666 -0.9114
vn 0.2732 -0.2323 -0.9335
vn 0.3047 -0.1888 -0.9335
vn 0.2607 -0.1615 -0.9518
vn 0.2110 -0.0957 -0.9728
vn 0.2109 -0.0957 -0.9728
vn 0.1354 -0.0615 -0.9889
vn 0.0814 -0.0264 -0.9963
vn 0.0200 -0.0043 -0.9998
vn 0.0202 -0.0024 -0.9998
vn 0.1248 0.0030 -0.9922
vn 0.1484 -0.0024 -0.9889
vn 0.1483 -0.0070 -0.9889
vn 0.2310 -0.0109 -0.9729
vn 0.2311 -0.0110 -0.9729
vn 0.3058 -0.0145 -0.9520
vn 0.3040 -0.0367 -0.9520
vn 0.3554 -0.0429 -0.9337
vn 0.3502 -0.0750 -0.9337
vn 0.4017 -0.0860 -0.9117
vn 0.3909 -0.1267 -0.9117
vn 0.4420 -0.1433 -0.8855
vn 0.4232 -0.1921 -0.8854
vn 0.4729 -0.2147 -0.8545
vn 0.4417 -0.2737 -0.8544
vn 0.4415 -0.2736 -0.8545
vn 0.4771 -0.3189 -0.8189
vn 0.7689 -0.4399 -0.4639
vn 0.7689 -0.4399 -0.4640
vn 0.7916 -0.4529 -0.4103
vn 0.7916 -0.4529 -0.4102
vn 0.8106 -0.4638 -0.3575
vn 0.8178 -0.4679 -0.3350
vn 0.8341 -0.4590 -0.3060
vn 0.8524 -0.4690 -0.2312
vn 0.8011 -0.5145 -0.3060
vn 0.8185 -0.4863 -0.3060
vn 0.8364 -0.4970 -0.2312
vn 0.0161 -0.0136 -0.9998
vn 0.0160 -0.0136 -0.9998
vn 0.0653 -0.0555 -0.9963
vn 0.1135 -0.0965 -0.9888
vn 0.4084 -0.3202 -0.8548
vn 0.3953 -0.2449 -0.8853
vn 0.3742 -0.1699 -0.9116
vn 0.3501 -0.0750 -0.9337
vn 0.3041 -0.0367 -0.9519
vn 0.2298 -0.0278 -0.9728
vn 0.2298 -0.0277 -0.9728
vn 0.1475 -0.0178 -0.9889
vn 0.1484 -0.0070 -0.9889
vn 0.0853 -0.0040 -0.9963
vn 0.0854 -0.0024 -0.9963
vn 0.0293 0.0042 -0.9996
vn 0.7538 -0.6150 -0.2312
vn 0.7912 -0.5959 -0.1377
vn 0.8133 -0.5654 -0.1377
vn 0.8210 -0.5707 -0.0183
vn 0.8400 -0.5394 -0.0588
vn 0.8665 -0.4958 -0.0588
vn 0.7675 -0.6261 -0.1377
vn 0.7748 -0.6321 -0.0149
vn 0.7855 -0.6160 -0.0588
vn 0.7869 -0.6171 -0.0026
vn 0.7331 -0.6799 -0.0179
vn 0.6484 -0.0015 -0.7613
vn 0.6814 -0.0063 -0.7319
vn 0.6807 -0.0325 -0.7318
vn 0.7312 -0.0350 -0.6813
vn 0.7268 -0.0880 -0.6812
vn 0.7727 -0.0936 -0.6278
vn 0.7612 -0.1629 -0.6277
vn 0.7857 -0.2318 -0.5735
vn 0.7723 -0.2732 -0.5735
vn 0.7723 -0.2732 -0.5734
vn 0.7559 -0.3159 -0.5734
vn 0.7356 -0.3607 -0.5734
vn 0.7177 -0.5628 -0.4101
vn 0.6326 -0.6871 -0.3574
vn 0.6449 -0.7004 -0.3058
vn 0.6404 -0.6677 -0.3795
vn 0.6735 -0.7021 -0.2312
vn 0.6856 -0.7148 -0.1377
vn 0.7895 -0.0030 -0.6138
vn 0.8191 -0.0073 -0.5736
vn 0.8182 -0.0392 -0.5735
vn 0.8541 -0.0409 -0.5185
vn 0.8490 -0.1029 -0.5183
vn 0.8747 -0.2580 -0.4103
vn 0.8597 -0.3042 -0.4103
vn 0.8414 -0.3516 -0.4103
vn 0.8385 -0.4112 -0.3576
vn 0.8468 -0.4153 -0.3324
vn 0.8482 -0.4323 -0.3060
vn 0.8668 -0.4418 -0.2312
vn 0.8858 -0.4515 -0.1070
vn 0.8893 -0.4361 -0.1376
vn 0.8746 -0.4812 -0.0588
vn 0.8595 -0.5106 -0.0233
vn 0.8186 -0.5258 -0.2312
vn 0.7817 -0.5434 -0.3060
vn 0.7605 -0.5728 -0.3060
vn 0.7396 -0.5800 -0.3415
vn 0.7377 -0.6018 -0.3059
vn 0.7133 -0.6305 -0.3059
vn 0.7290 -0.6443 -0.2312
vn 0.7421 -0.6560 -0.1377
vn 0.7480 -0.6611 -0.0588
vn 0.7216 -0.6922 -0.0121
vn 0.7343 -0.6762 -0.0588
vn 0.6910 -0.7205 -0.0588
vn 0.6769 -0.7352 -0.0354
vn 0.6611 -0.7480 -0.0588
vn 0.6309 -0.7736 -0.0588
vn 0.5958 -0.7913 -0.1377
vn 0.0614 -0.1354 -0.9889
vn 0.0108 -0.0175 -0.9998
vn 0.0132 -0.0155 -0.9998
vn 0.0137 -0.0173 -0.9998
vn 0.0140 -0.0145 -0.9998
vn 0.3026 -0.4884 -0.8184
vn 0.2737 -0.4417 -0.8544
vn 0.5144 -0.8011 -0.3060
vn 0.5257 -0.8186 -0.2312
vn 0.5352 -0.8334 -0.1377
vn 0.5394 -0.8400 -0.0588
vn 0.4857 -0.0002 -0.8741
vn 0.5186 -0.0050 -0.8550
vn 0.5182 -0.0247 -0.8549
vn 0.5732 -0.0273 -0.8190
vn 0.5698 -0.0689 -0.8189
vn 0.6241 -0.0755 -0.7777
vn 0.6668 -0.1428 -0.7315
vn 0.6754 -0.2822 -0.6813
vn 0.6572 -0.3223 -0.6813
vn 0.6354 -0.3636 -0.6813
vn 0.6470 -0.4325 -0.6280
vn 0.6447 -0.5056 -0.5733
vn 0.6291 -0.5793 -0.5184
vn 0.6517 -0.6001 -0.4639
vn 0.6001 -0.6517 -0.4639
vn 0.5627 -0.7178 -0.4101
vn 0.5190 -0.7765 -0.3574
vn 0.5291 -0.7916 -0.3058
vn 0.5302 -0.7629 -0.3700
vn 0.5552 -0.7989 -0.2312
vn 0.5652 -0.8133 -0.1377
vn 0.5653 -0.8133 -0.1377
vn 0.5697 -0.8197 -0.0588
vn 0.5553 -0.8308 -0.0385
vn 0.5557 -0.8313 -0.0128
vn 0.4857 -0.8741 -0.0053
vn 0.2820 -0.6755 -0.6813
vn 0.3222 -0.6573 -0.6813
vn 0.3425 -0.6987 -0.6281
vn 0.3864 -0.6755 -0.6280
vn 0.5667 -0.3788 -0.7316
vn 0.6087 -0.4068 -0.6812
vn 0.5761 -0.4517 -0.6812
vn 0.6125 -0.4802 -0.6279
vn 0.6027 -0.5550 -0.5733
vn 0.5793 -0.6291 -0.5184
vn 0.5276 -0.6730 -0.5184
vn 0.5465 -0.6972 -0.4639
vn 0.5068 -0.7582 -0.4102
vn 0.4638 -0.8106 -0.3575
vn 0.4191 -0.8549 -0.3059
vn 0.4239 -0.8320 -0.3579
vn 0.4417 -0.8669 -0.2312
vn 0.0179 -0.0836 -0.9963
vn 0.0064 -0.0198 -0.9998
vn 0.0081 -0.0179 -0.9998
vn 0.0082 -0.0204 -0.9998
vn 0.0092 -0.0178 -0.9998
vn 0.2998 -0.7181 -0.6281
vn 0.2255 -0.6968 -0.6809
vn 0.4812 -0.8746 -0.0588
vn 0.4394 -0.8964 -0.0588
vn 0.3846 -0.9212 -0.0588
vn 0.3325 -0.9413 -0.0588
vn 0.2763 -0.9386 -0.2065
vn 0.2950 -0.8353 -0.4640
vn 0.2502 -0.8498 -0.4640
vn 0.1851 -0.8664 -0.4637
vn 0.4774 -0.8678 -0.1377
vn 0.4496 -0.8825 -0.1377
vn 0.4369 -0.8912 -0.1222
vn 0.4220 -0.8961 -0.1377
vn 0.3948 -0.9084 -0.1377
vn 0.3739 -0.8982 -0.2313
vn 0.3594 -0.8975 -0.2555
vn 0.3220 -0.9116 -0.2554
vn 0.2731 -0.9275 -0.2554
vn 0.2730 -0.9275 -0.2555
vn 0.2249 -0.9403 -0.2555
vn 0.2249 -0.9403 -0.2554
vn 0.1785 -0.9502 -0.2554
vn 0.1767 -0.1502 -0.9727
vn 0.1767 -0.1503 -0.9727
vn 0.1502 -0.1768 -0.9727
vn 0.1502 -0.1767 -0.9727
vn 0.1221 -0.1971 -0.9728
vn 0.1220 -0.1970 -0.9728
vn 0.0957 -0.2110 -0.9728
vn 0.0713 -0.2203 -0.9728
vn 0.0484 -0.2264 -0.9728
vn 0.0276 -0.2299 -0.9728
vn 0.0277 -0.2298 -0.9728
vn 0.0390 -0.8182 -0.5735
vn 0.0371 -0.7773 -0.6280
vn 0.0932 -0.7727 -0.6279
vn 0.0877 -0.7270 -0.6811
vn 0.1530 -0.7162 -0.6810
vn 0.1425 -0.6668 -0.7314
vn 0.2100 -0.6488 -0.7314
vn 0.1936 -0.5982 -0.7776
vn 0.2598 -0.5727 -0.7775
vn 0.2372 -0.5230 -0.8186
vn 0.2850 -0.4981 -0.8190
vn 0.2634 -0.3941 -0.8805
vn 0.3877 -0.4947 -0.7778
vn 0.0423 -0.8848 -0.4641
vn 0.0408 -0.8541 -0.5185
vn 0.1025 -0.8490 -0.5184
vn 0.0982 -0.8135 -0.5732
vn 0.1712 -0.8014 -0.5731
vn 0.1626 -0.7612 -0.6278
vn 0.2198 -0.7464 -0.6281
vn 0.2591 -0.7337 -0.6281
vn 0.4517 -0.5762 -0.6811
vn 0.4801 -0.6125 -0.6279
vn 0.4324 -0.6470 -0.6280
vn 0.4552 -0.6812 -0.5734
vn 0.4068 -0.7111 -0.5734
vn 0.4246 -0.7422 -0.5185
vn 0.3764 -0.7678 -0.5185
vn 0.3294 -0.7891 -0.5185
vn 0.2848 -0.8062 -0.5185
vn 0.2847 -0.8062 -0.5185
vn 0.2415 -0.8202 -0.5186
vn 0.2415 -0.8202 -0.5185
vn 0.1787 -0.8364 -0.5182
vn 0.1851 -0.8665 -0.4637
vn 0.1062 -0.8796 -0.4638
vn 0.2338 -0.1988 -0.9517
vn 0.1988 -0.2338 -0.9517
vn 0.1987 -0.2338 -0.9518
vn 0.1615 -0.2607 -0.9518
vn 0.1266 -0.2791 -0.9519
vn 0.0943 -0.2915 -0.9519
vn 0.0640 -0.2996 -0.9519
vn 0.0641 -0.2996 -0.9519
vn 0.0366 -0.3041 -0.9519
vn 0.0366 -0.3040 -0.9520
vn 0.0145 -0.3058 -0.9520
vn 0.0408 -0.8540 -0.5186
vn 0.0391 -0.8183 -0.5734
vn 0.0982 -0.8134 -0.5733
vn 0.0933 -0.7727 -0.6278
vn 0.1627 -0.7613 -0.6277
vn 0.1530 -0.7161 -0.6810
vn 0.2100 -0.6489 -0.7314
vn 0.2626 -0.6290 -0.7317
vn 0.2573 -0.5249 -0.8113
vn 0.3635 -0.6354 -0.6812
vn 0.3635 -0.6354 -0.6813
vn 0.4068 -0.6087 -0.6812
vn 0.4516 -0.5762 -0.6812
vn 0.3606 -0.7356 -0.5734
vn 0.3156 -0.7560 -0.5735
vn 0.2728 -0.7725 -0.5735
vn 0.2314 -0.7859 -0.5735
vn 0.1025 -0.8491 -0.5183
vn 0.1062 -0.8795 -0.4639
vn 0.0423 -0.8848 -0.4640
vn 0.0046 -0.2230 -0.9748
vn 0.0017 -0.2312 -0.9729
vn 0.0013 -0.1766 -0.9843
vn 0.0024 -0.1484 -0.9889
vn -0.0030 -0.1248 -0.9922
vn 0.0024 -0.0854 -0.9963
vn -0.0061 -0.0132 -0.9999
vn 0.0010 -0.0207 -0.9998
vn 0.0019 -0.0198 -0.9998
vn 0.0025 -0.0205 -0.9998
vn 0.0039 -0.0198 -0.9998
vn 0.1599 -0.4940 -0.8546
vn 0.1085 -0.5077 -0.8547
vn 0.0621 -0.5154 -0.8547
vn 0.0621 -0.5153 -0.8548
vn 0.0246 -0.5183 -0.8548
vn 0.0246 -0.5182 -0.8549
vn 0.0050 -0.5186 -0.8550
vn -0.0028 -0.4642 -0.8857
vn 0.0046 -0.4857 -0.8741
vn 0.0023 -0.4104 -0.9119
vn -0.0002 -0.3993 -0.9168
vn 0.0039 -0.3576 -0.9339
vn -0.0010 -0.3060 -0.9520
vn 0.0144 -0.3057 -0.9520
vn 0.0109 -0.2310 -0.9729
vn 0.0109 -0.2311 -0.9729
vn 0.0070 -0.1484 -0.9889
vn 0.0177 -0.1475 -0.9889
vn 0.0043 -0.0202 -0.9998
vn 0.0058 -0.0193 -0.9998
vn 0.0062 -0.7895 -0.6138
vn 0.0049 -0.7318 -0.6815
vn 0.0348 -0.7311 -0.6814
vn 0.0324 -0.6809 -0.7317
vn 0.0816 -0.6769 -0.7316
vn 0.0753 -0.6241 -0.7777
vn 0.1314 -0.6149 -0.7776
vn 0.1200 -0.5614 -0.8188
vn 0.1768 -0.5463 -0.8187
vn 0.2145 -0.4730 -0.8546
vn 0.2449 -0.3953 -0.8853
vn 0.2665 -0.3135 -0.9114
vn 0.2733 -0.2323 -0.9335
vn 0.2338 -0.1988 -0.9518
vn 0.1971 -0.1221 -0.9728
vn 0.1970 -0.1220 -0.9728
vn 0.0195 -0.0063 -0.9998
vn 0.0199 -0.0043 -0.9998
vn 0.1905 -0.8920 -0.4100
vn 0.1906 -0.8920 -0.4100
vn 0.1093 -0.9055 -0.4101
vn 0.1093 -0.9054 -0.4101
vn 0.0436 -0.9109 -0.4103
vn 0.0435 -0.9109 -0.4104
vn 0.0078 -0.9119 -0.4104
vn 0.0014 -0.8858 -0.4641
vn 0.0063 -0.8937 -0.4486
vn 0.0062 -0.8549 -0.5187
vn 0.0032 -0.8457 -0.5336
vn 0.0073 -0.8191 -0.5736
vn 0.0014 -0.7780 -0.6282
vn 0.0371 -0.7772 -0.6282
vn 0.0349 -0.7312 -0.6813
vn 0.0877 -0.7269 -0.6812
vn 0.0817 -0.6769 -0.7315
vn 0.1425 -0.6669 -0.7314
vn 0.1314 -0.6148 -0.7776
vn 0.2372 -0.5230 -0.8187
vn 0.2145 -0.4730 -0.8545
vn 0.2736 -0.4417 -0.8544
vn 0.2450 -0.3953 -0.8853
vn 0.2865 -0.3656 -0.8856
vn 0.2511 -0.2727 -0.9288
vn 0.3516 -0.3818 -0.8548
vn 0.3888 -0.4222 -0.8189
vn 0.4258 -0.4624 -0.7778
vn 0.4618 -0.5015 -0.7316
vn 0.4960 -0.5386 -0.6811
vn 0.0070 -0.9795 -0.2012
vn 0.0110 -0.9728 -0.2313
vn 0.0319 -0.9724 -0.2313
vn 0.0605 -0.9710 -0.2313
vn 0.0605 -0.9710 -0.2312
vn 0.0964 -0.9681 -0.2312
vn 0.1293 -0.9643 -0.2312
vn 0.1355 -0.9573 -0.2554
vn 0.1758 -0.9357 -0.3059
vn 0.1930 -0.9036 -0.3825
vn 0.1951 -0.9134 -0.3573
vn 0.2638 -0.8959 -0.3576
vn 0.3110 -0.8806 -0.3576
vn 0.3110 -0.8806 -0.3575
vn 0.4014 -0.8189 -0.4102
vn 0.4399 -0.7689 -0.4639
vn 0.4553 -0.6812 -0.5734
vn 0.5055 -0.6448 -0.5733
vn 0.4959 -0.5386 -0.6812
vn 0.5386 -0.4960 -0.6812
vn 0.5015 -0.4619 -0.7315
vn 0.5365 -0.4207 -0.7316
vn 0.5225 -0.3493 -0.7778
vn 0.5225 -0.3492 -0.7778
vn 0.0072 -0.9999 -0.0116
vn 0.0150 -0.9993 -0.0345
vn 0.0328 -0.9989 -0.0345
vn 0.0631 -0.9974 -0.0345
vn 0.0622 -0.9975 -0.0336
vn 0.0995 -0.9944 -0.0354
vn 0.0991 -0.9945 -0.0351
vn 0.1442 -0.9889 -0.0351
vn 0.1401 -0.9897 -0.0302
vn 0.1893 -0.9811 -0.0395
vn 0.1845 -0.9822 -0.0346
vn 0.2326 -0.9720 -0.0346
vn 0.2325 -0.9720 -0.0345
vn 0.2603 -0.9649 -0.0345
vn 0.2822 -0.9586 -0.0376
vn 0.2854 -0.9578 -0.0347
vn 0.3217 -0.9462 -0.0347
vn 0.3313 -0.9434 -0.0137
vn 0.3853 -0.9228 -0.0049
vn 0.3991 -0.9164 0.0298
vn 0.4400 -0.8976 -0.0255
vn 0.4963 -0.8675 0.0342
vn 0.4962 -0.8673 -0.0409
vn 0.5099 -0.8582 -0.0588
vn 0.5059 -0.8515 -0.1377
vn 0.4969 -0.8364 -0.2312
vn 0.4760 -0.8012 -0.3627
vn 0.4728 -0.8264 -0.3059
vn 0.5190 -0.7765 -0.3575
vn 0.5627 -0.7178 -0.4102
vn 0.6027 -0.5551 -0.5733
vn 0.6448 -0.5056 -0.5733
vn 0.6124 -0.4802 -0.6280
vn 0.6086 -0.4068 -0.6812
vn 0.6354 -0.3635 -0.6813
vn 0.5916 -0.3385 -0.7317
vn 0.5454 -0.3121 -0.7779
vn 0.5455 -0.3121 -0.7779
vn 0.4980 -0.2850 -0.8190
vn 0.5230 -0.2374 -0.8186
vn 0.4729 -0.2147 -0.8546
vn 0.4543 -0.0973 -0.8855
vn 0.4018 -0.0860 -0.9117
vn 0.4078 -0.0493 -0.9117
vn 0.3553 -0.0429 -0.9338
vn 0.3574 -0.0170 -0.9338
vn 0.3057 -0.0145 -0.9520
vn 0.3060 -0.0001 -0.9520
vn 0.2312 -0.0042 -0.9729
vn 0.2230 -0.0016 -0.9748
vn 0.1766 -0.0013 -0.9843
vn 0.0006 -0.0756 0.9971
vn 0.0592 -0.9502 0.3060
vn 0.0816 -0.6769 0.7316
vn 0.0247 -0.0236 0.9994
vn 0.7912 -0.6112 0.0210
vn 0.9983 -0.0552 0.0204
vn 0.4642 0.0028 0.8857
vn 0.9515 -0.0313 0.3060
vn 0.9520 -0.0068 0.3060
vn 0.0164 -0.1369 0.9905
vn 0.3770 -0.9029 0.2065
vn 0.0727 -0.1174 0.9904
vn 0.3385 -0.5917 0.7317
vn 0.7953 -0.3901 0.4640
vn 0.8996 -0.4362 0.0204
vn 0.9273 -0.2735 0.2555
vn 0.9115 -0.3225 0.2555
vn 0.1348 -0.0289 0.9904
vn 0.9884 -0.0325 0.1485
vn 0.9952 -0.0478 0.0854
vn 0.9328 -0.0448 0.3575
vn 0.9922 -0.0477 0.1156
vn 0.9870 -0.0617 0.1484
vn 0.9840 -0.0984 0.1484
vn 0.9502 -0.3109 0.0206
vn 0.9425 -0.3334 0.0245
vn 0.9272 -0.1124 0.3574
vn 0.9054 -0.1097 0.4101
vn 0.8919 -0.1909 0.4100
vn 0.8664 -0.1854 0.4637
vn 0.8496 -0.2506 0.4640
vn 0.8496 -0.2506 0.4641
vn 0.8351 -0.2954 0.4641
vn 0.8351 -0.2954 0.4640
vn 0.8173 -0.3416 0.4640
vn 0.6966 -0.2259 0.6809
vn 0.8415 -0.3516 0.4103
vn 0.8597 -0.3042 0.4103
vn 0.8747 -0.2580 0.4103
vn 0.9133 -0.1955 0.3572
vn 0.9272 -0.1124 0.3573
vn 0.6572 -0.3223 0.6813
vn 0.6354 -0.3636 0.6813
vn 0.6987 -0.3427 0.6280
vn 0.6987 -0.3427 0.6281
vn 0.6754 -0.3865 0.6280
vn 0.6086 -0.4068 0.6812
vn 0.7331 -0.6799 0.0204
vn 0.5568 -0.8303 0.0227
vn 0.4965 -0.8678 0.0184
vn 0.4976 -0.8672 0.0204
vn 0.3635 -0.6354 0.6812
vn 0.3864 -0.6755 0.6280
vn 0.4324 -0.6470 0.6280
vn 0.4553 -0.6812 0.5734
vn 0.5055 -0.6448 0.5733
vn 0.5276 -0.6730 0.5184
vn 0.5793 -0.6291 0.5184
vn 0.6001 -0.6517 0.4639
vn 0.6517 -0.6001 0.4639
vn 0.6709 -0.6178 0.4101
vn 0.7177 -0.5628 0.4101
vn 0.7349 -0.5763 0.3574
vn 0.7764 -0.5190 0.3574
vn 0.7915 -0.5291 0.3058
vn 0.8264 -0.4728 0.3058
vn 0.8392 -0.4802 0.2554
vn 0.8681 -0.4257 0.2554
vn 0.8785 -0.4308 0.2065
vn 0.9028 -0.3773 0.2065
vn 0.9125 -0.3813 0.1484
vn 0.3312 -0.9433 0.0232
vn 0.3837 -0.9233 0.0175
vn 0.3852 -0.9226 0.0198
vn 0.2360 -0.9716 0.0158
vn 0.2823 -0.9590 0.0246
vn 0.2814 -0.9558 0.0854
vn 0.3318 -0.9395 0.0854
vn 0.3294 -0.9325 0.1484
vn 0.3810 -0.9126 0.1484
vn 0.4353 -0.8880 0.1484
vn 0.2198 -0.7464 0.6281
vn 0.2314 -0.7859 0.5735
vn 0.2415 -0.8202 0.5185
vn 0.2415 -0.8202 0.5186
vn 0.2502 -0.8498 0.4640
vn 0.2576 -0.8748 0.4103
vn 0.2638 -0.8959 0.3576
vn 0.2637 -0.8959 0.3576
vn 0.1785 -0.9502 0.2554
vn 0.1806 -0.9616 0.2065
vn 0.1806 -0.9616 0.2064
vn 0.1826 -0.9719 0.1484
vn 0.0473 -0.9878 0.1484
vn 0.0980 -0.9841 0.1484
vn 0.0964 -0.9681 0.2312
vn 0.0044 -0.9905 0.1377
vn 0.1195 -0.9892 0.0853
vn 0.0477 -0.9952 0.0854
vn 0.0087 -0.9963 0.0854
vn 0.0045 -0.9983 0.0588
vn 0.9851 -0.0031 0.1721
vn 0.9889 -0.0081 0.1485
vn 0.9971 -0.0054 0.0764
vn 0.9963 -0.0021 0.0854
vn 0.9999 -0.0112 0.0116
vn 0.2230 -0.0016 0.9748
vn 0.1248 0.0013 0.9922
vn 0.0293 -0.0036 0.9996
vn 0.0341 -0.0005 0.9994
vn 0.6487 -0.2103 0.7314
vn 0.6967 -0.2259 0.6809
vn 0.7161 -0.1533 0.6810
vn 0.7612 -0.1629 0.6277
vn 0.7727 -0.0936 0.6278
vn 0.8134 -0.0985 0.5733
vn 0.8183 -0.0392 0.5734
vn 0.8540 -0.0409 0.5186
vn 0.3094 0.0001 0.9509
vn 0.2312 -0.0042 0.9729
vn 0.2310 -0.0109 0.9729
vn 0.1376 -0.0065 0.9905
vn 0.1368 -0.0165 0.9905
vn 0.9925 -0.1017 0.0680
vn 0.9925 -0.1203 0.0204
vn 0.9891 -0.1199 0.0853
vn 0.9203 -0.0576 0.3870
vn 0.9510 -0.0456 0.3058
vn 0.9473 -0.0947 0.3059
vn 0.9229 -0.1119 0.3684
vn 0.9426 -0.1338 0.3059
vn 0.8848 -0.0424 0.4641
vn 0.8541 -0.0409 0.5185
vn 0.8490 -0.1028 0.5184
vn 0.8135 -0.0985 0.5732
vn 0.8013 -0.1715 0.5731
vn 0.7611 -0.1629 0.6278
vn 0.7463 -0.2202 0.6281
vn 0.6968 -0.2259 0.6808
vn 0.7336 -0.2595 0.6281
vn 0.1369 -0.0165 0.9905
vn 0.2298 -0.0277 0.9728
vn 0.2311 -0.0110 0.9729
vn 0.3057 -0.0145 0.9520
vn 0.3060 0.0010 0.9520
vn 0.9402 -0.2253 0.2555
vn 0.9515 -0.2280 0.2065
vn 0.9616 -0.1810 0.2065
vn 0.9719 -0.1829 0.1484
vn 0.9792 -0.1843 0.0854
vn 0.9825 -0.1849 0.0208
vn 0.9860 -0.1667 -0.0040
vn 0.3877 -0.4947 0.7778
vn 0.4206 -0.5366 0.7316
vn 0.4618 -0.5015 0.7316
vn 0.4959 -0.5386 0.6812
vn 0.5386 -0.4960 0.6812
vn 0.5725 -0.5272 0.6279
vn 0.6125 -0.4802 0.6279
vn 0.6448 -0.5056 0.5733
vn 0.6811 -0.4553 0.5734
vn 0.7109 -0.4752 0.5184
vn 0.7422 -0.4247 0.5185
vn 0.7689 -0.4399 0.4640
vn 0.8188 -0.4016 0.4102
vn 0.8414 -0.3516 0.4103
vn 0.8617 -0.3601 0.3576
vn 0.8804 -0.3115 0.3576
vn 0.8957 -0.2642 0.3576
vn 0.9133 -0.1955 0.3573
vn 0.9034 -0.1933 0.3826
vn 0.9356 -0.1761 0.3059
vn 0.9501 -0.1788 0.2555
vn 0.9572 -0.1359 0.2555
vn 0.9642 -0.1298 0.2312
vn 0.9681 -0.0968 0.2312
vn 0.9710 -0.0607 0.2312
vn 0.9710 -0.0607 0.2313
vn 0.9724 -0.0320 0.2313
vn 0.9729 -0.0069 0.2313
vn 0.9681 -0.0134 0.2501
vn 0.3993 0.0002 0.9168
vn 0.3576 -0.0038 0.9339
vn 0.3573 -0.0170 0.9338
vn 0.3058 -0.0145 0.9520
vn 0.3040 -0.0367 0.9520
vn 0.2298 -0.0278 0.9728
vn 0.2264 -0.0485 0.9728
vn 0.1312 -0.0425 0.9904
vn 0.9385 -0.2768 0.2064
vn 0.9515 -0.2280 0.2064
vn 0.9617 -0.2305 0.1484
vn 0.9617 -0.2304 0.1484
vn 0.9689 -0.2322 0.0854
vn 0.9721 -0.2329 0.0267
vn 0.9765 -0.2145 0.0208
vn 0.4857 -0.0046 0.8741
vn 0.4104 -0.0023 0.9119
vn 0.4100 -0.0195 0.9119
vn 0.3574 -0.0170 0.9338
vn 0.3553 -0.0429 0.9338
vn 0.3041 -0.0367 0.9519
vn 0.2996 -0.0642 0.9519
vn 0.2203 -0.0714 0.9728
vn 0.1256 -0.0570 0.9904
vn 0.4068 -0.7111 0.5734
vn 0.4246 -0.7422 0.5185
vn 0.4752 -0.7109 0.5184
vn 0.4923 -0.7365 0.4639
vn 0.5465 -0.6972 0.4639
vn 0.5627 -0.7178 0.4101
vn 0.6178 -0.6709 0.4101
vn 0.6326 -0.6871 0.3574
vn 0.6870 -0.6327 0.3574
vn 0.7004 -0.6450 0.3058
vn 0.7492 -0.5875 0.3058
vn 0.7608 -0.5966 0.2553
vn 0.8038 -0.5373 0.2554
vn 0.8134 -0.5438 0.2064
vn 0.8493 -0.4859 0.2064
vn 0.8584 -0.4911 0.1484
vn 0.8879 -0.4355 0.1484
vn 0.8945 -0.4387 0.0854
vn 0.9193 -0.3842 0.0854
vn 0.9225 -0.3855 0.0204
vn 0.9414 -0.3366 0.0204
vn 0.1766 -0.0013 0.9843
vn 0.1377 -0.0028 0.9905
vn 0.0349 -0.0016 0.9994
vn 0.0328 -0.0040 0.9995
vn 0.0352 -0.0032 0.9994
vn 0.0332 -0.0071 0.9994
vn 0.0347 -0.0067 0.9994
vn 0.0322 -0.0104 0.9994
vn 0.0342 -0.0101 0.9994
vn 0.0304 -0.0138 0.9994
vn 0.0342 -0.0136 0.9993
vn 0.0304 -0.0155 0.9994
vn 0.4417 -0.2737 0.8544
vn 0.4884 -0.3027 0.8184
vn 0.8182 -0.0392 0.5735
vn 0.7773 -0.0372 0.6281
vn 0.7726 -0.0936 0.6279
vn 0.7269 -0.0880 0.6811
vn 0.6668 -0.1427 0.7314
vn 0.5981 -0.1939 0.7776
vn 0.5727 -0.2600 0.7775
vn 0.5229 -0.2374 0.8186
vn 0.4980 -0.2850 0.8190
vn 0.3942 -0.2634 0.8805
vn 0.4637 -0.0221 0.8857
vn 0.4101 -0.0195 0.9118
vn 0.4077 -0.0493 0.9118
vn 0.3554 -0.0430 0.9337
vn 0.3502 -0.0750 0.9337
vn 0.2995 -0.0642 0.9519
vn 0.2915 -0.0945 0.9519
vn 0.2109 -0.0957 0.9728
vn 0.1173 -0.0727 0.9904
vn 0.0300 -0.0186 0.9994
vn 0.0294 -0.0186 0.9994
vn 0.3413 -0.8175 0.4640
vn 0.3513 -0.8416 0.4103
vn 0.4014 -0.8189 0.4102
vn 0.4111 -0.8386 0.3575
vn 0.4638 -0.8106 0.3575
vn 0.4728 -0.8264 0.3059
vn 0.5291 -0.7915 0.3058
vn 0.5373 -0.8038 0.2554
vn 0.5965 -0.7609 0.2554
vn 0.6037 -0.7701 0.2064
vn 0.6628 -0.7198 0.2064
vn 0.6699 -0.7275 0.1484
vn 0.7275 -0.6699 0.1484
vn 0.7329 -0.6749 0.0853
vn 0.7840 -0.6148 0.0853
vn 0.7869 -0.6171 0.0077
vn 0.8346 -0.5500 0.0305
vn 0.4517 -0.5762 0.6811
vn 0.4960 -0.5386 0.6811
vn 0.5272 -0.5725 0.6279
vn 0.6027 -0.5551 0.5733
vn 0.6729 -0.5277 0.5184
vn 0.7365 -0.4923 0.4639
vn 0.7689 -0.4399 0.4639
vn 0.7916 -0.4529 0.4102
vn 0.8188 -0.4016 0.4103
vn 0.8385 -0.4112 0.3576
vn 0.8784 -0.3671 0.3059
vn 0.8976 -0.3175 0.3059
vn 0.9132 -0.2694 0.3059
vn 0.9259 -0.2219 0.3059
vn 0.9616 -0.1810 0.2064
vn 0.9687 -0.1375 0.2064
vn 0.9791 -0.1390 0.1484
vn 0.9879 -0.1198 0.0990
vn 0.9983 -0.0480 0.0332
vn 0.9999 -0.0116 0.0107
vn 0.4084 -0.3202 0.8548
vn 0.4517 -0.3541 0.8189
vn 0.4946 -0.3878 0.7778
vn 0.5225 -0.3492 0.7778
vn 0.5455 -0.3121 0.7779
vn 0.0228 -0.0268 0.9994
vn 0.0895 -0.1053 0.9904
vn 0.1053 -0.0895 0.9904
vn 0.1767 -0.1502 0.9727
vn 0.1971 -0.1221 0.9728
vn 0.2607 -0.1615 0.9518
vn 0.2791 -0.1267 0.9519
vn 0.3262 -0.1480 0.9336
vn 0.3407 -0.1104 0.9337
vn 0.3909 -0.1267 0.9117
vn 0.4017 -0.0860 0.9117
vn 0.4544 -0.0973 0.8855
vn 0.4612 -0.0558 0.8855
vn 0.5152 -0.0623 0.8548
vn 0.5183 -0.0247 0.8548
vn 0.5730 -0.0273 0.8191
vn 0.5736 -0.0032 0.8191
vn 0.6484 -0.0061 0.7613
vn 0.5686 -0.0019 0.8226
vn 0.5186 -0.0050 0.8550
vn 0.5181 -0.0247 0.8549
vn 0.4638 -0.0221 0.8857
vn 0.4611 -0.0557 0.8856
vn 0.4078 -0.0493 0.9117
vn 0.4018 -0.0861 0.9117
vn 0.3501 -0.0750 0.9337
vn 0.2110 -0.0957 0.9728
vn 0.1970 -0.1220 0.9728
vn 0.1174 -0.0727 0.9904
vn 0.0261 -0.0222 0.9994
vn 0.0291 -0.0227 0.9993
vn 0.6670 -0.7448 0.0208
vn 0.3598 -0.8618 0.3575
vn 0.3668 -0.8786 0.3059
vn 0.4191 -0.8549 0.3059
vn 0.4256 -0.8681 0.2554
vn 0.4801 -0.8392 0.2554
vn 0.4859 -0.8493 0.2064
vn 0.5437 -0.8135 0.2064
vn 0.5495 -0.8222 0.1484
vn 0.6101 -0.7783 0.1483
vn 0.6147 -0.7841 0.0853
vn 0.6749 -0.7330 0.0853
vn 0.6770 -0.7352 0.0350
vn 0.6968 -0.7170 0.0204
vn 0.4399 -0.7689 0.4640
vn 0.5068 -0.7582 0.4102
vn 0.5627 -0.7178 0.4102
vn 0.5762 -0.7350 0.3574
vn 0.6326 -0.6870 0.3574
vn 0.6449 -0.7004 0.3058
vn 0.7112 -0.6550 0.2553
vn 0.7700 -0.6038 0.2064
vn 0.8221 -0.5496 0.1484
vn 0.8648 -0.4948 0.0854
vn 0.8946 -0.4387 0.0854
vn 0.8977 -0.4403 0.0130
vn 0.9238 -0.3821 0.0255
vn 0.3635 -0.6354 0.6813
vn 0.4068 -0.6087 0.6812
vn 0.4801 -0.6125 0.6279
vn 0.5055 -0.6449 0.5733
vn 0.5550 -0.6028 0.5733
vn 0.6291 -0.5793 0.5184
vn 0.6517 -0.6001 0.4638
vn 0.6971 -0.5467 0.4639
vn 0.7177 -0.5628 0.4102
vn 0.7582 -0.5068 0.4102
vn 0.7764 -0.5190 0.3575
vn 0.8106 -0.4638 0.3575
vn 0.8264 -0.4728 0.3059
vn 0.8548 -0.4192 0.3059
vn 0.8921 -0.3728 0.2554
vn 0.9224 -0.3263 0.2065
vn 0.9323 -0.3298 0.1484
vn 0.1502 -0.1768 0.9727
vn 0.1767 -0.1503 0.9727
vn 0.2338 -0.1988 0.9518
vn 0.3047 -0.1888 0.9336
vn 0.3262 -0.1481 0.9336
vn 0.3742 -0.1699 0.9116
vn 0.4420 -0.1433 0.8855
vn 0.4543 -0.0973 0.8855
vn 0.5077 -0.1087 0.8547
vn 0.5154 -0.0623 0.8547
vn 0.5698 -0.0689 0.8189
vn 0.5732 -0.0273 0.8190
vn 0.6276 -0.0299 0.7780
vn 0.6282 0.0013 0.7780
vn 0.8392 -0.4801 0.2554
vn 0.8785 -0.4309 0.2064
vn 0.9393 -0.3323 0.0854
vn 0.7235 -0.0026 0.6903
vn 0.6814 -0.0063 0.7319
vn 0.6807 -0.0325 0.7318
vn 0.6277 -0.0300 0.7779
vn 0.6240 -0.0755 0.7777
vn 0.5699 -0.0690 0.8188
vn 0.5614 -0.1202 0.8188
vn 0.4939 -0.1601 0.8547
vn 0.4421 -0.1433 0.8855
vn 0.4232 -0.1921 0.8854
vn 0.3743 -0.1699 0.9116
vn 0.3496 -0.2166 0.9115
vn 0.3047 -0.1888 0.9335
vn 0.2732 -0.2323 0.9335
vn 0.2338 -0.1988 0.9517
vn 0.1988 -0.2338 0.9517
vn 0.1502 -0.1767 0.9727
vn 0.1221 -0.1971 0.9728
vn 0.0570 -0.1257 0.9904
vn 0.4401 -0.8977 0.0198
vn 0.4275 -0.9032 0.0395
vn 0.4554 -0.8901 0.0204
vn 0.3725 -0.8922 0.2554
vn 0.4307 -0.8786 0.2065
vn 0.4911 -0.8584 0.1484
vn 0.5496 -0.8222 0.1484
vn 0.5537 -0.8283 0.0854
vn 0.6147 -0.7841 0.0854
vn 0.6166 -0.7865 0.0346
vn 0.6280 -0.7779 0.0208
vn 0.4728 -0.8264 0.3058
vn 0.6101 -0.7783 0.1484
vn 0.7354 -0.6772 0.0255
vn 0.7600 -0.6495 0.0210
vn 0.7895 -0.0061 0.6138
vn 0.7318 -0.0049 0.6815
vn 0.7311 -0.0349 0.6814
vn 0.6809 -0.0325 0.7317
vn 0.6768 -0.0819 0.7316
vn 0.6241 -0.0755 0.7777
vn 0.6148 -0.1316 0.7776
vn 0.5462 -0.1771 0.8188
vn 0.4940 -0.1601 0.8546
vn 0.4729 -0.2147 0.8546
vn 0.4233 -0.1921 0.8854
vn 0.3953 -0.2449 0.8853
vn 0.3135 -0.2665 0.9114
vn 0.2733 -0.2323 0.9335
vn 0.2323 -0.2733 0.9335
vn 0.1987 -0.2338 0.9518
vn 0.1615 -0.2607 0.9518
vn 0.1220 -0.1970 0.9728
vn 0.0957 -0.2110 0.9728
vn 0.0570 -0.1256 0.9904
vn 0.0425 -0.1312 0.9904
vn 0.2855 -0.9582 0.0207
vn 0.3330 -0.9427 0.0207
vn 0.3838 -0.9194 0.0854
vn 0.4386 -0.8946 0.0854
vn 0.4948 -0.8648 0.0854
vn 0.8858 -0.0013 0.4641
vn 0.8937 -0.0062 0.4486
vn 0.8549 -0.0062 0.5187
vn 0.8457 -0.0031 0.5336
vn 0.8191 -0.0073 0.5736
vn 0.7780 -0.0014 0.6282
vn 0.7772 -0.0372 0.6282
vn 0.7312 -0.0350 0.6813
vn 0.7268 -0.0880 0.6812
vn 0.6769 -0.0820 0.7315
vn 0.6669 -0.1428 0.7314
vn 0.5462 -0.1771 0.8187
vn 0.5229 -0.2374 0.8187
vn 0.4730 -0.2147 0.8545
vn 0.3953 -0.2450 0.8853
vn 0.3545 -0.3014 0.8852
vn 0.3135 -0.2666 0.9114
vn 0.2665 -0.3136 0.9114
vn 0.2323 -0.2732 0.9335
vn 0.1888 -0.3047 0.9335
vn 0.1266 -0.2791 0.9519
vn 0.0713 -0.2203 0.9728
vn 0.0288 -0.1348 0.9904
vn 0.1894 -0.9817 0.0206
vn 0.2326 -0.9724 0.0206
vn 0.2318 -0.9690 0.0854
vn 0.2793 -0.9487 0.1484
vn 0.3259 -0.9226 0.2065
vn 0.3220 -0.9116 0.2554
vn 0.2301 -0.9618 0.1484
vn 0.2276 -0.9516 0.2065
vn 0.2249 -0.9403 0.2554
vn 0.2249 -0.9403 0.2555
vn 0.1951 -0.9134 0.3572
vn 0.1951 -0.9134 0.3573
vn 0.1905 -0.8920 0.4100
vn 0.1906 -0.8920 0.4100
vn 0.1851 -0.8665 0.4637
vn 0.1851 -0.8664 0.4637
vn 0.1787 -0.8364 0.5182
vn 0.1712 -0.8014 0.5731
vn 0.1627 -0.7613 0.6277
vn 0.1627 -0.7612 0.6278
vn 0.1530 -0.7162 0.6810
vn 0.0017 -0.2313 0.9729
vn 0.0022 -0.3060 0.9520
vn 0.0145 -0.3057 0.9520
vn 0.0169 -0.3574 0.9338
vn 0.0428 -0.3554 0.9338
vn 0.0491 -0.4078 0.9117
vn 0.0859 -0.4018 0.9117
vn 0.0971 -0.4543 0.8855
vn 0.1431 -0.4421 0.8855
vn 0.1599 -0.4940 0.8546
vn 0.2145 -0.4730 0.8546
vn 0.2372 -0.5230 0.8186
vn 0.2850 -0.4981 0.8190
vn 0.0288 -0.1349 0.9904
vn 0.0484 -0.2264 0.9728
vn 0.0943 -0.2915 0.9519
vn 0.1480 -0.3263 0.9336
vn 0.1887 -0.3047 0.9336
vn 0.2166 -0.3496 0.9115
vn 0.2665 -0.3135 0.9114
vn 0.3014 -0.3545 0.8851
vn 0.3545 -0.3014 0.8851
vn 0.3961 -0.3368 0.8542
vn 0.3049 -0.2808 0.9100
vn 0.4222 -0.3888 0.8189
vn 0.4624 -0.4258 0.7778
vn 0.5365 -0.4206 0.7316
vn 0.5667 -0.3788 0.7316
vn 0.5667 -0.3788 0.7317
vn 0.5916 -0.3385 0.7317
vn 0.5917 -0.3385 0.7317
vn 0.6211 -0.2820 0.7312
vn 0.5253 -0.2576 0.8110
vn 0.6289 -0.2628 0.7317
vn 0.6754 -0.2822 0.6813
vn 0.7180 -0.3000 0.6281
vn 0.2689 -0.9133 0.3059
vn 0.2215 -0.9259 0.3059
vn 0.1930 -0.9036 0.3825
vn 0.1758 -0.9357 0.3059
vn 0.1334 -0.9427 0.3059
vn 0.1355 -0.9573 0.2554
vn 0.1293 -0.9643 0.2312
vn 0.1371 -0.9688 0.2065
vn 0.1399 -0.9889 0.0505
vn 0.1186 -0.9818 0.1483
vn 0.1839 -0.9792 0.0854
vn 0.0026 -0.3576 0.9339
vn 0.0169 -0.3573 0.9338
vn 0.0194 -0.4101 0.9118
vn 0.0491 -0.4078 0.9118
vn 0.0556 -0.4612 0.8855
vn 0.0971 -0.4544 0.8855
vn 0.1085 -0.5077 0.8547
vn 0.1768 -0.5463 0.8187
vn 0.2372 -0.5230 0.8187
vn 0.2598 -0.5728 0.7775
vn 0.3121 -0.5455 0.7778
vn 0.3121 -0.5455 0.7779
vn 0.9332 -0.0040 0.3594
vn 0.9118 -0.0077 0.4105
vn 0.9109 -0.0437 0.4104
vn 0.8848 -0.0424 0.4640
vn 0.8795 -0.1066 0.4639
vn 0.8490 -0.1029 0.5182
vn 0.8364 -0.1790 0.5181
vn 0.7857 -0.2318 0.5735
vn 0.7723 -0.2732 0.5735
vn 0.7559 -0.3159 0.5734
vn 0.7356 -0.3607 0.5734
vn 0.7111 -0.4069 0.5734
vn 0.6755 -0.3865 0.6280
vn 0.6470 -0.4325 0.6280
vn 0.6086 -0.4069 0.6812
vn 0.5762 -0.4517 0.6812
vn 0.5365 -0.4207 0.7316
vn 0.5015 -0.4619 0.7316
vn 0.4258 -0.4624 0.7778
vn 0.3888 -0.4222 0.8189
vn 0.3516 -0.3818 0.8548
vn 0.2987 -0.3514 0.8873
vn 0.3014 -0.3545 0.8852
vn 0.2449 -0.3954 0.8853
vn 0.1698 -0.3743 0.9116
vn 0.1480 -0.3262 0.9336
vn 0.1103 -0.3407 0.9337
vn 0.0641 -0.2996 0.9519
vn 0.0276 -0.2299 0.9728
vn 0.0165 -0.1368 0.9905
vn 0.0065 -0.1376 0.9905
vn 0.0319 -0.9724 0.2313
vn 0.0605 -0.9710 0.2313
vn 0.0312 -0.9515 0.3060
vn 0.0448 -0.9365 0.3479
vn 0.0446 -0.9328 0.3576
vn 0.0446 -0.9328 0.3575
vn 0.0436 -0.9109 0.4104
vn 0.0435 -0.9109 0.4103
vn 0.0423 -0.8848 0.4641
vn 0.0423 -0.8848 0.4640
vn 0.0408 -0.8540 0.5186
vn 0.0408 -0.8541 0.5185
vn 0.0391 -0.8182 0.5735
vn 0.0391 -0.8183 0.5734
vn 0.0371 -0.7772 0.6282
vn 0.0371 -0.7773 0.6280
vn 0.0349 -0.7311 0.6814
vn 0.0348 -0.7312 0.6813
vn 0.0324 -0.6807 0.7318
vn 0.0324 -0.6809 0.7317
vn 0.0299 -0.6276 0.7780
vn 0.0034 -0.4642 0.8857
vn 0.0038 -0.5186 0.8550
vn 0.0246 -0.5182 0.8549
vn 0.0272 -0.5732 0.8190
vn 0.0687 -0.5698 0.8189
vn 0.0752 -0.6241 0.7777
vn 0.1314 -0.6149 0.7776
vn 0.1425 -0.6668 0.7314
vn 0.2100 -0.6488 0.7314
vn 0.2255 -0.6968 0.6809
vn 0.0026 -0.3577 0.9338
vn 0.0030 -0.4104 0.9119
vn 0.0194 -0.4100 0.9119
vn 0.0220 -0.4638 0.8857
vn 0.0556 -0.4611 0.8856
vn 0.0621 -0.5154 0.8547
vn 0.1200 -0.5614 0.8188
vn 0.1936 -0.5982 0.7776
vn 0.2598 -0.5727 0.7775
vn 0.2603 -0.5738 0.7766
vn 0.3000 -0.6120 0.7317
vn 0.3222 -0.6573 0.6813
vn 0.3425 -0.6987 0.6281
vn 0.3606 -0.7356 0.5734
vn 0.3764 -0.7678 0.5185
vn 0.3899 -0.7954 0.4640
vn 0.4399 -0.7689 0.4639
vn 0.4529 -0.7916 0.4102
vn 0.5190 -0.7765 0.3574
vn 0.5874 -0.7493 0.3058
vn 0.6549 -0.7113 0.2553
vn 0.7112 -0.6549 0.2553
vn 0.7198 -0.6628 0.2064
vn 0.7782 -0.6103 0.1484
vn 0.8283 -0.5537 0.0854
vn 0.0008 -0.1048 0.9945
vn 0.0039 -0.1376 0.9905
vn 0.0109 -0.2311 0.9729
vn 0.0277 -0.2298 0.9728
vn 0.0366 -0.3041 0.9519
vn 0.0749 -0.3501 0.9337
vn 0.1265 -0.3910 0.9117
vn 0.1920 -0.4233 0.8854
vn 0.2449 -0.3953 0.8853
vn 0.2737 -0.4417 0.8544
vn 0.3201 -0.4085 0.8548
vn 0.3540 -0.4517 0.8189
vn 0.5386 -0.4960 0.6811
vn 0.5761 -0.4518 0.6812
vn 0.6124 -0.4802 0.6280
vn 0.7677 -0.3765 0.5185
vn 0.7889 -0.3297 0.5186
vn 0.8061 -0.2852 0.5186
vn 0.8061 -0.2852 0.5185
vn 0.8201 -0.2419 0.5186
vn 0.8201 -0.2419 0.5185
vn 0.8363 -0.1790 0.5182
vn 0.8795 -0.1066 0.4638
vn 0.9109 -0.0437 0.4102
vn 0.9328 -0.0448 0.3576
vn 0.9338 -0.0044 0.3576
vn 0.9548 -0.0084 0.2971
vn 0.2730 -0.9275 0.2554
vn 0.2731 -0.9275 0.2555
vn 0.2763 -0.9386 0.2065
vn 0.2300 -0.9618 0.1484
vn 0.1845 -0.9825 0.0260
vn 0.1199 -0.9927 0.0096
vn 0.1247 -0.9919 0.0233
vn 0.0478 -0.9987 0.0183
vn 0.0487 -0.9986 0.0204
vn 0.0105 -0.9997 0.0204
vn 0.0072 -0.9999 0.0095
vn 0.0877 -0.7270 0.6811
vn 0.0877 -0.7269 0.6812
vn 0.0932 -0.7728 0.6278
vn 0.0932 -0.7727 0.6279
vn 0.0982 -0.8135 0.5732
vn 0.0982 -0.8134 0.5733
vn 0.1025 -0.8491 0.5183
vn 0.1025 -0.8490 0.5184
vn 0.1062 -0.8796 0.4638
vn 0.1062 -0.8795 0.4639
vn 0.1093 -0.9055 0.4101
vn 0.1093 -0.9054 0.4101
vn 0.1120 -0.9272 0.3573
vn 0.1120 -0.9272 0.3574
vn 0.1115 -0.9230 0.3682
vn 0.0943 -0.9474 0.3059
vn 0.0605 -0.9710 0.2312
vn 0.0620 -0.9945 0.0842
vn 0.0325 -0.9884 0.1485
vn 0.0071 -0.9889 0.1485
vn 0.0070 -0.9729 0.2313
vn 0.0068 -0.9520 0.3060
vn 0.0067 -0.9338 0.3577
vn 0.0066 -0.9119 0.4104
vn 0.0064 -0.8857 0.4641
vn 0.0064 -0.8857 0.4642
vn 0.0062 -0.8550 0.5187
vn 0.0062 -0.8549 0.5187
vn 0.0059 -0.8191 0.5736
vn 0.0056 -0.7780 0.6282
vn 0.0056 -0.7780 0.6283
vn 0.0053 -0.7319 0.6814
vn 0.0053 -0.7318 0.6815
vn 0.0049 -0.6814 0.7319
vn 0.0046 -0.6282 0.7780
vn 0.0042 -0.5736 0.8191
vn 0.0038 -0.5187 0.8550
vn 0.0273 -0.5730 0.8191
vn 0.0299 -0.6277 0.7779
vn 0.0753 -0.6240 0.7778
vn 0.0816 -0.6769 0.7315
vn 0.1425 -0.6669 0.7314
vn 0.1530 -0.7161 0.6810
vn 0.2591 -0.7337 0.6281
vn 0.2728 -0.7725 0.5735
vn 0.2848 -0.8062 0.5185
vn 0.2950 -0.8353 0.4640
vn 0.3037 -0.8599 0.4103
vn 0.3110 -0.8806 0.3576
vn 0.3110 -0.8806 0.3575
vn 0.3171 -0.8977 0.3059
vn 0.5537 -0.8283 0.0853
vn 0.5556 -0.8312 0.0204
vn 0.5973 -0.8018 0.0204
vn 0.0034 -0.4641 0.8858
vn 0.0220 -0.4637 0.8857
vn 0.0246 -0.5183 0.8548
vn 0.0621 -0.5153 0.8548
vn 0.0687 -0.5699 0.8188
vn 0.1200 -0.5615 0.8188
vn 0.1314 -0.6148 0.7776
vn 0.2100 -0.6489 0.7314
vn 0.2626 -0.6290 0.7317
vn 0.2820 -0.6755 0.6813
vn 0.2998 -0.7181 0.6281
vn 0.3156 -0.7560 0.5735
vn 0.3294 -0.7891 0.5185
vn 0.4014 -0.8189 0.4103
vn 0.5190 -0.7765 0.3575
vn 0.5291 -0.7916 0.3058
vn 0.5965 -0.7609 0.2553
vn 0.6628 -0.7198 0.2063
vn 0.7198 -0.6628 0.2063
vn 0.7275 -0.6699 0.1483
vn 0.7782 -0.6103 0.1483
vn 0.8312 -0.5557 0.0204
vn 0.8678 -0.4965 0.0204
vn 0.8601 -0.5085 0.0413
vn 0.8771 -0.4798 0.0204
vn 0.0011 -0.1485 0.9889
vn 0.0017 -0.2312 0.9729
vn 0.0109 -0.2310 0.9729
vn 0.0145 -0.3058 0.9520
vn 0.0366 -0.3040 0.9520
vn 0.0428 -0.3554 0.9337
vn 0.0749 -0.3502 0.9337
vn 0.1265 -0.3909 0.9117
vn 0.2145 -0.4730 0.8545
vn 0.2736 -0.4415 0.8545
vn 0.3189 -0.4771 0.8189
vn 0.3492 -0.5225 0.7778
vn 0.3787 -0.5668 0.7317
vn 0.3788 -0.5668 0.7316
vn 0.4516 -0.5762 0.6812
vn 0.5550 -0.6027 0.5733
vn 0.6027 -0.5550 0.5733
vn 0.7916 -0.4529 0.4103
vn 0.8385 -0.4112 0.3575
vn 0.8785 -0.3671 0.3059
vn 0.9115 -0.3225 0.2554
vn 0.9385 -0.2768 0.2065
vn 0.9485 -0.2798 0.1484
vn 0.9556 -0.2819 0.0854
vn 0.9589 -0.2829 0.0206
vn 0.9646 -0.2638 -0.0067
vn 0.0230 -0.0269 0.9994
vn 0.0195 -0.0280 0.9994
vn 0.0187 -0.0302 0.9994
vn 0.0167 -0.0298 0.9994
vn 0.0145 -0.0319 0.9994
vn 0.0139 -0.0316 0.9994
vn 0.0106 -0.0329 0.9994
vn 0.0109 -0.0331 0.9994
vn 0.0072 -0.0336 0.9994
vn 0.0076 -0.0340 0.9994
vn 0.0041 -0.0341 0.9994
vn 0.0042 -0.0342 0.9994
vn 0.0016 -0.0346 0.9994
vn 0.0009 -0.0336 0.9994
vn 0.0095 -0.0204 0.9997
vn -0.0000 -0.0204 0.9998
vn -0.0000 -0.0756 0.9971
vn -0.0000 -0.1048 0.9945
vn -0.0000 -0.1485 0.9889
vn -0.0000 -0.2313 0.9729
vn -0.0000 -0.3060 0.9520
vn -0.0000 -0.3577 0.9338
vn -0.0000 -0.4104 0.9119
vn -0.0000 -0.4642 0.8858
vn -0.0000 -0.5187 0.8550
vn -0.0000 -0.5736 0.8191
vn -0.0000 -0.6282 0.7780
vn -0.0000 -0.6815 0.7319
vn -0.0000 -0.7319 0.6815
vn -0.0000 -0.7780 0.6282
vn -0.0000 -0.8191 0.5736
vn -0.0000 -0.8550 0.5187
vn -0.0000 -0.8858 0.4642
vn -0.0000 -0.9119 0.4104
vn -0.0000 -0.9338 0.3577
vn -0.0000 -0.9520 0.3060
vn -0.0000 -0.9729 0.2313
vn -0.0000 -0.9905 0.1377
vn -0.0000 -0.9983 0.0588
vn -0.0000 -1.0000 0.0095
vn -0.4857 -0.0003 0.8741
vn -0.8918 -0.4521 0.0198
vn -0.3838 -0.9232 0.0199
vn -0.0313 -0.9515 0.3060
vn -0.0068 -0.9520 0.3060
vn -0.8796 -0.1062 0.4637
vn -0.9194 -0.3838 0.0854
vn -0.6087 -0.4068 0.6812
vn -0.6354 -0.3635 0.6813
vn -0.7850 -0.6191 0.0204
vn -0.5569 -0.8304 0.0204
vn -0.3901 -0.7953 0.4640
vn -0.0325 -0.9884 0.1485
vn -0.0478 -0.9952 0.0854
vn -0.0448 -0.9328 0.3575
vn -0.0477 -0.9922 0.1156
vn -0.0617 -0.9870 0.1485
vn -0.0984 -0.9840 0.1484
vn -0.1829 -0.9719 0.1484
vn -0.2304 -0.9617 0.1484
vn -0.2305 -0.9617 0.1484
vn -0.2798 -0.9485 0.1484
vn -0.3225 -0.9115 0.2555
vn -0.2735 -0.9273 0.2555
vn -0.2253 -0.9402 0.2555
vn -0.1124 -0.9272 0.3574
vn -0.1097 -0.9054 0.4100
vn -0.1909 -0.8919 0.4100
vn -0.1854 -0.8664 0.4637
vn -0.2506 -0.8496 0.4640
vn -0.2954 -0.8351 0.4640
vn -0.3416 -0.8173 0.4640
vn -0.2259 -0.6967 0.6809
vn -0.4554 -0.8900 0.0204
vn -0.3516 -0.8414 0.4103
vn -0.3042 -0.8597 0.4103
vn -0.2580 -0.8747 0.4103
vn -0.1955 -0.9133 0.3572
vn -0.1124 -0.9272 0.3573
vn -0.3223 -0.6572 0.6813
vn -0.3635 -0.6354 0.6813
vn -0.3427 -0.6987 0.6281
vn -0.3426 -0.6987 0.6281
vn -0.3865 -0.6754 0.6280
vn -0.3636 -0.6354 0.6813
vn -0.4068 -0.6086 0.6812
vn -0.5762 -0.4516 0.6812
vn -0.6126 -0.4801 0.6279
vn -0.5725 -0.5272 0.6279
vn -0.6027 -0.5550 0.5733
vn -0.5551 -0.6027 0.5733
vn -0.5793 -0.6291 0.5183
vn -0.5277 -0.6730 0.5183
vn -0.5466 -0.6971 0.4639
vn -0.4923 -0.7365 0.4639
vn -0.5068 -0.7582 0.4102
vn -0.4529 -0.7916 0.4103
vn -0.4638 -0.8106 0.3575
vn -0.4112 -0.8385 0.3575
vn -0.4192 -0.8548 0.3059
vn -0.3671 -0.8784 0.3059
vn -0.3728 -0.8921 0.2554
vn -0.3225 -0.9115 0.2554
vn -0.6755 -0.3864 0.6280
vn -0.6470 -0.4324 0.6280
vn -0.6812 -0.4553 0.5734
vn -0.6448 -0.5055 0.5733
vn -0.6730 -0.5276 0.5184
vn -0.6291 -0.5793 0.5184
vn -0.6517 -0.6001 0.4639
vn -0.6001 -0.6517 0.4639
vn -0.6178 -0.6709 0.4101
vn -0.5628 -0.7177 0.4101
vn -0.5763 -0.7349 0.3574
vn -0.5190 -0.7764 0.3574
vn -0.5291 -0.7915 0.3058
vn -0.4728 -0.8264 0.3058
vn -0.4801 -0.8392 0.2554
vn -0.4257 -0.8680 0.2554
vn -0.4309 -0.8785 0.2065
vn -0.3773 -0.9028 0.2065
vn -0.3813 -0.9125 0.1484
vn -0.9125 -0.4086 0.0199
vn -0.9225 -0.3851 0.0247
vn -0.9240 -0.3819 0.0204
vn -0.7859 -0.2314 0.5735
vn -0.8664 -0.1851 0.4637
vn -0.8665 -0.1851 0.4636
vn -0.8920 -0.1906 0.4100
vn -0.7612 -0.1627 0.6278
vn -0.9792 -0.1839 0.0854
vn -0.9892 -0.1195 0.0853
vn -0.9134 -0.1951 0.3573
vn -0.9055 -0.1093 0.4101
vn -0.8795 -0.1062 0.4639
vn -0.8848 -0.0423 0.4640
vn -0.7162 -0.1530 0.6810
vn -0.7270 -0.0877 0.6811
vn -0.7269 -0.0877 0.6812
vn -0.7312 -0.0348 0.6813
vn -0.7311 -0.0349 0.6814
vn -0.7613 -0.1627 0.6277
vn -0.7727 -0.0932 0.6278
vn -0.7727 -0.0932 0.6279
vn -0.7773 -0.0371 0.6280
vn -0.7772 -0.0371 0.6282
vn -0.6276 -0.0299 0.7780
vn -0.6483 -0.0016 0.7614
vn -0.6282 -0.0053 0.7780
vn -0.5686 -0.0030 0.8226
vn -0.0070 -0.9904 0.1377
vn -0.0034 -0.9889 0.1485
vn -0.0108 -0.9982 0.0588
vn -0.0002 -0.9963 0.0854
vn -0.0121 -0.9999 0.0095
vn -0.0017 -0.2313 0.9729
vn -0.0003 -0.0204 0.9998
vn -0.0066 -0.0382 0.9992
vn -0.0006 -0.0756 0.9971
vn -0.0008 -0.1048 0.9945
vn -0.2103 -0.6487 0.7314
vn -0.2259 -0.6966 0.6809
vn -0.1533 -0.7161 0.6810
vn -0.1629 -0.7612 0.6277
vn -0.0936 -0.7727 0.6278
vn -0.0985 -0.8134 0.5733
vn -0.0392 -0.8183 0.5734
vn -0.0409 -0.8540 0.5186
vn -0.0061 -0.8549 0.5187
vn -0.0063 -0.8857 0.4642
vn -0.0022 -0.3060 0.9520
vn -0.0017 -0.2312 0.9729
vn -0.0109 -0.2310 0.9729
vn -0.0065 -0.1376 0.9905
vn -0.0165 -0.1368 0.9905
vn -0.0576 -0.9203 0.3869
vn -0.0456 -0.9510 0.3059
vn -0.0947 -0.9473 0.3059
vn -0.1119 -0.9229 0.3684
vn -0.1338 -0.9426 0.3059
vn -0.0065 -0.9119 0.4104
vn -0.0424 -0.8848 0.4641
vn -0.0409 -0.8541 0.5185
vn -0.1028 -0.8490 0.5184
vn -0.0985 -0.8135 0.5732
vn -0.1715 -0.8013 0.5731
vn -0.1629 -0.7612 0.6278
vn -0.2202 -0.7463 0.6281
vn -0.2259 -0.6968 0.6808
vn -0.2595 -0.7336 0.6281
vn -0.0026 -0.3577 0.9338
vn -0.0145 -0.3057 0.9520
vn -0.0110 -0.2311 0.9729
vn -0.0277 -0.2298 0.9728
vn -0.0165 -0.1369 0.9905
vn -0.0289 -0.1348 0.9904
vn -0.0066 -0.9338 0.3577
vn -0.0437 -0.9109 0.4104
vn -0.0424 -0.8848 0.4640
vn -0.1066 -0.8795 0.4638
vn -0.1029 -0.8490 0.5183
vn -0.1790 -0.8363 0.5182
vn -0.2318 -0.7857 0.5735
vn -0.2732 -0.7723 0.5735
vn -0.3159 -0.7559 0.5735
vn -0.0030 -0.4104 0.9119
vn -0.0026 -0.3576 0.9339
vn -0.0170 -0.3573 0.9338
vn -0.0145 -0.3058 0.9520
vn -0.0367 -0.3040 0.9520
vn -0.0278 -0.2298 0.9728
vn -0.0485 -0.2264 0.9728
vn -0.0425 -0.1312 0.9904
vn -0.1248 -0.9921 0.0117
vn -0.1849 -0.9824 0.0262
vn -0.2139 -0.9768 -0.0062
vn -0.2330 -0.9723 0.0204
vn -0.2607 -0.9652 0.0204
vn -0.2828 -0.9589 0.0242
vn -0.1810 -0.9616 0.2065
vn -0.2280 -0.9515 0.2065
vn -0.2768 -0.9385 0.2065
vn -0.3263 -0.9224 0.2065
vn -0.0034 -0.4642 0.8857
vn -0.0195 -0.4100 0.9119
vn -0.0170 -0.3574 0.9338
vn -0.0429 -0.3553 0.9337
vn -0.0367 -0.3041 0.9519
vn -0.0642 -0.2996 0.9519
vn -0.0714 -0.2203 0.9728
vn -0.0570 -0.1256 0.9904
vn -0.7111 -0.4068 0.5734
vn -0.7422 -0.4246 0.5185
vn -0.7109 -0.4752 0.5184
vn -0.7365 -0.4923 0.4639
vn -0.6972 -0.5465 0.4639
vn -0.7178 -0.5627 0.4101
vn -0.6709 -0.6178 0.4101
vn -0.6870 -0.6326 0.3574
vn -0.6327 -0.6870 0.3574
vn -0.6450 -0.7004 0.3057
vn -0.5875 -0.7492 0.3058
vn -0.5966 -0.7608 0.2554
vn -0.5373 -0.8038 0.2554
vn -0.5438 -0.8134 0.2064
vn -0.4859 -0.8493 0.2064
vn -0.4911 -0.8584 0.1484
vn -0.4355 -0.8879 0.1484
vn -0.4387 -0.8946 0.0854
vn -0.3842 -0.9193 0.0854
vn -0.3855 -0.9225 0.0170
vn -0.3334 -0.9425 0.0232
vn -0.3315 -0.9432 0.0206
vn -0.2858 -0.9581 0.0206
vn -0.0011 -0.1485 0.9889
vn -0.0038 -0.1376 0.9905
vn -0.0016 -0.0349 0.9994
vn -0.0040 -0.0328 0.9995
vn -0.0032 -0.0352 0.9994
vn -0.0071 -0.0332 0.9994
vn -0.0067 -0.0346 0.9994
vn -0.0104 -0.0322 0.9994
vn -0.0101 -0.0342 0.9994
vn -0.0138 -0.0304 0.9994
vn -0.0136 -0.0342 0.9993
vn -0.0155 -0.0304 0.9994
vn -0.2737 -0.4417 0.8544
vn -0.3027 -0.4884 0.8184
vn -0.0061 -0.8550 0.5187
vn -0.0058 -0.8191 0.5736
vn -0.0392 -0.8182 0.5735
vn -0.0372 -0.7773 0.6280
vn -0.0936 -0.7726 0.6279
vn -0.0880 -0.7269 0.6811
vn -0.1427 -0.6668 0.7314
vn -0.1939 -0.5981 0.7776
vn -0.2599 -0.5726 0.7775
vn -0.2374 -0.5230 0.8186
vn -0.2850 -0.4981 0.8190
vn -0.2634 -0.3942 0.8805
vn -0.0037 -0.5187 0.8550
vn -0.0033 -0.4641 0.8858
vn -0.0221 -0.4637 0.8857
vn -0.0195 -0.4101 0.9118
vn -0.0493 -0.4077 0.9118
vn -0.0430 -0.3554 0.9337
vn -0.0750 -0.3502 0.9337
vn -0.0642 -0.2995 0.9519
vn -0.0945 -0.2914 0.9519
vn -0.0957 -0.2109 0.9728
vn -0.0727 -0.1174 0.9904
vn -0.0186 -0.0300 0.9994
vn -0.0187 -0.0294 0.9994
vn -0.6280 -0.7779 0.0210
vn -0.8175 -0.3413 0.4640
vn -0.8416 -0.3513 0.4103
vn -0.8188 -0.4014 0.4103
vn -0.8386 -0.4111 0.3575
vn -0.8106 -0.4638 0.3575
vn -0.8264 -0.4728 0.3058
vn -0.7916 -0.5291 0.3058
vn -0.8038 -0.5373 0.2554
vn -0.7609 -0.5965 0.2553
vn -0.7701 -0.6037 0.2063
vn -0.7198 -0.6628 0.2063
vn -0.7275 -0.6699 0.1484
vn -0.6699 -0.7275 0.1484
vn -0.6749 -0.7329 0.0853
vn -0.6148 -0.7840 0.0853
vn -0.6167 -0.7864 0.0347
vn -0.5973 -0.8018 0.0204
vn -0.3202 -0.4084 0.8548
vn -0.3541 -0.4517 0.8189
vn -0.3878 -0.4946 0.7778
vn -0.3493 -0.5225 0.7778
vn -0.3492 -0.5225 0.7778
vn -0.3121 -0.5455 0.7779
vn -0.2600 -0.5727 0.7775
vn -0.0045 -0.6282 0.7780
vn -0.0041 -0.5736 0.8191
vn -0.0273 -0.5730 0.8191
vn -0.0247 -0.5183 0.8549
vn -0.0623 -0.5152 0.8548
vn -0.0558 -0.4612 0.8855
vn -0.0973 -0.4544 0.8855
vn -0.0860 -0.4017 0.9117
vn -0.1267 -0.3909 0.9117
vn -0.1104 -0.3407 0.9337
vn -0.1480 -0.3262 0.9336
vn -0.1267 -0.2791 0.9519
vn -0.1615 -0.2607 0.9518
vn -0.1221 -0.1971 0.9728
vn -0.1502 -0.1767 0.9727
vn -0.0895 -0.1053 0.9904
vn -0.1053 -0.0895 0.9904
vn -0.0037 -0.5186 0.8550
vn -0.0247 -0.5182 0.8549
vn -0.0221 -0.4638 0.8857
vn -0.0557 -0.4611 0.8856
vn -0.0493 -0.4078 0.9117
vn -0.0861 -0.4018 0.9117
vn -0.0750 -0.3501 0.9337
vn -0.0945 -0.2915 0.9519
vn -0.0957 -0.2110 0.9728
vn -0.1220 -0.1970 0.9728
vn -0.0222 -0.0261 0.9994
vn -0.8618 -0.3598 0.3575
vn -0.8786 -0.3668 0.3058
vn -0.8549 -0.4191 0.3058
vn -0.8681 -0.4256 0.2554
vn -0.8392 -0.4801 0.2554
vn -0.8493 -0.4859 0.2064
vn -0.8135 -0.5437 0.2064
vn -0.8222 -0.5496 0.1484
vn -0.7783 -0.6101 0.1484
vn -0.7841 -0.6147 0.0853
vn -0.7330 -0.6749 0.0853
vn -0.7355 -0.6772 0.0204
vn -0.6969 -0.7169 0.0204
vn -0.7689 -0.4399 0.4640
vn -0.7582 -0.5068 0.4102
vn -0.7178 -0.5627 0.4102
vn -0.7350 -0.5762 0.3574
vn -0.7004 -0.6449 0.3058
vn -0.6450 -0.7004 0.3058
vn -0.6549 -0.7112 0.2553
vn -0.5966 -0.7608 0.2553
vn -0.6038 -0.7700 0.2064
vn -0.5496 -0.8221 0.1484
vn -0.4948 -0.8648 0.0854
vn -0.4401 -0.8974 0.0310
vn -0.4279 -0.9036 0.0199
vn -0.6086 -0.4068 0.6813
vn -0.6125 -0.4801 0.6279
vn -0.6449 -0.5055 0.5733
vn -0.5793 -0.6291 0.5184
vn -0.5467 -0.6971 0.4639
vn -0.5628 -0.7177 0.4102
vn -0.5190 -0.7764 0.3575
vn -0.4728 -0.8264 0.3059
vn -0.3298 -0.9323 0.1484
vn -0.7110 -0.4752 0.5184
vn -0.4309 -0.8785 0.2064
vn -0.3323 -0.9393 0.0854
vn -0.2819 -0.9556 0.0854
vn -0.2322 -0.9689 0.0854
vn -0.1843 -0.9792 0.0854
vn -0.1199 -0.9891 0.0853
vn -0.1203 -0.9925 0.0228
vn -0.0487 -0.9986 0.0185
vn -0.5917 -0.3385 0.7317
vn -0.5668 -0.3788 0.7316
vn -0.5366 -0.4206 0.7316
vn -0.5386 -0.4960 0.6811
vn -0.5272 -0.5725 0.6279
vn -0.5550 -0.6027 0.5733
vn -0.5056 -0.6448 0.5733
vn -0.5277 -0.6729 0.5184
vn -0.4752 -0.7109 0.5184
vn -0.4399 -0.7689 0.4640
vn -0.4529 -0.7916 0.4102
vn -0.4016 -0.8188 0.4103
vn -0.3601 -0.8617 0.3575
vn -0.3175 -0.8976 0.3059
vn -0.2694 -0.9132 0.3059
vn -0.2219 -0.9258 0.3059
vn -0.2253 -0.9402 0.2554
vn -0.1788 -0.9501 0.2554
vn -0.1375 -0.9687 0.2065
vn -0.1390 -0.9791 0.1484
vn -0.1198 -0.9879 0.0990
vn -0.0480 -0.9986 0.0202
vn -0.0072 -0.9998 0.0202
vn -0.0227 -0.0291 0.9993
vn -0.0236 -0.0247 0.9994
vn -0.0268 -0.0228 0.9994
vn -0.0269 -0.0230 0.9994
vn -0.0280 -0.0195 0.9994
vn -0.0049 -0.6814 0.7319
vn -0.0299 -0.6276 0.7780
vn -0.0273 -0.5732 0.8190
vn -0.0689 -0.5698 0.8189
vn -0.0623 -0.5153 0.8547
vn -0.1087 -0.5077 0.8546
vn -0.0973 -0.4543 0.8855
vn -0.1433 -0.4420 0.8855
vn -0.1699 -0.3743 0.9116
vn -0.1481 -0.3262 0.9336
vn -0.1888 -0.3047 0.9336
vn -0.1988 -0.2338 0.9518
vn -0.1503 -0.1767 0.9727
vn -0.1768 -0.1502 0.9727
vn -0.1174 -0.0727 0.9904
vn -0.0302 -0.0187 0.9994
vn -0.0298 -0.0167 0.9994
vn -0.9126 -0.3810 0.1484
vn -0.8946 -0.4386 0.0854
vn -0.8979 -0.4402 -0.0079
vn -0.8601 -0.5084 0.0415
vn -0.8786 -0.3668 0.3059
vn -0.8922 -0.3725 0.2554
vn -0.8786 -0.4307 0.2064
vn -0.8584 -0.4911 0.1484
vn -0.8222 -0.5495 0.1484
vn -0.8283 -0.5537 0.0853
vn -0.7869 -0.6169 0.0156
vn -0.7330 -0.6797 0.0259
vn -0.8549 -0.4191 0.3059
vn -0.7701 -0.6037 0.2064
vn -0.6770 -0.7352 0.0351
vn -0.6670 -0.7448 0.0210
vn -0.0052 -0.7319 0.6814
vn -0.0325 -0.6807 0.7318
vn -0.0300 -0.6277 0.7779
vn -0.0755 -0.6240 0.7778
vn -0.0690 -0.5699 0.8188
vn -0.1202 -0.5614 0.8188
vn -0.1087 -0.5076 0.8547
vn -0.1601 -0.4939 0.8546
vn -0.1921 -0.4232 0.8854
vn -0.2166 -0.3495 0.9115
vn -0.1888 -0.3047 0.9335
vn -0.2323 -0.2732 0.9335
vn -0.1988 -0.2338 0.9517
vn -0.2338 -0.1988 0.9517
vn -0.1767 -0.1502 0.9727
vn -0.1971 -0.1221 0.9728
vn -0.1173 -0.0727 0.9904
vn -0.1257 -0.0570 0.9904
vn -0.0319 -0.0145 0.9994
vn -0.0316 -0.0139 0.9994
vn -0.8202 -0.2415 0.5185
vn -0.8498 -0.2502 0.4640
vn -0.8497 -0.2502 0.4640
vn -0.8748 -0.2576 0.4103
vn -0.8959 -0.2638 0.3575
vn -0.8959 -0.2637 0.3576
vn -0.9133 -0.2689 0.3059
vn -0.9275 -0.2730 0.2554
vn -0.9116 -0.3220 0.2554
vn -0.9226 -0.3259 0.2065
vn -0.9029 -0.3769 0.2065
vn -0.8880 -0.4353 0.1484
vn -0.8648 -0.4948 0.0854
vn -0.8678 -0.4965 0.0205
vn -0.8349 -0.5501 0.0205
vn -0.2310 -0.0109 0.9729
vn -0.3058 -0.0144 0.9520
vn -0.3040 -0.0366 0.9520
vn -0.3555 -0.0428 0.9337
vn -0.3502 -0.0749 0.9337
vn -0.4017 -0.0859 0.9117
vn -0.3909 -0.1265 0.9117
vn -0.4421 -0.1431 0.8855
vn -0.4233 -0.1920 0.8854
vn -0.4730 -0.2145 0.8546
vn -0.4416 -0.2737 0.8544
vn -0.4415 -0.2736 0.8546
vn -0.4771 -0.3189 0.8189
vn -0.0056 -0.7780 0.6282
vn -0.0052 -0.7318 0.6815
vn -0.0349 -0.7311 0.6814
vn -0.0325 -0.6809 0.7317
vn -0.0819 -0.6768 0.7316
vn -0.0755 -0.6241 0.7777
vn -0.1316 -0.6148 0.7776
vn -0.1771 -0.5462 0.8187
vn -0.2147 -0.4729 0.8546
vn -0.1921 -0.4233 0.8854
vn -0.2449 -0.3953 0.8853
vn -0.2166 -0.3496 0.9115
vn -0.2665 -0.3135 0.9114
vn -0.2324 -0.2733 0.9335
vn -0.2733 -0.2323 0.9335
vn -0.2338 -0.1987 0.9518
vn -0.2607 -0.1615 0.9518
vn -0.1970 -0.1220 0.9728
vn -0.2110 -0.0957 0.9728
vn -0.1256 -0.0570 0.9904
vn -0.1312 -0.0425 0.9904
vn -0.0329 -0.0106 0.9994
vn -0.0331 -0.0109 0.9994
vn -0.9357 -0.1758 0.3058
vn -0.9502 -0.1785 0.2554
vn -0.9403 -0.2249 0.2554
vn -0.9516 -0.2276 0.2065
vn -0.9386 -0.2763 0.2065
vn -0.9487 -0.2793 0.1484
vn -0.9558 -0.2814 0.0854
vn -0.9591 -0.2824 0.0204
vn -0.9583 -0.2855 0.0160
vn -0.8848 -0.0423 0.4641
vn -0.9109 -0.0435 0.4103
vn -0.9054 -0.1093 0.4102
vn -0.9272 -0.1120 0.3573
vn -0.9036 -0.1930 0.3825
vn -0.9259 -0.2215 0.3059
vn -0.9403 -0.2249 0.2555
vn -0.9275 -0.2731 0.2555
vn -0.9325 -0.3294 0.1484
vn -0.9395 -0.3318 0.0854
vn -0.9426 -0.3329 0.0248
vn -0.9415 -0.3364 0.0204
vn -0.3057 -0.0145 0.9520
vn -0.3574 -0.0169 0.9338
vn -0.3553 -0.0428 0.9338
vn -0.4078 -0.0491 0.9117
vn -0.4018 -0.0859 0.9117
vn -0.4543 -0.0971 0.8855
vn -0.4940 -0.1599 0.8546
vn -0.5230 -0.2372 0.8186
vn -0.4981 -0.2850 0.8190
vn -0.0056 -0.7780 0.6283
vn -0.0372 -0.7772 0.6282
vn -0.0350 -0.7312 0.6813
vn -0.0880 -0.7268 0.6811
vn -0.0820 -0.6769 0.7315
vn -0.1428 -0.6668 0.7314
vn -0.2374 -0.5229 0.8187
vn -0.2147 -0.4729 0.8545
vn -0.2737 -0.4416 0.8544
vn -0.2450 -0.3953 0.8853
vn -0.3014 -0.3545 0.8852
vn -0.2666 -0.3135 0.9114
vn -0.3135 -0.2665 0.9114
vn -0.3047 -0.1888 0.9335
vn -0.2792 -0.1266 0.9519
vn -0.2203 -0.0713 0.9728
vn -0.1348 -0.0288 0.9904
vn -0.0335 -0.0072 0.9994
vn -0.0340 -0.0076 0.9994
vn -0.9815 -0.1908 0.0129
vn -0.9826 -0.1846 0.0213
vn -0.9894 -0.1435 0.0213
vn -0.9926 -0.1016 0.0669
vn -0.9643 -0.1293 0.2312
vn -0.9688 -0.1371 0.2064
vn -0.9616 -0.1806 0.2064
vn -0.9719 -0.1826 0.1484
vn -0.9818 -0.1186 0.1483
vn -0.9889 -0.1399 0.0506
vn -0.9841 -0.0980 0.1484
vn -0.9681 -0.0964 0.2312
vn -0.9474 -0.0943 0.3059
vn -0.9109 -0.0436 0.4103
vn -0.9328 -0.0446 0.3575
vn -0.9272 -0.1120 0.3574
vn -0.9230 -0.1115 0.3682
vn -0.9427 -0.1334 0.3058
vn -0.9573 -0.1355 0.2554
vn -0.9616 -0.1806 0.2065
vn -0.9618 -0.2301 0.1484
vn -0.9690 -0.2318 0.0854
vn -0.9722 -0.2325 0.0267
vn -0.9709 -0.2385 0.0204
vn -0.3573 -0.0169 0.9338
vn -0.4101 -0.0194 0.9118
vn -0.4078 -0.0491 0.9118
vn -0.4612 -0.0556 0.8855
vn -0.4544 -0.0971 0.8855
vn -0.5077 -0.1085 0.8547
vn -0.4940 -0.1599 0.8547
vn -0.5463 -0.1768 0.8187
vn -0.5230 -0.2372 0.8187
vn -0.5728 -0.2598 0.7774
vn -0.5455 -0.3121 0.7778
vn -0.5455 -0.3121 0.7779
vn -0.5225 -0.3492 0.7778
vn -0.4947 -0.3877 0.7778
vn -0.5015 -0.4618 0.7316
vn -0.4960 -0.5386 0.6811
vn -0.4802 -0.6125 0.6279
vn -0.4553 -0.6811 0.5734
vn -0.4752 -0.7109 0.5185
vn -0.4246 -0.7422 0.5185
vn -0.4399 -0.7689 0.4639
vn -0.4016 -0.8188 0.4102
vn -0.3115 -0.8804 0.3575
vn -0.3115 -0.8804 0.3576
vn -0.2642 -0.8957 0.3576
vn -0.1955 -0.9133 0.3573
vn -0.1933 -0.9034 0.3827
vn -0.1761 -0.9356 0.3059
vn -0.1359 -0.9572 0.2554
vn -0.1298 -0.9642 0.2312
vn -0.0968 -0.9681 0.2312
vn -0.0607 -0.9710 0.2312
vn -0.0607 -0.9710 0.2313
vn -0.0320 -0.9724 0.2313
vn -0.0069 -0.9729 0.2313
vn -0.0346 -0.0016 0.9994
vn -0.1376 -0.0065 0.9905
vn -0.1368 -0.0165 0.9905
vn -0.2298 -0.0276 0.9728
vn -0.2264 -0.0484 0.9728
vn -0.2996 -0.0641 0.9519
vn -0.2915 -0.0943 0.9519
vn -0.3407 -0.1103 0.9337
vn -0.3262 -0.1480 0.9336
vn -0.3744 -0.1698 0.9116
vn -0.3496 -0.2166 0.9115
vn -0.3953 -0.2449 0.8853
vn -0.3545 -0.3014 0.8852
vn -0.3514 -0.2987 0.8873
vn -0.3818 -0.3516 0.8548
vn -0.4222 -0.3888 0.8189
vn -0.4624 -0.4258 0.7778
vn -0.4258 -0.4624 0.7778
vn -0.4618 -0.5015 0.7316
vn -0.4207 -0.5365 0.7316
vn -0.4517 -0.5761 0.6812
vn -0.4325 -0.6470 0.6280
vn -0.4069 -0.7111 0.5734
vn -0.3607 -0.7356 0.5734
vn -0.3608 -0.7355 0.5734
vn -0.3000 -0.7180 0.6281
vn -0.2822 -0.6754 0.6813
vn -0.2628 -0.6289 0.7317
vn -0.2576 -0.5253 0.8110
vn -0.2820 -0.6211 0.7312
vn -0.3385 -0.5917 0.7317
vn -0.3385 -0.5916 0.7317
vn -0.3788 -0.5667 0.7317
vn -0.3788 -0.5668 0.7316
vn -0.4206 -0.5365 0.7316
vn -0.3888 -0.4222 0.8189
vn -0.2808 -0.3049 0.9101
vn -0.3368 -0.3961 0.8542
vn -0.3015 -0.3545 0.8851
vn -0.3546 -0.3014 0.8851
vn -0.3047 -0.1887 0.9336
vn -0.3263 -0.1480 0.9336
vn -0.2791 -0.1266 0.9519
vn -0.1349 -0.0288 0.9904
vn -0.1369 -0.0164 0.9904
vn -0.0341 -0.0041 0.9994
vn -0.0342 -0.0042 0.9994
vn -0.9978 -0.0551 0.0379
vn -0.9986 -0.0478 0.0204
vn -0.9952 -0.0477 0.0854
vn -0.8202 -0.2415 0.5186
vn -0.8364 -0.1787 0.5182
vn -0.8490 -0.1025 0.5183
vn -0.8541 -0.0408 0.5185
vn -0.8540 -0.0408 0.5186
vn -0.6769 -0.0816 0.7316
vn -0.6809 -0.0324 0.7317
vn -0.6807 -0.0324 0.7318
vn -0.6814 -0.0064 0.7319
vn -0.7319 -0.0019 0.6814
vn -0.7235 -0.0047 0.6903
vn -0.7780 -0.0059 0.6283
vn -0.7895 -0.0030 0.6138
vn -0.5182 -0.0246 0.8549
vn -0.5732 -0.0272 0.8190
vn -0.5698 -0.0687 0.8189
vn -0.6241 -0.0752 0.7777
vn -0.6149 -0.1314 0.7776
vn -0.6669 -0.1425 0.7314
vn -0.6489 -0.2100 0.7314
vn -0.6968 -0.2255 0.6809
vn -0.2311 -0.0109 0.9729
vn -0.2298 -0.0277 0.9728
vn -0.3041 -0.0366 0.9519
vn -0.3501 -0.0749 0.9337
vn -0.3910 -0.1265 0.9117
vn -0.3743 -0.1698 0.9116
vn -0.4417 -0.2737 0.8544
vn -0.4085 -0.3201 0.8548
vn -0.4517 -0.3540 0.8189
vn -0.4624 -0.4258 0.7777
vn -0.4619 -0.5015 0.7316
vn -0.4518 -0.5762 0.6811
vn -0.4802 -0.6124 0.6279
vn -0.4247 -0.7422 0.5185
vn -0.3765 -0.7677 0.5185
vn -0.3297 -0.7889 0.5185
vn -0.2852 -0.8061 0.5185
vn -0.2852 -0.8061 0.5186
vn -0.2419 -0.8201 0.5186
vn -0.2419 -0.8201 0.5185
vn -0.1097 -0.9054 0.4101
vn -0.0437 -0.9109 0.4102
vn -0.0447 -0.9328 0.3576
vn -0.9999 -0.0116 0.0116
vn -0.9999 -0.0114 0.0108
vn -0.9971 -0.0033 0.0764
vn -0.9963 -0.0058 0.0854
vn -0.9850 -0.0091 0.1720
vn -0.9548 -0.0068 0.2972
vn -0.9682 -0.0069 0.2502
vn -0.9728 -0.0110 0.2313
vn -0.9889 -0.0001 0.1485
vn -0.9332 -0.0044 0.3594
vn -0.9520 -0.0079 0.3060
vn -0.9515 -0.0312 0.3060
vn -0.9724 -0.0319 0.2313
vn -0.9884 -0.0325 0.1485
vn -0.9926 -0.1199 0.0204
vn -0.9878 -0.0473 0.1484
vn -0.9945 -0.0620 0.0843
vn -0.9710 -0.0605 0.2312
vn -0.9710 -0.0605 0.2313
vn -0.9502 -0.0592 0.3059
vn -0.9365 -0.0448 0.3479
vn -0.9328 -0.0446 0.3576
vn -0.9338 -0.0040 0.3577
vn -0.9119 -0.0078 0.4104
vn -0.8938 -0.0032 0.4485
vn -0.8857 -0.0063 0.4642
vn -0.8457 -0.0062 0.5336
vn -0.8550 -0.0017 0.5186
vn -0.8191 -0.0073 0.5736
vn -0.8182 -0.0391 0.5735
vn -0.8183 -0.0391 0.5735
vn -0.8134 -0.0982 0.5733
vn -0.8135 -0.0982 0.5732
vn -0.8014 -0.1712 0.5731
vn -0.7465 -0.2198 0.6281
vn -0.5186 -0.0050 0.8550
vn -0.5736 -0.0016 0.8191
vn -0.5730 -0.0273 0.8191
vn -0.6277 -0.0299 0.7779
vn -0.6240 -0.0753 0.7778
vn -0.6769 -0.0816 0.7315
vn -0.7161 -0.1530 0.6810
vn -0.6967 -0.2255 0.6810
vn -0.7337 -0.2591 0.6281
vn -0.7724 -0.2728 0.5735
vn -0.7725 -0.2728 0.5735
vn -0.8063 -0.2848 0.5185
vn -0.8062 -0.2848 0.5186
vn -0.8353 -0.2950 0.4640
vn -0.8599 -0.3037 0.4103
vn -0.8806 -0.3110 0.3576
vn -0.8806 -0.3110 0.3575
vn -0.8977 -0.3171 0.3059
vn -0.9029 -0.3770 0.2065
vn -0.8786 -0.4307 0.2065
vn -0.8283 -0.5537 0.0854
vn -0.8310 -0.5555 0.0287
vn -0.8142 -0.5802 0.0204
vn -0.3993 -0.0020 0.9168
vn -0.4641 -0.0040 0.8858
vn -0.4637 -0.0220 0.8857
vn -0.5183 -0.0246 0.8548
vn -0.5153 -0.0621 0.8548
vn -0.5699 -0.0687 0.8188
vn -0.5615 -0.1200 0.8188
vn -0.6148 -0.1314 0.7777
vn -0.5982 -0.1936 0.7776
vn -0.6488 -0.2100 0.7314
vn -0.6290 -0.2626 0.7317
vn -0.6755 -0.2820 0.6813
vn -0.7181 -0.2998 0.6281
vn -0.7181 -0.2998 0.6280
vn -0.7560 -0.3156 0.5735
vn -0.7891 -0.3294 0.5185
vn -0.7954 -0.3899 0.4640
vn -0.8189 -0.4014 0.4102
vn -0.7916 -0.4529 0.4102
vn -0.7764 -0.5190 0.3575
vn -0.7493 -0.5874 0.3058
vn -0.7609 -0.5965 0.2554
vn -0.7113 -0.6549 0.2553
vn -0.7198 -0.6628 0.2064
vn -0.6628 -0.7198 0.2064
vn -0.6699 -0.7275 0.1483
vn -0.6103 -0.7782 0.1484
vn -0.6148 -0.7840 0.0854
vn -0.5537 -0.8283 0.0854
vn -0.5556 -0.8311 0.0225
vn -0.4977 -0.8672 0.0184
vn -0.4965 -0.8678 0.0204
vn -0.6103 -0.7782 0.1483
vn -0.7112 -0.6549 0.2554
vn -0.7765 -0.5190 0.3574
vn -0.7678 -0.3764 0.5185
vn -0.7356 -0.3606 0.5734
vn -0.7356 -0.3606 0.5735
vn -0.6987 -0.3425 0.6281
vn -0.6987 -0.3425 0.6280
vn -0.6573 -0.3222 0.6813
vn -0.6120 -0.3000 0.7317
vn -0.5738 -0.2603 0.7766
vn -0.5727 -0.2598 0.7775
vn -0.5983 -0.1936 0.7776
vn -0.5614 -0.1200 0.8188
vn -0.5154 -0.0621 0.8547
vn -0.4611 -0.0556 0.8856
vn -0.4638 -0.0220 0.8857
vn -0.4100 -0.0194 0.9119
vn -0.4105 0.0013 0.9119
vn -0.3576 -0.0039 0.9339
vn -0.3094 0.0007 0.9509
vn -0.3060 -0.0002 0.9520
vn -0.2230 -0.0046 0.9748
vn -0.2312 -0.0017 0.9729
vn -0.1766 -0.0013 0.9843
vn -0.1377 -0.0028 0.9905
vn -0.1248 0.0012 0.9922
vn -0.0367 -0.0033 0.9993
vn -0.0293 -0.0008 0.9996
vn 0.1248 -0.0000 0.9922
vn 0.1455 -0.0001 0.9894
vn 0.0991 -0.0000 0.9951
vn 0.0293 -0.0000 0.9996
vn 0.0640 -0.0002 0.9980
vn 0.0221 -0.0000 0.9998
vn 0.1765 0.0001 0.9843
vn 0.2286 -0.0000 0.9735
vn 0.1807 -0.0000 0.9835
vn 0.2230 -0.0000 0.9748
vn 0.3094 -0.0000 0.9509
vn 0.3043 -0.0000 0.9526
vn 0.4857 -0.0000 0.8741
vn 0.5145 -0.0001 0.8575
vn 0.4713 -0.0000 0.8820
vn 0.3993 -0.0000 0.9168
vn 0.4321 -0.0001 0.9018
vn 0.3812 -0.0000 0.9245
vn 0.6484 -0.0000 0.7613
vn 0.6691 -0.0001 0.7432
vn 0.6308 -0.0000 0.7760
vn 0.5686 -0.0000 0.8226
vn 0.5935 -0.0001 0.8048
vn 0.5533 -0.0000 0.8330
vn 0.7895 -0.0000 0.6138
vn 0.8035 -0.0001 0.5953
vn 0.7732 -0.0000 0.6341
vn 0.7235 -0.0000 0.6903
vn 0.7381 -0.0000 0.6747
vn 0.7025 -0.0000 0.7117
vn 0.9113 -0.0001 0.4118
vn 0.8900 -0.0000 0.4560
vn 0.8457 -0.0000 0.5336
vn 0.8618 -0.0001 0.5072
vn 0.8355 -0.0000 0.5494
vn 0.8937 -0.0000 0.4486
vn 0.9332 -0.0000 0.3594
vn 0.9346 -0.0000 0.3557
vn 0.9643 -0.0000 0.2648
vn 0.9548 0.0001 0.2971
vn 0.9682 -0.0000 0.2502
vn 0.9804 -0.0000 0.1968
vn 0.9887 -0.0001 0.1498
vn 0.9851 -0.0000 0.1721
vn 0.9971 -0.0000 0.0764
vn 0.9970 -0.0000 0.0773
vn 0.9999 -0.0000 0.0116
vn 0.9998 -0.0000 0.0174
vn -0.0000 -0.0000 1.0000
vn -0.9959 0.0905 -0.0000
vn 0.7698 -0.6383 -0.0000
vn -0.7698 -0.6383 -0.0000
vn -0.0863 0.9963 -0.0000
vn -0.9648 -0.2631 -0.0000
vn 0.6809 0.7324 -0.0000
vn 0.5305 0.8477 -0.0000
vn 0.4372 -0.8993 -0.0000
vn 0.9954 0.0961 -0.0000
vn 0.8333 -0.5528 -0.0000
vn -0.9873 -0.1591 -0.0000
vn -0.8333 -0.5528 -0.0000
vn -0.9733 0.2294 -0.0000
vn -0.7405 0.6720 -0.0000
vn -0.9996 0.0286 -0.0000
vn 0.8873 -0.4611 -0.0000
vn 0.4475 0.8943 -0.0000
vn 0.8024 0.5968 -0.0000
vn 0.9525 0.3046 -0.0000
vn -0.9245 0.3812 -0.0000
vn 0.8921 0.4519 -0.0000
vn 0.9259 0.3778 -0.0000
vn 0.0243 0.9997 -0.0000
vn 0.9995 0.0313 -0.0000
vn 0.9866 0.1634 -0.0000
vn -0.6976 -0.7165 -0.0000
vn -0.3392 -0.9407 -0.0000
vn 0.5304 -0.8478 -0.0000
vn -0.0208 0.9998 -0.0000
vn 0.7465 0.6654 -0.0000
vn -0.9875 0.1578 -0.0000
vn -0.4372 -0.8993 -0.0000
vn 0.9725 0.2330 -0.0000
vn 0.6976 -0.7165 -0.0000
vn 0.2372 -0.9715 -0.0000
vn 0.9999 -0.0116 -0.0000
vn 0.0072 -1.0000 -0.0000
vn 0.0328 -0.9995 -0.0000
vn 0.0487 -0.9988 0.0004
vn 0.0631 -0.9980 -0.0000
vn 0.0995 -0.9950 -0.0000
vn 0.1248 -0.9922 0.0006
vn 0.1442 -0.9895 -0.0000
vn 0.1895 -0.9819 -0.0000
vn 0.2328 -0.9725 -0.0000
vn 0.2361 -0.9717 0.0001
vn 0.2605 -0.9655 -0.0000
vn 0.2856 -0.9584 -0.0000
vn 0.3313 -0.9435 -0.0000
vn 0.3837 -0.9234 -0.0000
vn 0.3993 -0.9168 -0.0005
vn 0.4857 -0.8741 -0.0004
vn 0.4555 -0.8903 -0.0000
vn 0.4278 -0.9039 -0.0000
vn 0.5686 -0.8226 -0.0004
vn 0.5570 -0.8305 -0.0000
vn 0.4977 -0.8673 -0.0000
vn 0.7895 -0.6138 -0.0001
vn 0.7602 -0.6497 -0.0000
vn 0.7332 -0.6800 -0.0000
vn 0.6969 -0.7172 -0.0000
vn 0.6671 -0.7450 -0.0000
vn 0.6281 -0.7781 -0.0000
vn 0.5974 -0.8020 -0.0000
vn 0.8938 -0.4486 -0.0005
vn 0.8773 -0.4799 -0.0000
vn 0.8608 -0.5089 -0.0000
vn 0.8350 -0.5502 -0.0000
vn 0.7914 -0.6113 -0.0000
vn 0.9504 -0.3109 -0.0000
vn 0.9416 -0.3367 -0.0000
vn 0.9332 -0.3594 -0.0006
vn 0.9241 -0.3822 -0.0000
vn 0.8998 -0.4363 -0.0000
vn 0.9592 -0.2828 -0.0000
vn 0.9646 -0.2638 0.0006
vn 0.9711 -0.2388 -0.0000
vn 0.9767 -0.2145 -0.0000
vn 0.9826 -0.1856 -0.0000
vn 0.9860 -0.1667 0.0005
vn 0.9896 -0.1437 -0.0000
vn 0.9948 -0.1019 -0.0000
vn 0.9925 -0.1221 0.0006
vn 0.9951 -0.0987 -0.0000
vn 0.9981 -0.0623 -0.0000
vn 0.9985 -0.0552 0.0002
vn 0.9992 -0.0395 -0.0000
vn -0.2372 -0.9715 -0.0000
vn 0.9986 -0.0532 -0.0000
vn -0.9313 -0.3642 -0.0000
vn -0.7959 0.6055 -0.0000
vn -0.6175 -0.7866 -0.0000
vn -0.5296 0.8483 -0.0000
vn -0.9986 -0.0532 -0.0000
vn -0.1771 0.9842 -0.0000
vn -0.8888 0.4584 -0.0000
vn -0.6781 0.7350 -0.0000
vn 0.9313 -0.3642 -0.0000
vn -0.5304 -0.8478 -0.0000
vn 0.0929 0.9957 -0.0000
vn 0.3608 0.9326 -0.0000
vn -0.8873 -0.4611 -0.0000
vn 0.2719 0.9623 -0.0000
vn -0.9526 0.3043 -0.0000
vn 0.3392 -0.9407 -0.0000
vn 0.1821 0.9833 -0.0000
vn -0.6072 0.7945 -0.0000
vn 0.9648 -0.2631 -0.0000
vn -0.2684 0.9633 -0.0000
vn -0.3587 0.9334 -0.0000
vn -0.8455 0.5340 -0.0000
vn -0.4463 0.8949 -0.0000
vn -0.0000 0.7071 0.7071
vn -0.0000 0.7070 0.7072
vn -0.0000 0.7072 0.7070
vn -0.0000 0.7070 0.7073
vn -0.0001 0.7066 0.7076
vn 0.0001 0.7071 0.7071
vn -0.0000 0.7072 0.7071
vn -0.0001 0.7072 0.7070
vn 0.0001 0.7062 0.7080
vn -0.0001 0.7076 0.7066
vn 0.0001 0.7068 0.7074
vn -0.0001 0.7072 0.7071
vn -0.0000 0.7073 0.7069
vn -0.0003 0.7073 0.7069
vn 0.0001 0.7080 0.7062
vn -0.0000 0.7068 0.7074
vn 0.9904 -0.0000 -0.1380
vn 0.9999 -0.0000 -0.0116
vn 0.9999 -0.0000 -0.0151
vn 0.9972 -0.0000 -0.0742
vn 0.9981 -0.0000 -0.0623
vn 0.9940 -0.0000 -0.1098
vn 0.9828 -0.0000 -0.1847
vn 0.9881 0.0001 -0.1537
vn 0.9795 -0.0000 -0.2012
vn 0.9682 -0.0000 -0.2502
vn 0.9569 -0.0001 -0.2905
vn 0.9697 -0.0000 -0.2443
vn 0.8937 -0.0000 -0.4486
vn 0.9367 -0.0000 -0.3500
vn 0.9332 -0.0000 -0.3594
vn 0.9548 -0.0000 -0.2971
vn 0.8365 -0.0000 -0.5480
vn 0.8686 -0.0000 -0.4955
vn 0.8979 -0.0000 -0.4403
vn 0.2296 -0.0000 -0.9733
vn 0.3072 -0.0000 -0.9516
vn 0.3094 -0.0000 -0.9509
vn 0.3837 -0.0000 -0.9234
vn 0.3993 -0.0000 -0.9168
vn 0.4627 -0.0000 -0.8865
vn 0.4857 -0.0000 -0.8741
vn 0.5446 -0.0000 -0.8387
vn 0.5686 -0.0000 -0.8226
vn 0.6238 -0.0000 -0.7816
vn 0.6484 -0.0000 -0.7613
vn 0.6976 -0.0000 -0.7165
vn 0.7235 -0.0000 -0.6903
vn 0.7690 -0.0000 -0.6393
vn 0.7895 -0.0000 -0.6138
vn 0.8457 -0.0000 -0.5336
vn 0.1810 -0.0001 -0.9835
vn 0.2230 -0.0000 -0.9748
vn 0.1766 -0.0000 -0.9843
vn 0.0293 -0.0000 -0.9996
vn 0.0210 -0.0000 -0.9998
vn 0.0609 -0.0000 -0.9981
vn 0.1248 -0.0000 -0.9922
vn 0.0962 -0.0001 -0.9954
vn 0.1446 -0.0000 -0.9895
vn -0.0000 -0.0000 -1.0000
vn 0.8504 0.5261 -0.0000
vn 0.9873 -0.1591 -0.0000
vn 0.6175 -0.7866 -0.0000
vn -0.0072 -1.0000 -0.0000
vn -0.0329 -0.9995 -0.0000
vn -0.0487 -0.9988 0.0004
vn -0.0631 -0.9980 -0.0000
vn -0.0996 -0.9950 -0.0000
vn -0.1248 -0.9922 0.0006
vn -0.1444 -0.9895 -0.0000
vn -0.1897 -0.9818 -0.0000
vn -0.2139 -0.9769 0.0006
vn -0.2363 -0.9717 -0.0001
vn -0.2608 -0.9654 -0.0000
vn -0.2858 -0.9583 -0.0000
vn -0.3316 -0.9434 -0.0000
vn -0.3839 -0.9234 -0.0000
vn -0.3993 -0.9168 -0.0005
vn -0.4279 -0.9038 -0.0000
vn -0.4555 -0.8902 -0.0000
vn -0.4857 -0.8741 -0.0004
vn -0.4978 -0.8673 -0.0000
vn -0.5570 -0.8305 -0.0000
vn -0.5686 -0.8226 -0.0004
vn -0.5974 -0.8020 -0.0000
vn -0.6282 -0.7781 -0.0000
vn -0.6671 -0.7449 -0.0000
vn -0.6970 -0.7171 -0.0000
vn -0.7333 -0.6799 -0.0000
vn -0.7852 -0.6192 -0.0000
vn -0.7895 -0.6138 -0.0002
vn -0.8144 -0.5803 -0.0000
vn -0.8350 -0.5502 -0.0000
vn -0.8608 -0.5089 -0.0000
vn -0.8919 -0.4522 -0.0000
vn -0.8937 -0.4486 -0.0002
vn -0.9127 -0.4087 -0.0000
vn -0.9242 -0.3820 -0.0000
vn -0.9332 -0.3594 -0.0006
vn -0.9417 -0.3365 -0.0000
vn -0.9505 -0.3106 -0.0000
vn -0.9584 -0.2855 0.0001
vn -0.9593 -0.2822 -0.0000
vn -0.9711 -0.2385 -0.0000
vn -0.9768 -0.2143 -0.0000
vn -0.9816 -0.1908 0.0002
vn -0.9827 -0.1851 -0.0000
vn -0.9896 -0.1435 -0.0000
vn -0.9925 -0.1219 -0.0000
vn -0.9948 -0.1019 0.0001
vn -0.9951 -0.0985 -0.0000
vn -0.9981 -0.0622 -0.0000
vn -0.9985 -0.0551 0.0002
vn -0.9992 -0.0395 -0.0000
vn -0.9999 -0.0116 -0.0000
vn 0.6087 0.7934 -0.0000
vn -0.0000 0.7071 -0.7071
vn -0.0000 0.7071 -0.7072
vn -0.0000 0.7072 -0.7070
vn -0.0000 0.7070 -0.7072
vn -0.0000 0.7069 -0.7073
vn 0.0001 0.7066 -0.7076
vn -0.0001 0.7069 -0.7073
vn -0.0000 0.7074 -0.7069
vn -0.0000 0.7073 -0.7069
vn 0.0001 0.7071 -0.7071
vn -0.0000 0.7068 -0.7074
vn -0.0001 0.7060 -0.7082
vn 0.0001 0.7074 -0.7069
vn -0.0001 0.7068 -0.7075
vn 0.0001 0.7073 -0.7069
vn 0.0003 0.7079 -0.7063
vn -0.0000 0.7072 -0.7071
vn -0.0001 0.7080 -0.7062
vn -0.0000 0.7067 -0.7075
vn -0.0000 0.7074 -0.7068
vn 1.0000 -0.0000 -0.0000
vn -1.0000 -0.0000 -0.0000
vn -0.0000 -1.0000 -0.0000
vn -0.9999 -0.0000 0.0116
vn -0.9999 -0.0000 0.0151
vn -0.9971 -0.0000 0.0764
vn -0.9972 -0.0000 0.0743
vn -0.9851 -0.0000 0.1721
vn -0.9828 -0.0000 0.1847
vn -0.9904 -0.0000 0.1379
vn -0.9682 -0.0000 0.2502
vn -0.9569 -0.0001 0.2905
vn -0.9697 -0.0000 0.2443
vn -0.8938 -0.0000 0.4485
vn -0.9367 -0.0000 0.3500
vn -0.9332 -0.0000 0.3594
vn -0.9548 -0.0000 0.2972
vn -0.8365 -0.0000 0.5480
vn -0.8686 -0.0000 0.4955
vn -0.8979 -0.0000 0.4403
vn -0.2296 -0.0000 0.9733
vn -0.3072 -0.0000 0.9516
vn -0.3094 -0.0000 0.9509
vn -0.3837 -0.0000 0.9234
vn -0.3993 -0.0000 0.9168
vn -0.4627 -0.0000 0.8865
vn -0.4857 -0.0000 0.8741
vn -0.5446 -0.0000 0.8387
vn -0.5686 -0.0000 0.8226
vn -0.6238 -0.0000 0.7816
vn -0.6483 -0.0000 0.7614
vn -0.6976 -0.0000 0.7165
vn -0.7235 -0.0000 0.6903
vn -0.7689 -0.0000 0.6393
vn -0.7895 -0.0000 0.6138
vn -0.8457 -0.0000 0.5336
vn -0.1810 -0.0001 0.9835
vn -0.2230 -0.0000 0.9748
vn -0.1766 -0.0000 0.9843
vn -0.0293 -0.0000 0.9996
vn -0.0210 -0.0000 0.9998
vn -0.0609 -0.0000 0.9981
vn -0.1248 -0.0000 0.9922
vn -0.0962 -0.0001 0.9954
vn -0.1446 -0.0000 0.9895
s 0
usemtl Material.004
f 1//1 2//1 3//1
f 3//2 4//2 1//2
f 4//3 5//3 1//3
f 1//4 5//4 6//4
f 5//5 7//5 6//5
f 6//6 7//6 8//6
f 9//7 10//7 2//7
f 10//8 11//8 2//8
f 2//9 11//9 3//9
f 9//10 12//10 10//10
f 12//11 13//11 10//11
f 10//12 13//12 14//12
f 15//13 16//13 17//13
f 17//14 18//14 15//14
f 18//15 19//15 15//15
f 15//16 19//16 13//16
f 19//17 20//17 13//17
f 13//18 20//18 14//18
f 21//19 22//19 23//19
f 23//20 24//20 21//20
f 24//21 25//21 21//21
f 21//22 25//22 16//22
f 25//23 26//23 16//23
f 16//24 26//24 17//24
f 27//25 28//25 29//25
f 29//26 30//26 27//26
f 30//27 31//27 27//27
f 27//28 31//28 22//28
f 31//29 32//29 22//29
f 22//30 32//30 23//30
f 33//31 34//31 35//31
f 34//32 36//32 35//32
f 35//33 36//33 28//33
f 36//34 37//34 28//34
f 28//35 37//35 29//35
f 35//36 38//36 33//36
f 38//37 39//37 33//37
f 33//38 39//38 40//38
f 39//39 41//39 40//39
f 39//40 42//40 41//40
f 42//41 43//41 41//41
f 41//42 43//42 44//42
f 43//43 45//43 44//43
f 43//44 46//44 45//44
f 46//45 47//45 45//45
f 45//46 47//46 48//46
f 47//47 49//47 48//47
f 49//48 50//48 48//48
f 50//49 51//49 48//49
f 48//50 51//50 52//50
f 50//51 49//51 53//51
f 1//52 6//52 54//52
f 55//53 56//53 57//53
f 58//54 59//54 60//54
f 61//55 62//55 63//55
f 62//56 64//56 63//56
f 65//57 66//57 67//57
f 68//58 69//58 70//58
f 71//59 72//59 73//59
f 74//60 75//60 76//60
f 77//61 78//61 79//61
f 80//62 81//62 82//62
f 83//63 84//63 81//63
f 85//64 86//64 87//64
f 88//65 89//65 84//65
f 90//66 91//66 89//66
f 92//67 93//67 94//67
f 95//68 96//68 91//68
f 97//69 98//69 99//69
f 100//70 101//70 102//70
f 103//71 104//71 105//71
f 106//72 107//72 108//72
f 109//73 60//73 110//73
f 111//74 112//74 113//74
f 114//75 115//75 116//75
f 67//76 66//76 117//76
f 118//77 119//77 120//77
f 121//78 122//78 123//78
f 124//79 125//79 126//79
f 127//80 128//80 129//80
f 130//81 131//81 132//81
f 131//82 133//82 132//82
f 132//83 133//83 134//83
f 119//84 121//84 135//84
f 136//85 114//85 137//85
f 138//86 139//86 140//86
f 139//87 141//87 140//87
f 140//88 141//88 142//88
f 121//89 123//89 135//89
f 123//90 143//90 135//90
f 135//91 143//91 144//91
f 143//92 145//92 144//92
f 144//92 145//92 146//92
f 145//93 147//93 146//93
f 146//93 147//93 148//93
f 118//94 120//94 149//94
f 120//95 150//95 149//95
f 149//96 150//96 151//96
f 150//97 152//97 151//97
f 151//97 152//97 153//97
f 152//98 154//98 153//98
f 153//98 154//98 155//98
f 119//99 135//99 120//99
f 135//100 144//100 120//100
f 120//101 144//101 150//101
f 144//102 146//102 150//102
f 150//102 146//102 152//102
f 146//103 148//103 152//103
f 152//103 148//103 154//103
f 156//104 64//104 157//104
f 64//105 62//105 157//105
f 157//106 62//106 158//106
f 62//107 61//107 158//107
f 158//108 61//108 159//108
f 140//109 160//109 138//109
f 160//110 161//110 138//110
f 138//111 161//111 162//111
f 161//111 163//111 162//111
f 162//112 163//112 164//112
f 163//113 165//113 164//113
f 166//114 112//114 167//114
f 112//114 111//114 167//114
f 167//115 111//115 168//115
f 164//116 166//116 162//116
f 166//117 167//117 162//117
f 162//118 167//118 138//118
f 167//118 168//118 138//118
f 138//119 168//119 139//119
f 114//120 116//120 137//120
f 116//121 169//121 137//121
f 137//122 169//122 170//122
f 169//123 171//123 170//123
f 170//123 171//123 172//123
f 171//124 173//124 172//124
f 172//125 173//125 174//125
f 136//85 137//85 175//85
f 137//126 170//126 175//126
f 175//126 170//126 176//126
f 170//127 172//127 176//127
f 176//127 172//127 177//127
f 172//128 174//128 177//128
f 177//128 174//128 178//128
f 179//129 180//129 181//129
f 180//130 182//130 181//130
f 181//131 182//131 183//131
f 184//132 185//132 186//132
f 185//133 187//133 186//133
f 186//134 187//134 188//134
f 108//135 189//135 190//135
f 108//136 107//136 189//136
f 107//136 183//136 189//136
f 189//137 183//137 191//137
f 183//138 182//138 191//138
f 191//139 182//139 192//139
f 182//130 180//130 192//130
f 192//140 180//140 59//140
f 180//141 179//141 59//141
f 59//142 179//142 60//142
f 193//143 194//143 195//143
f 194//143 196//143 195//143
f 195//144 196//144 197//144
f 196//144 198//144 197//144
f 197//145 198//145 199//145
f 199//146 200//146 197//146
f 200//146 201//146 197//146
f 197//147 201//147 195//147
f 201//147 202//147 195//147
f 195//148 202//148 193//148
f 203//149 204//149 205//149
f 206//150 104//150 207//150
f 104//150 103//150 207//150
f 207//151 103//151 208//151
f 103//152 209//152 208//152
f 208//153 209//153 210//153
f 211//154 105//154 212//154
f 105//155 104//155 212//155
f 212//156 104//156 213//156
f 104//157 206//157 213//157
f 213//157 206//157 214//157
f 215//158 210//158 216//158
f 210//159 209//159 216//159
f 216//159 209//159 217//159
f 209//160 103//160 217//160
f 217//161 103//161 190//161
f 103//71 105//71 190//71
f 190//162 105//162 108//162
f 105//154 211//154 108//154
f 108//163 211//163 106//163
f 100//164 102//164 218//164
f 219//165 96//165 220//165
f 96//166 95//166 220//166
f 220//167 95//167 221//167
f 222//168 223//168 224//168
f 223//169 225//169 224//169
f 224//170 225//170 226//170
f 225//171 227//171 226//171
f 226//172 227//172 228//172
f 227//173 229//173 228//173
f 228//174 229//174 230//174
f 229//175 231//175 230//175
f 230//176 231//176 232//176
f 231//177 233//177 232//177
f 232//177 233//177 234//177
f 233//178 235//178 234//178
f 234//179 235//179 236//179
f 235//180 237//180 236//180
f 236//181 237//181 238//181
f 237//182 129//182 238//182
f 238//183 129//183 239//183
f 129//184 128//184 239//184
f 239//185 128//185 240//185
f 241//186 242//186 243//186
f 242//187 244//187 243//187
f 243//188 244//188 245//188
f 244//189 246//189 245//189
f 245//190 246//190 247//190
f 248//191 214//191 249//191
f 214//191 206//191 249//191
f 249//192 206//192 247//192
f 206//192 207//192 247//192
f 247//193 207//193 245//193
f 207//194 208//194 245//194
f 245//188 208//188 243//188
f 208//153 210//153 243//153
f 243//186 210//186 241//186
f 210//158 215//158 241//158
f 250//195 251//195 252//195
f 251//196 253//196 252//196
f 252//196 253//196 254//196
f 253//197 255//197 254//197
f 251//198 256//198 253//198
f 256//199 97//199 253//199
f 253//200 97//200 255//200
f 97//201 99//201 255//201
f 255//202 99//202 257//202
f 91//203 90//203 95//203
f 90//204 258//204 95//204
f 95//167 258//167 221//167
f 259//205 260//205 261//205
f 260//206 262//206 261//206
f 261//207 262//207 263//207
f 262//208 264//208 263//208
f 263//208 264//208 265//208
f 264//209 266//209 265//209
f 265//209 266//209 267//209
f 266//210 268//210 267//210
f 267//211 268//211 269//211
f 268//212 270//212 269//212
f 269//213 270//213 271//213
f 270//214 272//214 271//214
f 271//215 272//215 273//215
f 274//216 275//216 276//216
f 277//217 278//217 279//217
f 277//217 279//217 280//217
f 279//218 281//218 280//218
f 280//218 281//218 282//218
f 94//219 93//219 283//219
f 284//220 277//220 274//220
f 277//221 280//221 274//221
f 274//221 280//221 275//221
f 280//222 282//222 275//222
f 275//223 282//223 285//223
f 286//224 287//224 288//224
f 287//225 289//225 288//225
f 288//226 289//226 290//226
f 289//227 291//227 290//227
f 290//228 291//228 292//228
f 293//229 294//229 295//229
f 294//229 296//229 295//229
f 295//230 296//230 297//230
f 296//230 298//230 297//230
f 297//231 298//231 299//231
f 298//232 300//232 299//232
f 278//233 277//233 301//233
f 277//220 284//220 301//220
f 301//234 284//234 287//234
f 284//235 302//235 287//235
f 287//236 302//236 289//236
f 302//237 303//237 289//237
f 289//238 303//238 291//238
f 304//239 305//239 306//239
f 304//240 306//240 307//240
f 306//241 308//241 307//241
f 307//242 308//242 309//242
f 308//243 310//243 309//243
f 309//244 310//244 257//244
f 84//65 83//65 88//65
f 83//245 311//245 88//245
f 88//246 311//246 55//246
f 312//247 87//247 313//247
f 87//247 86//247 313//247
f 313//248 86//248 314//248
f 315//249 316//249 317//249
f 316//250 318//250 317//250
f 317//251 318//251 319//251
f 318//252 320//252 319//252
f 319//253 320//253 321//253
f 322//254 323//254 74//254
f 74//255 76//255 322//255
f 76//256 324//256 322//256
f 322//257 324//257 325//257
f 324//258 326//258 325//258
f 325//259 326//259 327//259
f 326//259 328//259 327//259
f 327//260 328//260 329//260
f 328//260 330//260 329//260
f 329//261 330//261 331//261
f 330//262 332//262 331//262
f 331//263 332//263 333//263
f 334//264 78//264 335//264
f 78//265 77//265 335//265
f 335//266 77//266 336//266
f 222//267 337//267 223//267
f 337//268 338//268 223//268
f 223//269 338//269 339//269
f 338//270 340//270 339//270
f 339//270 340//270 341//270
f 340//271 342//271 341//271
f 341//271 342//271 343//271
f 342//272 344//272 343//272
f 343//272 344//272 345//272
f 344//273 346//273 345//273
f 345//274 346//274 347//274
f 346//275 348//275 347//275
f 347//276 348//276 349//276
f 127//277 350//277 351//277
f 350//278 352//278 351//278
f 351//279 352//279 353//279
f 352//280 354//280 353//280
f 353//281 354//281 355//281
f 354//282 356//282 355//282
f 355//283 356//283 357//283
f 356//284 358//284 357//284
f 357//284 358//284 359//284
f 358//285 360//285 359//285
f 359//286 360//286 361//286
f 360//287 362//287 361//287
f 361//288 362//288 363//288
f 362//289 364//289 363//289
f 363//290 364//290 365//290
f 364//291 366//291 365//291
f 365//292 366//292 367//292
f 366//293 368//293 367//293
f 367//294 368//294 369//294
f 368//295 370//295 369//295
f 369//296 370//296 371//296
f 370//297 372//297 371//297
f 371//298 372//298 373//298
f 372//299 374//299 373//299
f 373//300 374//300 375//300
f 374//301 376//301 375//301
f 375//302 376//302 377//302
f 376//303 378//303 377//303
f 377//304 378//304 379//304
f 127//305 129//305 350//305
f 129//306 237//306 350//306
f 350//307 237//307 352//307
f 237//308 235//308 352//308
f 352//309 235//309 354//309
f 235//310 233//310 354//310
f 354//311 233//311 356//311
f 233//312 231//312 356//312
f 356//312 231//312 358//312
f 231//313 229//313 358//313
f 358//314 229//314 360//314
f 229//315 227//315 360//315
f 360//316 227//316 362//316
f 227//317 225//317 362//317
f 362//317 225//317 364//317
f 225//318 223//318 364//318
f 364//318 223//318 366//318
f 223//319 339//319 366//319
f 366//319 339//319 368//319
f 339//320 341//320 368//320
f 368//321 341//321 370//321
f 341//322 343//322 370//322
f 370//323 343//323 372//323
f 343//324 345//324 372//324
f 372//325 345//325 374//325
f 345//326 347//326 374//326
f 374//327 347//327 376//327
f 347//328 349//328 376//328
f 376//329 349//329 378//329
f 260//330 380//330 262//330
f 380//331 381//331 262//331
f 262//331 381//331 264//331
f 381//332 382//332 264//332
f 264//333 382//333 266//333
f 382//334 383//334 266//334
f 266//334 383//334 268//334
f 383//335 384//335 268//335
f 268//335 384//335 270//335
f 384//336 385//336 270//336
f 270//214 385//214 272//214
f 385//337 386//337 272//337
f 272//338 386//338 273//338
f 386//339 387//339 273//339
f 273//340 387//340 388//340
f 387//341 389//341 388//341
f 388//341 389//341 390//341
f 389//342 391//342 390//342
f 390//343 391//343 392//343
f 391//344 393//344 392//344
f 392//345 393//345 394//345
f 393//346 395//346 394//346
f 394//347 395//347 396//347
f 384//336 92//336 385//336
f 92//67 94//67 385//67
f 385//348 94//348 386//348
f 94//349 283//349 386//349
f 386//350 283//350 387//350
f 283//351 397//351 387//351
f 387//351 397//351 389//351
f 397//352 398//352 389//352
f 389//353 398//353 391//353
f 398//354 399//354 391//354
f 391//355 399//355 393//355
f 399//356 400//356 393//356
f 393//357 400//357 395//357
f 71//358 73//358 75//358
f 401//359 402//359 403//359
f 402//360 28//360 403//360
f 403//361 28//361 27//361
f 35//362 28//362 404//362
f 28//363 402//363 404//363
f 404//364 402//364 405//364
f 402//365 401//365 405//365
f 405//366 401//366 406//366
f 49//367 47//367 53//367
f 47//368 407//368 53//368
f 53//369 407//369 408//369
f 407//369 409//369 408//369
f 408//370 409//370 410//370
f 409//370 411//370 410//370
f 410//371 411//371 412//371
f 411//371 321//371 412//371
f 412//372 321//372 413//372
f 321//372 320//372 413//372
f 414//373 415//373 416//373
f 415//374 417//374 416//374
f 416//375 417//375 418//375
f 417//376 419//376 418//376
f 418//377 419//377 420//377
f 419//378 421//378 420//378
f 141//379 422//379 142//379
f 422//380 423//380 142//380
f 142//381 423//381 424//381
f 423//382 425//382 424//382
f 424//383 425//383 426//383
f 425//384 427//384 426//384
f 426//385 427//385 428//385
f 429//386 133//386 430//386
f 133//387 131//387 430//387
f 430//388 131//388 431//388
f 131//389 130//389 431//389
f 431//390 130//390 432//390
f 426//383 117//383 424//383
f 117//391 66//391 424//391
f 424//392 66//392 142//392
f 66//393 65//393 142//393
f 142//394 65//394 140//394
f 65//395 433//395 140//395
f 140//396 433//396 160//396
f 434//397 429//397 435//397
f 429//398 430//398 435//398
f 435//399 430//399 436//399
f 430//400 431//400 436//400
f 436//401 431//401 437//401
f 431//402 432//402 437//402
f 437//403 432//403 438//403
f 439//404 438//404 440//404
f 438//405 432//405 440//405
f 440//405 432//405 441//405
f 432//406 130//406 441//406
f 441//406 130//406 442//406
f 130//407 132//407 442//407
f 442//408 132//408 443//408
f 132//409 134//409 443//409
f 443//410 134//410 444//410
f 122//411 156//411 123//411
f 156//412 157//412 123//412
f 123//413 157//413 143//413
f 157//414 158//414 143//414
f 143//414 158//414 145//414
f 158//415 159//415 145//415
f 145//416 159//416 147//416
f 159//417 445//417 147//417
f 147//418 445//418 148//418
f 445//419 188//419 148//419
f 148//420 188//420 154//420
f 188//421 187//421 154//421
f 154//422 187//422 155//422
f 187//423 185//423 155//423
f 113//74 439//74 111//74
f 439//404 440//404 111//404
f 111//115 440//115 168//115
f 440//424 441//424 168//424
f 168//424 441//424 139//424
f 441//425 442//425 139//425
f 139//426 442//426 141//426
f 442//427 443//427 141//427
f 141//428 443//428 422//428
f 443//429 444//429 422//429
f 422//430 444//430 423//430
f 444//431 446//431 423//431
f 423//432 446//432 425//432
f 446//433 447//433 425//433
f 425//434 447//434 427//434
f 125//435 68//435 126//435
f 68//436 70//436 126//436
f 126//437 70//437 448//437
f 70//437 449//437 448//437
f 448//438 449//438 450//438
f 449//439 451//439 450//439
f 450//440 451//440 452//440
f 451//441 453//441 452//441
f 452//442 453//442 454//442
f 453//443 455//443 454//443
f 454//444 455//444 456//444
f 455//445 457//445 456//445
f 456//446 457//446 458//446
f 457//447 459//447 458//447
f 458//448 459//448 110//448
f 459//449 460//449 110//449
f 110//450 460//450 109//450
f 460//451 461//451 109//451
f 109//452 461//452 462//452
f 420//453 115//453 418//453
f 115//454 114//454 418//454
f 418//455 114//455 416//455
f 114//456 136//456 416//456
f 416//457 136//457 414//457
f 136//458 175//458 414//458
f 414//459 175//459 463//459
f 175//460 176//460 463//460
f 463//461 176//461 464//461
f 176//462 177//462 464//462
f 464//463 177//463 465//463
f 177//464 178//464 465//464
f 465//465 178//465 466//465
f 178//466 467//466 466//466
f 273//467 468//467 271//467
f 468//468 469//468 271//468
f 271//468 469//468 269//468
f 469//469 470//469 269//469
f 269//469 470//469 267//469
f 470//470 471//470 267//470
f 267//470 471//470 265//470
f 471//471 184//471 265//471
f 265//471 184//471 263//471
f 184//472 186//472 263//472
f 263//207 186//207 261//207
f 186//134 188//134 261//134
f 261//473 188//473 259//473
f 188//474 445//474 259//474
f 259//475 445//475 472//475
f 445//417 159//417 472//417
f 472//476 159//476 473//476
f 159//477 61//477 473//477
f 473//478 61//478 474//478
f 61//55 63//55 474//55
f 475//479 476//479 477//479
f 476//480 478//480 477//480
f 477//480 478//480 479//480
f 478//481 480//481 479//481
f 479//481 480//481 481//481
f 480//482 482//482 481//482
f 481//482 482//482 483//482
f 482//483 484//483 483//483
f 483//483 484//483 485//483
f 484//484 486//484 485//484
f 485//485 486//485 487//485
f 486//486 488//486 487//486
f 487//487 488//487 489//487
f 490//488 467//488 491//488
f 467//489 178//489 491//489
f 491//490 178//490 492//490
f 178//490 174//490 492//490
f 492//491 174//491 493//491
f 174//491 173//491 493//491
f 193//492 494//492 194//492
f 494//493 495//493 194//493
f 194//494 495//494 196//494
f 495//495 203//495 196//495
f 196//496 203//496 198//496
f 203//497 205//497 198//497
f 198//498 205//498 199//498
f 496//499 490//499 221//499
f 490//500 491//500 221//500
f 221//501 491//501 220//501
f 491//501 492//501 220//501
f 220//502 492//502 219//502
f 492//502 493//502 219//502
f 281//503 248//503 282//503
f 248//504 249//504 282//504
f 282//505 249//505 285//505
f 249//505 247//505 285//505
f 285//506 247//506 497//506
f 247//507 246//507 497//507
f 497//508 246//508 498//508
f 246//509 244//509 498//509
f 498//510 244//510 499//510
f 244//187 242//187 499//187
f 499//511 242//511 500//511
f 242//512 241//512 500//512
f 500//513 241//513 204//513
f 241//514 215//514 204//514
f 204//515 215//515 205//515
f 215//516 216//516 205//516
f 205//517 216//517 199//517
f 216//518 217//518 199//518
f 199//518 217//518 200//518
f 217//519 190//519 200//519
f 200//520 190//520 201//520
f 190//521 189//521 201//521
f 201//522 189//522 202//522
f 189//523 191//523 202//523
f 202//148 191//148 193//148
f 191//139 192//139 193//139
f 193//492 192//492 494//492
f 192//524 59//524 494//524
f 494//525 59//525 495//525
f 59//525 58//525 495//525
f 250//195 501//195 251//195
f 501//526 502//526 251//526
f 251//527 502//527 256//527
f 502//528 503//528 256//528
f 256//529 503//529 97//529
f 503//530 102//530 97//530
f 97//531 102//531 98//531
f 102//532 101//532 98//532
f 89//66 88//66 90//66
f 88//246 55//246 90//246
f 90//204 55//204 258//204
f 55//533 57//533 258//533
f 258//534 57//534 221//534
f 57//535 504//535 221//535
f 221//536 504//536 496//536
f 474//478 505//478 473//478
f 505//537 506//537 473//537
f 473//476 506//476 472//476
f 506//538 507//538 472//538
f 472//475 507//475 259//475
f 507//539 508//539 259//539
f 259//540 508//540 260//540
f 508//541 509//541 260//541
f 260//541 509//541 380//541
f 509//542 510//542 380//542
f 380//543 510//543 381//543
f 510//544 511//544 381//544
f 381//544 511//544 382//544
f 511//545 512//545 382//545
f 382//546 512//546 383//546
f 512//547 513//547 383//547
f 383//548 513//548 384//548
f 513//549 514//549 384//549
f 384//549 514//549 92//549
f 514//550 515//550 92//550
f 92//550 515//550 93//550
f 515//551 516//551 93//551
f 93//552 516//552 283//552
f 278//553 517//553 279//553
f 517//554 518//554 279//554
f 279//555 518//555 281//555
f 518//556 519//556 281//556
f 281//556 519//556 248//556
f 519//557 520//557 248//557
f 248//557 520//557 214//557
f 520//558 521//558 214//558
f 214//558 521//558 213//558
f 521//559 522//559 213//559
f 213//560 522//560 212//560
f 522//561 523//561 212//561
f 212//561 523//561 211//561
f 523//562 524//562 211//562
f 211//562 524//562 106//562
f 257//563 310//563 255//563
f 310//564 525//564 255//564
f 255//565 525//565 254//565
f 525//566 526//566 254//566
f 254//566 526//566 252//566
f 526//567 527//567 252//567
f 252//567 527//567 250//567
f 16//568 396//568 21//568
f 396//569 395//569 21//569
f 21//570 395//570 22//570
f 395//571 400//571 22//571
f 22//572 400//572 528//572
f 400//573 399//573 528//573
f 528//574 399//574 529//574
f 399//575 398//575 529//575
f 529//576 398//576 530//576
f 398//577 397//577 530//577
f 530//577 397//577 531//577
f 397//578 283//578 531//578
f 531//579 283//579 532//579
f 283//580 516//580 532//580
f 532//581 516//581 533//581
f 516//551 515//551 533//551
f 533//582 515//582 534//582
f 515//583 514//583 534//583
f 534//583 514//583 535//583
f 514//584 513//584 535//584
f 535//584 513//584 536//584
f 513//585 512//585 536//585
f 536//585 512//585 537//585
f 512//586 511//586 537//586
f 537//586 511//586 538//586
f 511//587 510//587 538//587
f 538//587 510//587 539//587
f 510//588 509//588 539//588
f 539//589 509//589 540//589
f 509//590 508//590 540//590
f 540//590 508//590 541//590
f 508//591 507//591 541//591
f 541//591 507//591 542//591
f 507//592 506//592 542//592
f 542//593 506//593 543//593
f 506//537 505//537 543//537
f 543//594 505//594 113//594
f 276//595 293//595 544//595
f 293//596 295//596 544//596
f 544//597 295//597 545//597
f 295//598 297//598 545//598
f 545//599 297//599 546//599
f 297//599 299//599 546//599
f 81//63 80//63 83//63
f 80//600 547//600 83//600
f 83//245 547//245 311//245
f 547//601 548//601 311//601
f 311//602 548//602 55//602
f 548//603 549//603 55//603
f 55//604 549//604 56//604
f 276//605 544//605 274//605
f 544//606 545//606 274//606
f 274//607 545//607 284//607
f 545//608 546//608 284//608
f 284//609 546//609 302//609
f 546//610 299//610 302//610
f 302//611 299//611 303//611
f 299//612 300//612 303//612
f 303//613 300//613 291//613
f 300//614 314//614 291//614
f 291//615 314//615 292//615
f 314//248 86//248 292//248
f 292//616 86//616 290//616
f 86//616 85//616 290//616
f 290//617 85//617 288//617
f 75//618 73//618 76//618
f 73//619 550//619 76//619
f 76//620 550//620 324//620
f 550//621 551//621 324//621
f 324//622 551//622 326//622
f 551//623 552//623 326//623
f 326//624 552//624 328//624
f 552//625 553//625 328//625
f 328//626 553//626 330//626
f 553//626 554//626 330//626
f 330//627 554//627 332//627
f 555//628 413//628 556//628
f 413//629 320//629 556//629
f 556//629 320//629 557//629
f 320//630 318//630 557//630
f 557//631 318//631 558//631
f 318//632 316//632 558//632
f 558//633 316//633 559//633
f 316//634 315//634 559//634
f 559//634 315//634 286//634
f 60//54 109//54 58//54
f 109//635 462//635 58//635
f 58//636 462//636 495//636
f 462//637 560//637 495//637
f 495//638 560//638 203//638
f 560//639 561//639 203//639
f 203//640 561//640 204//640
f 561//641 218//641 204//641
f 204//642 218//642 500//642
f 218//643 102//643 500//643
f 500//644 102//644 499//644
f 102//645 503//645 499//645
f 499//510 503//510 498//510
f 503//528 502//528 498//528
f 498//508 502//508 497//508
f 502//526 501//526 497//526
f 497//646 501//646 285//646
f 501//647 250//647 285//647
f 285//648 250//648 275//648
f 250//649 527//649 275//649
f 275//650 527//650 276//650
f 527//651 526//651 276//651
f 276//651 526//651 293//651
f 526//652 525//652 293//652
f 293//652 525//652 294//652
f 525//653 310//653 294//653
f 294//654 310//654 296//654
f 310//655 308//655 296//655
f 296//656 308//656 298//656
f 308//657 306//657 298//657
f 298//657 306//657 300//657
f 306//658 305//658 300//658
f 300//658 305//658 314//658
f 305//659 304//659 314//659
f 314//660 304//660 313//660
f 304//661 562//661 313//661
f 313//662 562//662 312//662
f 562//663 563//663 312//663
f 312//664 563//664 564//664
f 286//224 288//224 559//224
f 288//617 85//617 559//617
f 559//665 85//665 558//665
f 85//64 87//64 558//64
f 558//631 87//631 557//631
f 87//666 312//666 557//666
f 557//666 312//666 556//666
f 312//667 564//667 556//667
f 556//668 564//668 555//668
f 421//669 565//669 420//669
f 565//670 566//670 420//670
f 420//671 566//671 115//671
f 566//672 567//672 115//672
f 115//673 567//673 116//673
f 567//674 568//674 116//674
f 116//675 568//675 169//675
f 568//675 569//675 169//675
f 169//676 569//676 171//676
f 569//676 570//676 171//676
f 171//677 570//677 173//677
f 570//678 571//678 173//678
f 173//679 571//679 493//679
f 571//680 572//680 493//680
f 493//681 572//681 219//681
f 572//682 573//682 219//682
f 219//683 573//683 96//683
f 573//684 574//684 96//684
f 96//685 574//685 91//685
f 574//686 575//686 91//686
f 91//687 575//687 89//687
f 575//687 576//687 89//687
f 89//688 576//688 84//688
f 576//688 577//688 84//688
f 84//689 577//689 81//689
f 577//689 578//689 81//689
f 81//690 578//690 82//690
f 578//691 579//691 82//691
f 73//692 580//692 550//692
f 580//693 581//693 550//693
f 550//694 581//694 551//694
f 581//695 582//695 551//695
f 551//696 582//696 552//696
f 582//697 583//697 552//697
f 552//698 583//698 553//698
f 583//699 584//699 553//699
f 553//700 584//700 554//700
f 584//701 585//701 554//701
f 554//702 585//702 332//702
f 585//702 586//702 332//702
f 332//703 586//703 333//703
f 379//704 579//704 377//704
f 579//705 578//705 377//705
f 377//706 578//706 375//706
f 578//707 577//707 375//707
f 375//707 577//707 373//707
f 577//708 576//708 373//708
f 373//708 576//708 371//708
f 576//709 575//709 371//709
f 371//709 575//709 369//709
f 575//710 574//710 369//710
f 369//710 574//710 367//710
f 574//711 573//711 367//711
f 367//712 573//712 365//712
f 573//713 572//713 365//713
f 365//714 572//714 363//714
f 572//715 571//715 363//715
f 363//715 571//715 361//715
f 571//716 570//716 361//716
f 361//716 570//716 359//716
f 570//717 569//717 359//717
f 359//718 569//718 357//718
f 569//719 568//719 357//719
f 357//720 568//720 355//720
f 568//721 567//721 355//721
f 355//722 567//722 353//722
f 567//723 566//723 353//723
f 353//724 566//724 351//724
f 566//725 565//725 351//725
f 351//726 565//726 127//726
f 38//727 35//727 587//727
f 35//728 404//728 587//728
f 587//729 404//729 588//729
f 404//730 405//730 588//730
f 588//731 405//731 589//731
f 405//732 406//732 589//732
f 589//733 406//733 590//733
f 580//734 591//734 581//734
f 591//735 592//735 581//735
f 581//736 592//736 582//736
f 592//737 593//737 582//737
f 582//697 593//697 583//697
f 593//738 594//738 583//738
f 583//739 594//739 584//739
f 594//740 595//740 584//740
f 584//741 595//741 585//741
f 595//742 596//742 585//742
f 585//743 596//743 586//743
f 407//744 72//744 409//744
f 72//744 71//744 409//744
f 409//745 71//745 411//745
f 71//746 75//746 411//746
f 411//747 75//747 321//747
f 75//747 74//747 321//747
f 321//748 74//748 319//748
f 74//749 323//749 319//749
f 319//251 323//251 317//251
f 323//750 322//750 317//750
f 317//751 322//751 315//751
f 322//257 325//257 315//257
f 315//752 325//752 286//752
f 325//753 327//753 286//753
f 286//754 327//754 287//754
f 327//755 329//755 287//755
f 287//234 329//234 301//234
f 329//261 331//261 301//261
f 301//756 331//756 278//756
f 331//263 333//263 278//263
f 278//553 333//553 517//553
f 13//11 12//11 597//11
f 12//757 9//757 597//757
f 597//758 9//758 336//758
f 9//759 2//759 336//759
f 336//760 2//760 335//760
f 2//761 1//761 335//761
f 335//762 1//762 334//762
f 1//763 54//763 334//763
f 334//764 54//764 78//764
f 54//765 598//765 78//765
f 78//766 598//766 79//766
f 598//767 599//767 79//767
f 113//768 505//768 439//768
f 505//769 474//769 439//769
f 439//770 474//770 438//770
f 474//771 63//771 438//771
f 438//403 63//403 437//403
f 63//56 64//56 437//56
f 437//772 64//772 436//772
f 64//773 156//773 436//773
f 436//774 156//774 435//774
f 156//775 122//775 435//775
f 435//776 122//776 434//776
f 122//777 121//777 434//777
f 434//778 121//778 600//778
f 121//779 119//779 600//779
f 600//780 119//780 240//780
f 119//781 118//781 240//781
f 240//782 118//782 239//782
f 118//783 149//783 239//783
f 239//784 149//784 238//784
f 149//785 151//785 238//785
f 238//786 151//786 236//786
f 151//787 153//787 236//787
f 236//788 153//788 234//788
f 153//789 155//789 234//789
f 234//789 155//789 232//789
f 155//790 185//790 232//790
f 232//790 185//790 230//790
f 185//791 184//791 230//791
f 230//792 184//792 228//792
f 184//793 471//793 228//793
f 228//794 471//794 226//794
f 471//795 470//795 226//795
f 226//795 470//795 224//795
f 470//796 469//796 224//796
f 224//796 469//796 222//796
f 469//797 468//797 222//797
f 222//797 468//797 337//797
f 468//798 273//798 337//798
f 337//799 273//799 338//799
f 273//800 388//800 338//800
f 338//801 388//801 340//801
f 388//802 390//802 340//802
f 340//803 390//803 342//803
f 390//804 392//804 342//804
f 342//805 392//805 344//805
f 392//806 394//806 344//806
f 344//807 394//807 346//807
f 394//808 396//808 346//808
f 346//809 396//809 348//809
f 396//810 16//810 348//810
f 348//811 16//811 349//811
f 16//812 15//812 349//812
f 349//813 15//813 378//813
f 15//814 13//814 378//814
f 378//815 13//815 379//815
f 13//816 597//816 379//816
f 379//817 597//817 579//817
f 597//818 336//818 579//818
f 579//819 336//819 82//819
f 336//820 77//820 82//820
f 82//821 77//821 80//821
f 77//61 79//61 80//61
f 80//600 79//600 547//600
f 79//822 599//822 547//822
f 547//823 599//823 548//823
f 67//57 475//57 65//57
f 475//824 477//824 65//824
f 65//825 477//825 433//825
f 477//826 479//826 433//826
f 433//826 479//826 160//826
f 479//827 481//827 160//827
f 160//828 481//828 161//828
f 481//829 483//829 161//829
f 161//829 483//829 163//829
f 483//830 485//830 163//830
f 163//831 485//831 165//831
f 485//832 487//832 165//832
f 165//833 487//833 164//833
f 487//834 489//834 164//834
f 164//835 489//835 166//835
f 489//835 601//835 166//835
f 166//836 601//836 112//836
f 601//836 602//836 112//836
f 112//837 602//837 113//837
f 602//837 603//837 113//837
f 113//594 603//594 543//594
f 603//838 604//838 543//838
f 543//839 604//839 542//839
f 604//840 605//840 542//840
f 542//840 605//840 541//840
f 605//841 606//841 541//841
f 541//841 606//841 540//841
f 606//842 607//842 540//842
f 540//842 607//842 539//842
f 607//843 608//843 539//843
f 539//844 608//844 538//844
f 608//845 609//845 538//845
f 538//845 609//845 537//845
f 609//846 610//846 537//846
f 537//846 610//846 536//846
f 610//847 611//847 536//847
f 536//848 611//848 535//848
f 611//849 612//849 535//849
f 535//850 612//850 534//850
f 612//851 613//851 534//851
f 534//852 613//852 533//852
f 613//853 614//853 533//853
f 533//581 614//581 532//581
f 614//854 590//854 532//854
f 532//855 590//855 531//855
f 590//856 406//856 531//856
f 531//857 406//857 530//857
f 406//858 401//858 530//858
f 530//859 401//859 529//859
f 401//860 403//860 529//860
f 529//861 403//861 528//861
f 403//862 27//862 528//862
f 528//863 27//863 22//863
f 428//864 124//864 426//864
f 124//865 126//865 426//865
f 426//866 126//866 117//866
f 126//867 448//867 117//867
f 117//868 448//868 67//868
f 448//869 450//869 67//869
f 67//870 450//870 475//870
f 450//870 452//870 475//870
f 475//871 452//871 476//871
f 452//871 454//871 476//871
f 476//872 454//872 478//872
f 454//872 456//872 478//872
f 478//873 456//873 480//873
f 456//873 458//873 480//873
f 480//874 458//874 482//874
f 458//874 110//874 482//874
f 482//875 110//875 484//875
f 110//876 60//876 484//876
f 484//877 60//877 486//877
f 60//878 179//878 486//878
f 486//879 179//879 488//879
f 179//129 181//129 488//129
f 488//880 181//880 489//880
f 181//881 183//881 489//881
f 489//882 183//882 601//882
f 183//882 107//882 601//882
f 601//883 107//883 602//883
f 107//884 106//884 602//884
f 602//885 106//885 603//885
f 106//885 524//885 603//885
f 603//838 524//838 604//838
f 524//886 523//886 604//886
f 604//886 523//886 605//886
f 523//887 522//887 605//887
f 605//888 522//888 606//888
f 522//889 521//889 606//889
f 606//890 521//890 607//890
f 521//891 520//891 607//891
f 607//892 520//892 608//892
f 520//893 519//893 608//893
f 608//893 519//893 609//893
f 519//894 518//894 609//894
f 609//894 518//894 610//894
f 518//895 517//895 610//895
f 610//895 517//895 611//895
f 517//896 333//896 611//896
f 611//896 333//896 612//896
f 333//703 586//703 612//703
f 612//897 586//897 613//897
f 586//743 596//743 613//743
f 613//853 596//853 614//853
f 596//898 595//898 614//898
f 614//854 595//854 590//854
f 595//899 594//899 590//899
f 590//900 594//900 589//900
f 594//738 593//738 589//738
f 589//901 593//901 588//901
f 593//737 592//737 588//737
f 588//902 592//902 587//902
f 592//903 591//903 587//903
f 587//904 591//904 38//904
f 591//905 580//905 38//905
f 38//906 580//906 39//906
f 580//907 73//907 39//907
f 39//908 73//908 42//908
f 73//909 72//909 42//909
f 42//910 72//910 43//910
f 72//911 407//911 43//911
f 43//912 407//912 46//912
f 407//913 47//913 46//913
f 51//914 50//914 615//914
f 50//915 53//915 615//915
f 615//916 53//916 616//916
f 53//917 408//917 616//917
f 616//918 408//918 617//918
f 408//918 410//918 617//918
f 617//919 410//919 618//919
f 410//920 412//920 618//920
f 618//921 412//921 619//921
f 412//922 413//922 619//922
f 619//923 413//923 620//923
f 413//924 555//924 620//924
f 621//925 69//925 68//925
f 415//926 622//926 623//926
f 415//926 623//926 417//926
f 623//927 624//927 417//927
f 417//927 624//927 419//927
f 419//928 624//928 421//928
f 624//928 625//928 421//928
f 421//929 625//929 565//929
f 625//929 626//929 565//929
f 626//930 627//930 565//930
f 565//930 627//930 127//930
f 627//931 628//931 127//931
f 127//931 628//931 128//931
f 628//932 629//932 128//932
f 128//932 629//932 240//932
f 629//933 630//933 240//933
f 240//933 630//933 600//933
f 630//934 631//934 600//934
f 600//934 631//934 434//934
f 631//935 632//935 434//935
f 434//935 632//935 429//935
f 632//936 633//936 429//936
f 429//936 633//936 133//936
f 633//937 634//937 133//937
f 133//937 634//937 134//937
f 634//938 635//938 134//938
f 134//938 635//938 444//938
f 635//939 636//939 444//939
f 444//939 636//939 446//939
f 446//940 636//940 447//940
f 636//940 637//940 447//940
f 447//941 637//941 427//941
f 637//941 638//941 427//941
f 427//942 638//942 428//942
f 638//942 639//942 428//942
f 428//943 639//943 124//943
f 639//943 640//943 124//943
f 124//944 640//944 125//944
f 640//944 641//944 125//944
f 125//945 641//945 68//945
f 641//945 642//945 68//945
f 68//925 642//925 621//925
f 642//946 641//946 643//946
f 632//947 631//947 644//947
f 623//948 622//948 645//948
f 646//949 647//949 648//949
f 649//950 650//950 651//950
f 652//951 653//951 654//951
f 655//952 656//952 657//952
f 658//953 659//953 660//953
f 661//954 662//954 663//954
f 640//955 639//955 664//955
f 665//956 666//956 667//956
f 668//957 669//957 670//957
f 671//958 672//958 669//958
f 673//959 674//959 672//959
f 675//960 676//960 647//960
f 677//961 678//961 674//961
f 679//962 680//962 681//962
f 682//963 683//963 678//963
f 684//964 685//964 686//964
f 687//965 688//965 689//965
f 690//966 691//966 692//966
f 693//967 694//967 695//967
f 696//968 697//968 698//968
f 699//969 700//969 701//969
f 702//970 703//970 704//970
f 705//971 706//971 707//971
f 708//972 709//972 710//972
f 711//973 712//973 713//973
f 714//974 715//974 716//974
f 717//975 718//975 719//975
f 718//976 720//976 719//976
f 719//977 720//977 714//977
f 662//978 711//978 663//978
f 711//979 713//979 663//979
f 663//980 713//980 721//980
f 713//981 722//981 721//981
f 721//982 722//982 723//982
f 722//983 724//983 723//983
f 725//984 726//984 727//984
f 728//985 729//985 730//985
f 731//986 732//986 733//986
f 734//987 732//987 735//987
f 732//988 731//988 735//988
f 735//988 731//988 736//988
f 700//989 699//989 737//989
f 694//990 653//990 738//990
f 653//990 652//990 738//990
f 738//991 652//991 739//991
f 740//992 696//992 741//992
f 742//993 743//993 744//993
f 745//994 746//994 747//994
f 748//995 749//995 750//995
f 749//996 751//996 750//996
f 750//997 751//997 752//997
f 751//998 753//998 752//998
f 747//999 754//999 755//999
f 754//1000 756//1000 755//1000
f 755//1001 756//1001 757//1001
f 756//1002 758//1002 757//1002
f 696//1003 698//1003 741//1003
f 698//1004 759//1004 741//1004
f 741//1005 759//1005 760//1005
f 761//1006 762//1006 763//1006
f 762//1007 764//1007 763//1007
f 763//1008 764//1008 765//1008
f 764//1009 766//1009 765//1009
f 767//1010 692//1010 745//1010
f 692//1011 691//1011 745//1011
f 745//1012 691//1012 746//1012
f 695//1013 690//1013 768//1013
f 690//966 692//966 768//966
f 768//1014 692//1014 769//1014
f 692//1010 767//1010 769//1010
f 769//1015 767//1015 770//1015
f 767//1016 771//1016 770//1016
f 770//1017 771//1017 772//1017
f 771//1018 773//1018 772//1018
f 772//1018 773//1018 774//1018
f 773//1019 775//1019 774//1019
f 774//1019 775//1019 776//1019
f 759//1020 688//1020 760//1020
f 688//1021 687//1021 760//1021
f 760//1022 687//1022 777//1022
f 687//1023 778//1023 777//1023
f 777//1024 778//1024 779//1024
f 780//1025 683//1025 781//1025
f 683//1026 682//1026 781//1026
f 781//1027 682//1027 782//1027
f 783//1028 784//1028 785//1028
f 784//1028 684//1028 785//1028
f 786//1029 787//1029 788//1029
f 787//1030 789//1030 788//1030
f 790//1031 791//1031 792//1031
f 791//1032 793//1032 792//1032
f 792//1032 793//1032 794//1032
f 793//1033 795//1033 794//1033
f 794//1033 795//1033 796//1033
f 796//1034 789//1034 794//1034
f 789//1035 787//1035 794//1035
f 794//1035 787//1035 792//1035
f 787//1036 786//1036 792//1036
f 792//1037 786//1037 790//1037
f 786//1038 797//1038 790//1038
f 790//1039 797//1039 798//1039
f 797//1040 799//1040 798//1040
f 798//1041 799//1041 800//1041
f 799//1042 801//1042 800//1042
f 800//1043 801//1043 802//1043
f 801//1044 803//1044 802//1044
f 802//1045 803//1045 804//1045
f 803//1046 805//1046 804//1046
f 804//1047 805//1047 806//1047
f 805//1048 807//1048 806//1048
f 806//1049 807//1049 808//1049
f 807//1050 809//1050 808//1050
f 808//1051 809//1051 810//1051
f 809//1051 811//1051 810//1051
f 810//1052 811//1052 812//1052
f 813//1053 814//1053 815//1053
f 814//1054 816//1054 815//1054
f 815//1055 816//1055 817//1055
f 816//1056 818//1056 817//1056
f 813//1057 680//1057 814//1057
f 680//1058 679//1058 814//1058
f 814//1059 679//1059 819//1059
f 679//1060 820//1060 819//1060
f 819//1061 820//1061 821//1061
f 678//1062 677//1062 682//1062
f 677//1063 822//1063 682//1063
f 682//1027 822//1027 782//1027
f 823//1064 824//1064 825//1064
f 824//1064 826//1064 825//1064
f 825//1065 826//1065 827//1065
f 826//1066 828//1066 827//1066
f 827//1067 828//1067 829//1067
f 830//1068 831//1068 832//1068
f 831//1069 833//1069 832//1069
f 832//1069 833//1069 834//1069
f 823//1070 835//1070 824//1070
f 835//1071 836//1071 824//1071
f 824//1072 836//1072 826//1072
f 836//1073 837//1073 826//1073
f 826//1074 837//1074 828//1074
f 742//1075 838//1075 839//1075
f 838//1076 840//1076 839//1076
f 839//1077 840//1077 841//1077
f 840//1078 842//1078 841//1078
f 841//1079 842//1079 843//1079
f 842//1080 844//1080 843//1080
f 843//1081 844//1081 845//1081
f 844//1082 846//1082 845//1082
f 845//1083 846//1083 847//1083
f 846//1084 848//1084 847//1084
f 847//1085 848//1085 849//1085
f 848//1086 850//1086 849//1086
f 849//1087 850//1087 851//1087
f 850//1088 852//1088 851//1088
f 851//1089 852//1089 853//1089
f 854//1090 855//1090 856//1090
f 853//1091 852//1091 857//1091
f 852//1092 858//1092 857//1092
f 857//1093 858//1093 859//1093
f 672//959 671//959 673//959
f 671//1094 860//1094 673//1094
f 673//1095 860//1095 649//1095
f 647//960 646//960 675//960
f 646//1096 861//1096 675//1096
f 675//1097 861//1097 862//1097
f 861//1097 863//1097 862//1097
f 862//1098 863//1098 864//1098
f 865//1099 856//1099 866//1099
f 856//1099 855//1099 866//1099
f 866//1100 855//1100 867//1100
f 855//1101 854//1101 867//1101
f 867//1102 854//1102 868//1102
f 869//1103 870//1103 871//1103
f 859//1104 872//1104 857//1104
f 872//1105 873//1105 857//1105
f 857//1106 873//1106 853//1106
f 873//1107 874//1107 853//1107
f 853//1108 874//1108 875//1108
f 874//1108 876//1108 875//1108
f 875//1109 876//1109 877//1109
f 876//1109 878//1109 877//1109
f 877//1110 878//1110 879//1110
f 880//1111 881//1111 882//1111
f 881//1112 883//1112 882//1112
f 882//1113 883//1113 884//1113
f 883//1114 885//1114 884//1114
f 884//1114 885//1114 886//1114
f 887//1115 870//1115 888//1115
f 870//1116 869//1116 888//1116
f 888//1117 869//1117 889//1117
f 890//1118 891//1118 892//1118
f 893//1119 666//1119 894//1119
f 666//1120 665//1120 894//1120
f 894//1121 665//1121 895//1121
f 896//1122 897//1122 898//1122
f 897//1123 899//1123 898//1123
f 898//1123 899//1123 900//1123
f 899//1124 901//1124 900//1124
f 900//1125 901//1125 902//1125
f 901//1126 903//1126 902//1126
f 902//1127 903//1127 904//1127
f 903//1128 905//1128 904//1128
f 904//1129 905//1129 906//1129
f 907//1130 908//1130 909//1130
f 908//1131 910//1131 909//1131
f 909//1132 910//1132 911//1132
f 910//1133 912//1133 911//1133
f 911//1134 912//1134 913//1134
f 912//1135 914//1135 913//1135
f 913//1135 914//1135 915//1135
f 914//1136 916//1136 915//1136
f 915//1137 916//1137 917//1137
f 916//1138 918//1138 917//1138
f 917//1139 918//1139 919//1139
f 918//1140 920//1140 919//1140
f 919//1141 920//1141 921//1141
f 908//1142 896//1142 910//1142
f 896//1143 898//1143 910//1143
f 910//1143 898//1143 912//1143
f 898//1144 900//1144 912//1144
f 912//1145 900//1145 914//1145
f 900//1146 902//1146 914//1146
f 914//1146 902//1146 916//1146
f 902//1147 904//1147 916//1147
f 916//1148 904//1148 918//1148
f 904//1149 906//1149 918//1149
f 918//1150 906//1150 920//1150
f 922//1151 887//1151 923//1151
f 887//1152 888//1152 923//1152
f 923//1153 888//1153 924//1153
f 888//1154 889//1154 924//1154
f 890//1155 892//1155 925//1155
f 892//1156 926//1156 925//1156
f 925//1157 926//1157 927//1157
f 926//1158 928//1158 927//1158
f 927//1159 928//1159 929//1159
f 629//1160 922//1160 630//1160
f 922//1161 923//1161 630//1161
f 630//1162 923//1162 631//1162
f 923//1163 924//1163 631//1163
f 631//1164 924//1164 644//1164
f 924//1165 889//1165 644//1165
f 636//1166 927//1166 637//1166
f 927//1167 929//1167 637//1167
f 637//1168 929//1168 638//1168
f 930//1169 890//1169 931//1169
f 890//1170 925//1170 931//1170
f 931//1171 925//1171 932//1171
f 925//1172 927//1172 932//1172
f 932//1173 927//1173 933//1173
f 927//1174 636//1174 933//1174
f 933//1175 636//1175 635//1175
f 641//1176 640//1176 643//1176
f 640//1177 664//1177 643//1177
f 643//1178 664//1178 934//1178
f 664//1178 935//1178 934//1178
f 934//1179 935//1179 936//1179
f 935//1179 937//1179 936//1179
f 936//1180 937//1180 938//1180
f 937//1180 880//1180 938//1180
f 938//1181 880//1181 939//1181
f 880//1181 882//1181 939//1181
f 939//1182 882//1182 940//1182
f 882//1182 884//1182 940//1182
f 940//1183 884//1183 941//1183
f 884//1183 886//1183 941//1183
f 941//1184 886//1184 942//1184
f 943//1185 944//1185 717//1185
f 944//1186 945//1186 717//1186
f 717//1187 945//1187 718//1187
f 945//1188 946//1188 718//1188
f 718//1189 946//1189 720//1189
f 946//1190 947//1190 720//1190
f 948//1191 947//1191 949//1191
f 947//1192 946//1192 949//1192
f 949//1193 946//1193 950//1193
f 946//1194 945//1194 950//1194
f 950//1195 945//1195 951//1195
f 945//1196 944//1196 951//1196
f 951//1197 944//1197 952//1197
f 715//1198 661//1198 716//1198
f 661//1199 663//1199 716//1199
f 716//1200 663//1200 953//1200
f 663//1200 721//1200 953//1200
f 953//1201 721//1201 954//1201
f 721//1202 723//1202 954//1202
f 712//1203 658//1203 713//1203
f 658//1204 660//1204 713//1204
f 713//1205 660//1205 722//1205
f 660//1206 955//1206 722//1206
f 722//1207 955//1207 724//1207
f 955//1208 956//1208 724//1208
f 957//1209 958//1209 959//1209
f 958//1210 960//1210 959//1210
f 959//1211 960//1211 961//1211
f 960//1212 962//1212 961//1212
f 961//1213 962//1213 963//1213
f 962//1214 964//1214 963//1214
f 963//1215 964//1215 965//1215
f 964//1216 966//1216 965//1216
f 965//1217 966//1217 967//1217
f 966//1218 968//1218 967//1218
f 967//1219 968//1219 702//1219
f 710//1220 701//1220 969//1220
f 701//1221 700//1221 969//1221
f 969//1221 700//1221 970//1221
f 700//1222 737//1222 970//1222
f 970//1223 737//1223 971//1223
f 737//1224 972//1224 971//1224
f 971//1225 972//1225 973//1225
f 972//1225 974//1225 973//1225
f 973//1226 974//1226 952//1226
f 974//1226 975//1226 952//1226
f 952//1227 975//1227 951//1227
f 975//1228 976//1228 951//1228
f 951//1195 976//1195 950//1195
f 976//1229 977//1229 950//1229
f 950//1230 977//1230 949//1230
f 977//1231 978//1231 949//1231
f 949//1232 978//1232 948//1232
f 714//1233 716//1233 719//1233
f 716//1234 953//1234 719//1234
f 719//1235 953//1235 717//1235
f 953//1236 954//1236 717//1236
f 717//1237 954//1237 943//1237
f 954//1238 723//1238 943//1238
f 943//1238 723//1238 979//1238
f 723//1239 724//1239 979//1239
f 979//1239 724//1239 725//1239
f 724//1240 956//1240 725//1240
f 725//1241 956//1241 726//1241
f 702//1242 704//1242 967//1242
f 704//1243 980//1243 967//1243
f 967//1244 980//1244 965//1244
f 980//1245 981//1245 965//1245
f 965//1215 981//1215 963//1215
f 981//1246 982//1246 963//1246
f 963//1247 982//1247 961//1247
f 982//1248 983//1248 961//1248
f 961//1249 983//1249 959//1249
f 983//1250 984//1250 959//1250
f 959//1251 984//1251 957//1251
f 985//1252 986//1252 987//1252
f 986//1253 988//1253 987//1253
f 987//1254 988//1254 989//1254
f 988//1255 990//1255 989//1255
f 989//1256 990//1256 991//1256
f 990//1257 992//1257 991//1257
f 991//1258 992//1258 993//1258
f 992//1259 994//1259 993//1259
f 993//1260 994//1260 812//1260
f 694//1261 693//1261 653//1261
f 693//1261 995//1261 653//1261
f 653//1262 995//1262 654//1262
f 995//1262 996//1262 654//1262
f 654//1263 996//1263 997//1263
f 996//1264 998//1264 997//1264
f 997//1265 998//1265 999//1265
f 998//1266 1000//1266 999//1266
f 999//1267 1000//1267 1001//1267
f 1000//1268 1002//1268 1001//1268
f 1001//1269 1002//1269 1003//1269
f 1002//1270 1004//1270 1003//1270
f 1003//1271 1004//1271 1005//1271
f 1004//1272 1006//1272 1005//1272
f 1005//1273 1006//1273 1007//1273
f 657//952 1008//952 655//952
f 1008//1274 1009//1274 655//1274
f 655//1275 1009//1275 1010//1275
f 1009//1276 728//1276 1010//1276
f 1010//1276 728//1276 1011//1276
f 728//1277 730//1277 1011//1277
f 1011//1278 730//1278 1012//1278
f 1008//1279 1013//1279 1009//1279
f 1013//1280 1014//1280 1009//1280
f 1009//1280 1014//1280 728//1280
f 1014//1281 1015//1281 728//1281
f 728//1282 1015//1282 729//1282
f 1016//1283 1017//1283 1018//1283
f 1017//1284 1019//1284 1018//1284
f 1018//1285 1019//1285 1020//1285
f 1019//1286 1021//1286 1020//1286
f 1020//1287 1021//1287 1022//1287
f 1021//1288 1023//1288 1022//1288
f 1022//1289 1023//1289 1024//1289
f 1023//1290 1025//1290 1024//1290
f 1024//1291 1025//1291 1026//1291
f 1025//1292 1027//1292 1026//1292
f 1026//1293 1027//1293 1028//1293
f 1027//1294 1029//1294 1028//1294
f 1028//1294 1029//1294 1030//1294
f 1029//1295 1031//1295 1030//1295
f 1030//1296 1031//1296 1032//1296
f 1031//1297 1033//1297 1032//1297
f 1032//1298 1033//1298 1034//1298
f 704//1299 1035//1299 980//1299
f 1035//1300 1036//1300 980//1300
f 980//1301 1036//1301 981//1301
f 1036//1302 1037//1302 981//1302
f 981//1303 1037//1303 982//1303
f 1037//1304 1038//1304 982//1304
f 982//1305 1038//1305 983//1305
f 1038//1306 1039//1306 983//1306
f 983//1307 1039//1307 984//1307
f 1039//1308 1040//1308 984//1308
f 984//1309 1040//1309 957//1309
f 1040//1310 1041//1310 957//1310
f 812//1311 811//1311 993//1311
f 811//1312 1042//1312 993//1312
f 993//1258 1042//1258 991//1258
f 1042//1313 1043//1313 991//1313
f 991//1314 1043//1314 989//1314
f 1043//1315 1044//1315 989//1315
f 989//1316 1044//1316 987//1316
f 1044//1317 1045//1317 987//1317
f 987//1318 1045//1318 985//1318
f 656//1319 734//1319 1046//1319
f 734//1320 735//1320 1046//1320
f 1046//1320 735//1320 1047//1320
f 735//1321 736//1321 1047//1321
f 1047//1322 736//1322 1048//1322
f 656//1319 655//1319 734//1319
f 655//1323 1010//1323 734//1323
f 734//1324 1010//1324 732//1324
f 1010//1325 1011//1325 732//1325
f 732//1325 1011//1325 733//1325
f 1011//1326 1012//1326 733//1326
f 733//1327 1012//1327 1049//1327
f 1050//1328 707//1328 1051//1328
f 707//1329 706//1329 1051//1329
f 1051//1330 706//1330 1052//1330
f 706//1331 1053//1331 1052//1331
f 1017//1284 1054//1284 1019//1284
f 1054//1332 1055//1332 1019//1332
f 1019//1333 1055//1333 1021//1333
f 1055//1334 1056//1334 1021//1334
f 1021//1288 1056//1288 1023//1288
f 1056//1335 1057//1335 1023//1335
f 1023//1290 1057//1290 1025//1290
f 1057//1336 1058//1336 1025//1336
f 1025//1337 1058//1337 1027//1337
f 1058//1338 1059//1338 1027//1338
f 1027//1338 1059//1338 1029//1338
f 1059//1339 1060//1339 1029//1339
f 1029//1340 1060//1340 1031//1340
f 1060//1341 1061//1341 1031//1341
f 1031//1297 1061//1297 1033//1297
f 1061//1342 1062//1342 1033//1342
f 1033//1343 1062//1343 1034//1343
f 1062//1344 1063//1344 1034//1344
f 1064//1345 739//1345 1065//1345
f 739//1346 652//1346 1065//1346
f 1065//1347 652//1347 1066//1347
f 652//951 654//951 1066//951
f 1066//1348 654//1348 1067//1348
f 654//1348 997//1348 1067//1348
f 1067//1349 997//1349 1068//1349
f 997//1350 999//1350 1068//1350
f 1068//1351 999//1351 1069//1351
f 999//1352 1001//1352 1069//1352
f 1069//1353 1001//1353 1070//1353
f 1001//1354 1003//1354 1070//1354
f 1070//1355 1003//1355 1071//1355
f 1003//1356 1005//1356 1071//1356
f 1071//1357 1005//1357 1072//1357
f 1005//1358 1007//1358 1072//1358
f 1049//1359 708//1359 733//1359
f 708//1360 710//1360 733//1360
f 733//1361 710//1361 731//1361
f 710//1362 969//1362 731//1362
f 731//1363 969//1363 736//1363
f 969//1364 970//1364 736//1364
f 736//1365 970//1365 1048//1365
f 970//1366 971//1366 1048//1366
f 1048//1367 971//1367 1047//1367
f 971//1367 973//1367 1047//1367
f 1047//1368 973//1368 1046//1368
f 973//1368 952//1368 1046//1368
f 1046//1369 952//1369 656//1369
f 952//1370 944//1370 656//1370
f 656//1371 944//1371 657//1371
f 944//1372 943//1372 657//1372
f 657//1373 943//1373 1008//1373
f 943//1374 979//1374 1008//1374
f 1008//1375 979//1375 1013//1375
f 979//1376 725//1376 1013//1376
f 1013//1376 725//1376 1014//1376
f 725//1377 727//1377 1014//1377
f 1014//1378 727//1378 1015//1378
f 708//1379 697//1379 709//1379
f 697//1380 696//1380 709//1380
f 709//1381 696//1381 710//1381
f 696//1381 740//1381 710//1381
f 710//1382 740//1382 701//1382
f 740//1383 1073//1383 701//1383
f 701//969 1073//969 699//969
f 1074//1384 1053//1384 1075//1384
f 1053//1385 706//1385 1075//1385
f 1075//1386 706//1386 1076//1386
f 706//1386 705//1386 1076//1386
f 1076//1387 705//1387 1077//1387
f 1054//1388 1078//1388 1055//1388
f 1078//1389 1079//1389 1055//1389
f 1055//1390 1079//1390 1056//1390
f 1079//1391 1080//1391 1056//1391
f 1056//1392 1080//1392 1057//1392
f 1080//1393 1081//1393 1057//1393
f 1057//1336 1081//1336 1058//1336
f 1081//1394 1082//1394 1058//1394
f 1058//1395 1082//1395 1059//1395
f 1082//1396 1083//1396 1059//1396
f 1059//1339 1083//1339 1060//1339
f 1083//1397 1084//1397 1060//1397
f 1060//1341 1084//1341 1061//1341
f 1084//1398 1085//1398 1061//1398
f 1061//1399 1085//1399 1062//1399
f 1086//1400 1087//1400 1088//1400
f 1087//1401 1089//1401 1088//1401
f 1088//1402 1089//1402 1090//1402
f 1089//1403 1091//1403 1090//1403
f 1090//1404 1091//1404 1092//1404
f 1091//1405 1093//1405 1092//1405
f 1092//1406 1093//1406 1094//1406
f 1093//1407 1095//1407 1094//1407
f 1094//1408 1095//1408 1096//1408
f 1095//1409 1097//1409 1096//1409
f 1096//1410 1097//1410 1098//1410
f 1097//1411 1099//1411 1098//1411
f 1098//1412 1099//1412 1100//1412
f 1099//1413 1101//1413 1100//1413
f 1100//1414 1101//1414 766//1414
f 1101//1415 1102//1415 766//1415
f 766//1416 1102//1416 765//1416
f 695//1417 694//1417 690//1417
f 694//1418 738//1418 690//1418
f 690//1419 738//1419 691//1419
f 738//1420 739//1420 691//1420
f 691//1421 739//1421 746//1421
f 739//1421 1064//1421 746//1421
f 746//1422 1064//1422 1103//1422
f 1064//1423 1104//1423 1103//1423
f 1103//1424 1104//1424 1105//1424
f 747//1425 746//1425 754//1425
f 746//1426 1103//1426 754//1426
f 754//1427 1103//1427 756//1427
f 1103//1424 1105//1424 756//1424
f 756//1002 1105//1002 758//1002
f 1106//1428 1074//1428 782//1428
f 1074//1429 1075//1429 782//1429
f 782//1430 1075//1430 781//1430
f 1075//1430 1076//1430 781//1430
f 781//1431 1076//1431 780//1431
f 1076//1431 1077//1431 780//1431
f 762//1007 1016//1007 764//1007
f 1016//1283 1018//1283 764//1283
f 764//1009 1018//1009 766//1009
f 1018//1432 1020//1432 766//1432
f 766//1414 1020//1414 1100//1414
f 1020//1433 1022//1433 1100//1433
f 1100//1412 1022//1412 1098//1412
f 1022//1434 1024//1434 1098//1434
f 1098//1410 1024//1410 1096//1410
f 1024//1291 1026//1291 1096//1291
f 1096//1435 1026//1435 1094//1435
f 1026//1293 1028//1293 1094//1293
f 1094//1436 1028//1436 1092//1436
f 1028//1437 1030//1437 1092//1437
f 1092//1438 1030//1438 1090//1438
f 1030//1439 1032//1439 1090//1439
f 1090//1440 1032//1440 1088//1440
f 1032//1441 1034//1441 1088//1441
f 1088//1442 1034//1442 1086//1442
f 1034//1443 1063//1443 1086//1443
f 1107//1444 748//1444 779//1444
f 748//995 750//995 779//995
f 779//1445 750//1445 777//1445
f 750//1446 752//1446 777//1446
f 777//1447 752//1447 760//1447
f 752//1448 753//1448 760//1448
f 760//1449 753//1449 741//1449
f 1107//1444 779//1444 1108//1444
f 779//1450 778//1450 1108//1450
f 1108//1450 778//1450 1109//1450
f 778//1451 687//1451 1109//1451
f 1109//1452 687//1452 818//1452
f 687//1453 689//1453 818//1453
f 818//1454 689//1454 817//1454
f 986//1455 1007//1455 988//1455
f 1007//1456 1006//1456 988//1456
f 988//1457 1006//1457 990//1457
f 1006//1458 1004//1458 990//1458
f 990//1459 1004//1459 992//1459
f 1004//1460 1002//1460 992//1460
f 992//1461 1002//1461 994//1461
f 1002//1268 1000//1268 994//1268
f 994//1462 1000//1462 812//1462
f 1000//1462 998//1462 812//1462
f 812//1463 998//1463 810//1463
f 998//1464 996//1464 810//1464
f 810//1465 996//1465 808//1465
f 996//1465 995//1465 808//1465
f 808//1466 995//1466 806//1466
f 995//1466 693//1466 806//1466
f 806//1047 693//1047 804//1047
f 693//967 695//967 804//967
f 804//1045 695//1045 802//1045
f 695//1013 768//1013 802//1013
f 802//1043 768//1043 800//1043
f 768//1467 769//1467 800//1467
f 800//1041 769//1041 798//1041
f 769//1015 770//1015 798//1015
f 798//1468 770//1468 790//1468
f 770//1469 772//1469 790//1469
f 790//1470 772//1470 791//1470
f 772//1471 774//1471 791//1471
f 791//1471 774//1471 793//1471
f 774//1472 776//1472 793//1472
f 793//1472 776//1472 795//1472
f 1072//1473 948//1473 1071//1473
f 948//1474 978//1474 1071//1474
f 1071//1475 978//1475 1070//1475
f 978//1476 977//1476 1070//1476
f 1070//1477 977//1477 1069//1477
f 977//1229 976//1229 1069//1229
f 1069//1351 976//1351 1068//1351
f 976//1228 975//1228 1068//1228
f 1068//1478 975//1478 1067//1478
f 975//1478 974//1478 1067//1478
f 1067//1479 974//1479 1066//1479
f 974//1479 972//1479 1066//1479
f 1066//1480 972//1480 1065//1480
f 972//1224 737//1224 1065//1224
f 1065//1481 737//1481 1064//1481
f 737//1482 699//1482 1064//1482
f 1064//1483 699//1483 1104//1483
f 699//1484 1073//1484 1104//1484
f 1104//1484 1073//1484 1105//1484
f 1073//1485 740//1485 1105//1485
f 1105//1486 740//1486 758//1486
f 740//992 741//992 758//992
f 758//1487 741//1487 757//1487
f 741//1488 753//1488 757//1488
f 757//1001 753//1001 755//1001
f 753//998 751//998 755//998
f 755//1489 751//1489 747//1489
f 751//996 749//996 747//996
f 747//1490 749//1490 745//1490
f 749//1491 748//1491 745//1491
f 745//1492 748//1492 767//1492
f 748//1493 1107//1493 767//1493
f 767//1494 1107//1494 771//1494
f 1107//1495 1108//1495 771//1495
f 771//1495 1108//1495 773//1495
f 1108//1496 1109//1496 773//1496
f 773//1496 1109//1496 775//1496
f 1109//1497 818//1497 775//1497
f 775//1498 818//1498 776//1498
f 818//1499 816//1499 776//1499
f 776//1500 816//1500 795//1500
f 816//1501 814//1501 795//1501
f 795//1502 814//1502 796//1502
f 814//1503 819//1503 796//1503
f 796//1034 819//1034 789//1034
f 819//1504 821//1504 789//1504
f 789//1030 821//1030 788//1030
f 674//1505 673//1505 677//1505
f 673//1095 649//1095 677//1095
f 677//1063 649//1063 822//1063
f 649//1506 651//1506 822//1506
f 822//1507 651//1507 782//1507
f 651//1508 1110//1508 782//1508
f 782//1509 1110//1509 1106//1509
f 684//964 686//964 785//964
f 686//1510 1111//1510 785//1510
f 785//1511 1111//1511 783//1511
f 1112//1512 1113//1512 1114//1512
f 1113//1513 1115//1513 1114//1513
f 1114//1513 1115//1513 1116//1513
f 1115//1514 1117//1514 1116//1514
f 1116//1514 1117//1514 1118//1514
f 1117//1515 1119//1515 1118//1515
f 958//1516 985//1516 960//1516
f 985//1517 1045//1517 960//1517
f 960//1518 1045//1518 962//1518
f 1045//1519 1044//1519 962//1519
f 962//1520 1044//1520 964//1520
f 1044//1521 1043//1521 964//1521
f 964//1216 1043//1216 966//1216
f 1043//1522 1042//1522 966//1522
f 966//1218 1042//1218 968//1218
f 1042//1312 811//1312 968//1312
f 968//1523 811//1523 702//1523
f 811//1523 809//1523 702//1523
f 702//1524 809//1524 703//1524
f 809//1524 807//1524 703//1524
f 703//1525 807//1525 1120//1525
f 807//1048 805//1048 1120//1048
f 1120//1526 805//1526 1121//1526
f 805//1046 803//1046 1121//1046
f 1121//1527 803//1527 1122//1527
f 803//1044 801//1044 1122//1044
f 1122//1528 801//1528 1123//1528
f 801//1529 799//1529 1123//1529
f 1123//1530 799//1530 1124//1530
f 799//1040 797//1040 1124//1040
f 1124//1531 797//1531 1125//1531
f 797//1038 786//1038 1125//1038
f 1125//1532 786//1532 1112//1532
f 786//1533 788//1533 1112//1533
f 1112//1534 788//1534 1113//1534
f 788//1535 821//1535 1113//1535
f 1113//1535 821//1535 1115//1535
f 821//1536 820//1536 1115//1536
f 1115//1537 820//1537 1117//1537
f 820//1538 679//1538 1117//1538
f 1117//1539 679//1539 1119//1539
f 679//1540 681//1540 1119//1540
f 1119//1541 681//1541 1126//1541
f 1127//1542 1128//1542 1129//1542
f 1128//1543 1130//1543 1129//1543
f 1129//1544 1130//1544 1131//1544
f 1130//1545 1132//1545 1131//1545
f 742//1546 744//1546 838//1546
f 744//1547 1133//1547 838//1547
f 838//1548 1133//1548 840//1548
f 1133//1549 1134//1549 840//1549
f 840//1078 1134//1078 842//1078
f 1134//1550 1135//1550 842//1550
f 842//1080 1135//1080 844//1080
f 1135//1551 1136//1551 844//1551
f 844//1552 1136//1552 846//1552
f 1136//1553 1137//1553 846//1553
f 846//1084 1137//1084 848//1084
f 1137//1554 1138//1554 848//1554
f 848//1086 1138//1086 850//1086
f 1138//1555 830//1555 850//1555
f 850//1088 830//1088 852//1088
f 830//1556 832//1556 852//1556
f 852//1557 832//1557 858//1557
f 832//1558 834//1558 858//1558
f 858//1558 834//1558 859//1558
f 669//958 668//958 671//958
f 668//1559 1139//1559 671//1559
f 671//1094 1139//1094 860//1094
f 1139//1560 1140//1560 860//1560
f 860//1561 1140//1561 649//1561
f 1140//1562 1141//1562 649//1562
f 649//1563 1141//1563 650//1563
f 1131//1544 1142//1544 1129//1544
f 1142//1564 1143//1564 1129//1564
f 1129//1542 1143//1542 1127//1542
f 1143//1565 1144//1565 1127//1565
f 1145//1566 1146//1566 1147//1566
f 1146//1567 1148//1567 1147//1567
f 1147//1567 1148//1567 868//1567
f 1148//1568 1149//1568 868//1568
f 868//1568 1149//1568 867//1568
f 1149//1569 942//1569 867//1569
f 867//1100 942//1100 866//1100
f 942//1184 886//1184 866//1184
f 866//1570 886//1570 865//1570
f 886//1570 885//1570 865//1570
f 676//1571 675//1571 1150//1571
f 675//1571 862//1571 1150//1571
f 1150//1572 862//1572 1151//1572
f 862//1572 864//1572 1151//1572
f 1151//1573 864//1573 1152//1573
f 833//1574 1145//1574 834//1574
f 1145//1574 1147//1574 834//1574
f 834//1575 1147//1575 859//1575
f 1147//1576 868//1576 859//1576
f 859//1577 868//1577 872//1577
f 868//1578 854//1578 872//1578
f 872//1105 854//1105 873//1105
f 854//1579 856//1579 873//1579
f 873//1580 856//1580 874//1580
f 856//1581 865//1581 874//1581
f 874//1581 865//1581 876//1581
f 865//1582 885//1582 876//1582
f 876//1583 885//1583 878//1583
f 885//1584 883//1584 878//1584
f 878//1585 883//1585 879//1585
f 883//1586 881//1586 879//1586
f 1077//1587 1153//1587 780//1587
f 1153//1588 1154//1588 780//1588
f 780//1589 1154//1589 683//1589
f 1154//1590 1155//1590 683//1590
f 683//1591 1155//1591 678//1591
f 1155//1592 1156//1592 678//1592
f 678//1593 1156//1593 674//1593
f 1156//1593 1157//1593 674//1593
f 674//1594 1157//1594 672//1594
f 1157//1594 1158//1594 672//1594
f 672//1595 1158//1595 669//1595
f 1158//1595 1159//1595 669//1595
f 669//1596 1159//1596 670//1596
f 1159//1597 1160//1597 670//1597
f 1161//1598 1162//1598 1163//1598
f 1162//1599 1164//1599 1163//1599
f 1163//1600 1164//1600 1165//1600
f 1164//1601 1166//1601 1165//1601
f 1165//1602 1166//1602 1167//1602
f 1166//1603 1168//1603 1167//1603
f 1167//1604 1168//1604 835//1604
f 1168//1605 1169//1605 835//1605
f 835//1606 1169//1606 836//1606
f 1169//1607 1111//1607 836//1607
f 836//1608 1111//1608 837//1608
f 1111//1609 686//1609 837//1609
f 837//1074 686//1074 828//1074
f 686//1610 685//1610 828//1610
f 828//1610 685//1610 829//1610
f 1170//1611 1171//1611 1172//1611
f 1171//1612 1173//1612 1172//1612
f 1172//1613 1173//1613 1174//1613
f 1173//1614 1175//1614 1174//1614
f 1174//1615 1175//1615 1176//1615
f 1175//1616 1144//1616 1176//1616
f 1176//1617 1144//1617 1177//1617
f 1144//1565 1143//1565 1177//1565
f 1177//1618 1143//1618 1178//1618
f 1143//1564 1142//1564 1178//1564
f 1179//1619 1180//1619 1181//1619
f 1180//1620 1182//1620 1181//1620
f 1181//1621 1182//1621 1183//1621
f 1182//1622 1184//1622 1183//1622
f 1183//1623 1184//1623 1185//1623
f 1184//1624 648//1624 1185//1624
f 1185//1625 648//1625 1186//1625
f 648//1625 647//1625 1186//1625
f 1186//1626 647//1626 1187//1626
f 647//1626 676//1626 1187//1626
f 1187//1627 676//1627 1188//1627
f 676//1628 1150//1628 1188//1628
f 1188//1629 1150//1629 1189//1629
f 1150//1630 1151//1630 1189//1630
f 1189//1631 1151//1631 1190//1631
f 1151//1632 1152//1632 1190//1632
f 1190//1633 1152//1633 1191//1633
f 1153//1634 907//1634 1154//1634
f 907//1635 909//1635 1154//1635
f 1154//1636 909//1636 1155//1636
f 909//1637 911//1637 1155//1637
f 1155//1637 911//1637 1156//1637
f 911//1638 913//1638 1156//1638
f 1156//1638 913//1638 1157//1638
f 913//1639 915//1639 1157//1639
f 1157//1639 915//1639 1158//1639
f 915//1640 917//1640 1158//1640
f 1158//1641 917//1641 1159//1641
f 917//1642 919//1642 1159//1642
f 1159//1643 919//1643 1160//1643
f 919//1644 921//1644 1160//1644
f 1171//1645 1161//1645 1173//1645
f 1161//1646 1163//1646 1173//1646
f 1173//1647 1163//1647 1175//1647
f 1163//1648 1165//1648 1175//1648
f 1175//1649 1165//1649 1144//1649
f 1165//1650 1167//1650 1144//1650
f 1144//1565 1167//1565 1127//1565
f 1167//1651 835//1651 1127//1651
f 1127//1652 835//1652 1128//1652
f 835//1653 823//1653 1128//1653
f 1128//1543 823//1543 1130//1543
f 823//1654 825//1654 1130//1654
f 1130//1655 825//1655 1132//1655
f 825//1656 827//1656 1132//1656
f 829//1067 1179//1067 827//1067
f 1179//1657 1181//1657 827//1657
f 827//1656 1181//1656 1132//1656
f 1181//1621 1183//1621 1132//1621
f 1132//1545 1183//1545 1131//1545
f 1183//1623 1185//1623 1131//1623
f 1131//1658 1185//1658 1142//1658
f 1185//1658 1186//1658 1142//1658
f 1142//1659 1186//1659 1178//1659
f 1186//1659 1187//1659 1178//1659
f 1178//1660 1187//1660 1177//1660
f 1187//1660 1188//1660 1177//1660
f 1177//1661 1188//1661 1176//1661
f 1188//1661 1189//1661 1176//1661
f 1176//1615 1189//1615 1174//1615
f 1189//1631 1190//1631 1174//1631
f 1174//1662 1190//1662 1172//1662
f 1190//1663 1191//1663 1172//1663
f 1172//1664 1191//1664 1170//1664
f 627//930 626//930 1192//930
f 626//1665 625//1665 1192//1665
f 1192//1666 625//1666 895//1666
f 625//1667 624//1667 895//1667
f 895//1668 624//1668 894//1668
f 624//1669 623//1669 894//1669
f 894//1670 623//1670 893//1670
f 623//1671 645//1671 893//1671
f 893//1672 645//1672 666//1672
f 645//1673 1193//1673 666//1673
f 666//1674 1193//1674 667//1674
f 1193//1675 1194//1675 667//1675
f 897//1676 871//1676 899//1676
f 871//1677 870//1677 899//1677
f 899//1677 870//1677 901//1677
f 870//1678 887//1678 901//1678
f 901//1679 887//1679 903//1679
f 887//1680 922//1680 903//1680
f 903//1681 922//1681 905//1681
f 922//1682 629//1682 905//1682
f 905//1683 629//1683 906//1683
f 629//1684 628//1684 906//1684
f 906//1685 628//1685 920//1685
f 628//1686 627//1686 920//1686
f 920//1687 627//1687 921//1687
f 627//1688 1192//1688 921//1688
f 921//1689 1192//1689 1160//1689
f 1192//1690 895//1690 1160//1690
f 1160//1691 895//1691 670//1691
f 895//1692 665//1692 670//1692
f 670//1693 665//1693 668//1693
f 665//956 667//956 668//956
f 668//1559 667//1559 1139//1559
f 667//1694 1194//1694 1139//1694
f 1139//1695 1194//1695 1140//1695
f 633//1696 632//1696 1195//1696
f 632//1697 644//1697 1195//1697
f 1195//1698 644//1698 1196//1698
f 644//1699 889//1699 1196//1699
f 1196//1700 889//1700 1197//1700
f 889//1701 869//1701 1197//1701
f 1197//1702 869//1702 1198//1702
f 869//1703 871//1703 1198//1703
f 1198//1704 871//1704 1199//1704
f 871//1676 897//1676 1199//1676
f 1199//1705 897//1705 1200//1705
f 897//1122 896//1122 1200//1122
f 1200//1706 896//1706 1078//1706
f 896//1142 908//1142 1078//1142
f 1078//1707 908//1707 1079//1707
f 908//1130 907//1130 1079//1130
f 1079//1708 907//1708 1080//1708
f 907//1709 1153//1709 1080//1709
f 1080//1393 1153//1393 1081//1393
f 1153//1710 1077//1710 1081//1710
f 1081//1711 1077//1711 1082//1711
f 1077//1387 705//1387 1082//1387
f 1082//1396 705//1396 1083//1396
f 705//971 707//971 1083//971
f 1083//1397 707//1397 1084//1397
f 707//1712 1050//1712 1084//1712
f 1084//1713 1050//1713 1085//1713
f 863//1098 930//1098 864//1098
f 930//1714 931//1714 864//1714
f 864//1715 931//1715 1152//1715
f 931//1716 932//1716 1152//1716
f 1152//1717 932//1717 1191//1717
f 932//1718 933//1718 1191//1718
f 1191//1719 933//1719 1170//1719
f 933//1720 635//1720 1170//1720
f 1170//1721 635//1721 1171//1721
f 635//1722 634//1722 1171//1722
f 1171//1723 634//1723 1161//1723
f 634//1724 633//1724 1161//1724
f 1161//1725 633//1725 1162//1725
f 633//1726 1195//1726 1162//1726
f 1162//1727 1195//1727 1164//1727
f 1195//1728 1196//1728 1164//1728
f 1164//1729 1196//1729 1166//1729
f 1196//1730 1197//1730 1166//1730
f 1166//1731 1197//1731 1168//1731
f 1197//1732 1198//1732 1168//1732
f 1168//1605 1198//1605 1169//1605
f 1198//1704 1199//1704 1169//1704
f 1169//1733 1199//1733 1111//1733
f 1199//1734 1200//1734 1111//1734
f 1111//1735 1200//1735 783//1735
f 1200//1736 1078//1736 783//1736
f 783//1737 1078//1737 784//1737
f 1078//1738 1054//1738 784//1738
f 784//1739 1054//1739 684//1739
f 1054//1739 1017//1739 684//1739
f 684//1740 1017//1740 685//1740
f 1017//1740 1016//1740 685//1740
f 685//1741 1016//1741 829//1741
f 1016//1741 762//1741 829//1741
f 829//1742 762//1742 1179//1742
f 762//1742 761//1742 1179//1742
f 1179//1743 761//1743 1180//1743
f 639//1744 638//1744 664//1744
f 638//1745 929//1745 664//1745
f 664//1746 929//1746 935//1746
f 929//1746 928//1746 935//1746
f 935//1747 928//1747 937//1747
f 928//1748 926//1748 937//1748
f 937//1749 926//1749 880//1749
f 926//1749 892//1749 880//1749
f 880//1750 892//1750 881//1750
f 892//1751 891//1751 881//1751
f 881//1586 891//1586 879//1586
f 891//1752 890//1752 879//1752
f 879//1753 890//1753 877//1753
f 890//1754 930//1754 877//1754
f 877//1755 930//1755 875//1755
f 930//1755 863//1755 875//1755
f 875//1756 863//1756 853//1756
f 863//1757 861//1757 853//1757
f 853//1089 861//1089 851//1089
f 861//1096 646//1096 851//1096
f 851//1758 646//1758 849//1758
f 646//949 648//949 849//949
f 849//1759 648//1759 847//1759
f 648//1624 1184//1624 847//1624
f 847//1083 1184//1083 845//1083
f 1184//1760 1182//1760 845//1760
f 845//1761 1182//1761 843//1761
f 1182//1620 1180//1620 843//1620
f 843//1079 1180//1079 841//1079
f 1180//1762 761//1762 841//1762
f 841//1763 761//1763 839//1763
f 761//1764 763//1764 839//1764
f 839//1765 763//1765 742//1765
f 763//1008 765//1008 742//1008
f 742//1766 765//1766 743//1766
f 765//1767 1102//1767 743//1767
f 621//1768 642//1768 1201//1768
f 642//1769 643//1769 1201//1769
f 1201//1770 643//1770 1202//1770
f 643//1770 934//1770 1202//1770
f 1202//1771 934//1771 1203//1771
f 934//1772 936//1772 1203//1772
f 1203//1773 936//1773 1204//1773
f 936//1774 938//1774 1204//1774
f 1204//1775 938//1775 1205//1775
f 938//1776 939//1776 1205//1776
f 1205//1777 939//1777 1206//1777
f 939//1778 940//1778 1206//1778
f 1206//1779 940//1779 1207//1779
f 940//1780 941//1780 1207//1780
f 1207//1781 941//1781 1208//1781
f 941//1782 942//1782 1208//1782
f 1208//1783 942//1783 1209//1783
f 942//1784 1149//1784 1209//1784
f 1209//1785 1149//1785 1210//1785
f 1149//1786 1148//1786 1210//1786
f 1210//1787 1148//1787 1126//1787
f 1148//1788 1146//1788 1126//1788
f 1126//1789 1146//1789 1119//1789
f 1146//1790 1145//1790 1119//1790
f 1119//1791 1145//1791 1118//1791
f 1145//1792 833//1792 1118//1792
f 1118//1792 833//1792 1116//1792
f 833//1793 831//1793 1116//1793
f 1116//1793 831//1793 1114//1793
f 831//1794 830//1794 1114//1794
f 1114//1795 830//1795 1112//1795
f 830//1555 1138//1555 1112//1555
f 1112//1796 1138//1796 1125//1796
f 1138//1554 1137//1554 1125//1554
f 1125//1797 1137//1797 1124//1797
f 1137//1553 1136//1553 1124//1553
f 1124//1530 1136//1530 1123//1530
f 1136//1551 1135//1551 1123//1551
f 1123//1528 1135//1528 1122//1528
f 1135//1798 1134//1798 1122//1798
f 1122//1799 1134//1799 1121//1799
f 1134//1800 1133//1800 1121//1800
f 1121//1526 1133//1526 1120//1526
f 1133//1801 744//1801 1120//1801
f 1120//1802 744//1802 703//1802
f 744//1803 743//1803 703//1803
f 703//1803 743//1803 704//1803
f 743//1804 1102//1804 704//1804
f 704//1805 1102//1805 1035//1805
f 1102//1806 1101//1806 1035//1806
f 1035//1807 1101//1807 1036//1807
f 1101//1808 1099//1808 1036//1808
f 1036//1302 1099//1302 1037//1302
f 1099//1411 1097//1411 1037//1411
f 1037//1809 1097//1809 1038//1809
f 1097//1810 1095//1810 1038//1810
f 1038//1811 1095//1811 1039//1811
f 1095//1812 1093//1812 1039//1812
f 1039//1813 1093//1813 1040//1813
f 1093//1814 1091//1814 1040//1814
f 1040//1815 1091//1815 1041//1815
f 1091//1816 1089//1816 1041//1816
f 1041//1817 1089//1817 1211//1817
f 1089//1818 1087//1818 1211//1818
f 1212//1819 1213//1819 1214//1819
f 1215//1820 1216//1820 1217//1820
f 1218//1821 1219//1821 1220//1821
f 1221//1822 1222//1822 1223//1822
f 1224//1823 1225//1823 1226//1823
f 1227//1824 1228//1824 1229//1824
f 1230//1825 1231//1825 1232//1825
f 1233//1826 1234//1826 1235//1826
f 1234//1827 1236//1827 1235//1827
f 1237//1828 1238//1828 1239//1828
f 1240//1829 1241//1829 1242//1829
f 1243//1830 1244//1830 1245//1830
f 1246//1831 1247//1831 1248//1831
f 1249//1832 1250//1832 1251//1832
f 1252//1833 1253//1833 1254//1833
f 1255//1834 1256//1834 1257//1834
f 1258//1835 1257//1835 1259//1835
f 1260//1836 1261//1836 1262//1836
f 1263//1837 1264//1837 1265//1837
f 1266//1838 1263//1838 1267//1838
f 1268//1839 1269//1839 1235//1839
f 1263//1840 1265//1840 1267//1840
f 1265//1841 1270//1841 1267//1841
f 1267//1842 1270//1842 1271//1842
f 1272//1843 1273//1843 1274//1843
f 1273//1844 1275//1844 1274//1844
f 1269//1845 1268//1845 1276//1845
f 1268//1846 1277//1846 1276//1846
f 1276//1847 1277//1847 1278//1847
f 1277//1848 1279//1848 1278//1848
f 1278//1849 1279//1849 1280//1849
f 1279//1850 1281//1850 1280//1850
f 1280//1851 1281//1851 1282//1851
f 1281//1852 1283//1852 1282//1852
f 1282//1853 1283//1853 1250//1853
f 1284//1854 1285//1854 1286//1854
f 1250//1853 1249//1853 1282//1853
f 1249//1855 1287//1855 1282//1855
f 1282//1856 1287//1856 1280//1856
f 1287//1856 1288//1856 1280//1856
f 1280//1857 1288//1857 1278//1857
f 1288//1857 1289//1857 1278//1857
f 1278//1847 1289//1847 1276//1847
f 1289//1858 1290//1858 1276//1858
f 1276//1859 1290//1859 1269//1859
f 1291//1860 1292//1860 1293//1860
f 1292//1860 1294//1860 1293//1860
f 1293//1861 1294//1861 1295//1861
f 1296//1862 1291//1862 1297//1862
f 1291//1863 1293//1863 1297//1863
f 1297//1864 1293//1864 1298//1864
f 1293//1861 1295//1861 1298//1861
f 1298//1865 1295//1865 1299//1865
f 1300//1866 1301//1866 1302//1866
f 1303//1867 1304//1867 1305//1867
f 1304//1868 1306//1868 1305//1868
f 1305//1869 1306//1869 1307//1869
f 1248//1870 1308//1870 1309//1870
f 1308//1871 1310//1871 1309//1871
f 1309//1872 1310//1872 1311//1872
f 1310//1873 1312//1873 1311//1873
f 1311//1874 1312//1874 1313//1874
f 1312//1875 1314//1875 1313//1875
f 1313//1876 1314//1876 1315//1876
f 1314//1877 1316//1877 1315//1877
f 1315//1878 1316//1878 1317//1878
f 1316//1879 1318//1879 1317//1879
f 1317//1880 1318//1880 1319//1880
f 1318//1881 1320//1881 1319//1881
f 1319//1882 1320//1882 1321//1882
f 1320//1883 1322//1883 1321//1883
f 1321//1884 1322//1884 1323//1884
f 1322//1885 1324//1885 1323//1885
f 1323//1886 1324//1886 1325//1886
f 1324//1887 1326//1887 1325//1887
f 1325//1888 1326//1888 1327//1888
f 1326//1889 1328//1889 1327//1889
f 1329//1890 1330//1890 1331//1890
f 1330//1891 1332//1891 1331//1891
f 1331//1892 1332//1892 1333//1892
f 1334//1893 1335//1893 1336//1893
f 1335//1894 1337//1894 1336//1894
f 1336//1895 1337//1895 1338//1895
f 1337//1896 1339//1896 1338//1896
f 1338//1897 1339//1897 1241//1897
f 1339//1898 1340//1898 1241//1898
f 1241//1898 1340//1898 1242//1898
f 1340//1899 1341//1899 1242//1899
f 1342//1900 1343//1900 1344//1900
f 1343//1901 1345//1901 1344//1901
f 1344//1901 1345//1901 1346//1901
f 1345//1902 1347//1902 1346//1902
f 1346//1903 1347//1903 1348//1903
f 1347//1904 1349//1904 1348//1904
f 1348//1904 1349//1904 1350//1904
f 1349//1905 1351//1905 1350//1905
f 1350//1905 1351//1905 1352//1905
f 1351//1906 1353//1906 1352//1906
f 1352//1907 1353//1907 1354//1907
f 1355//1908 1356//1908 1357//1908
f 1356//1908 1358//1908 1357//1908
f 1357//1909 1358//1909 1359//1909
f 1358//1910 1360//1910 1359//1910
f 1359//1911 1360//1911 1361//1911
f 1362//1912 1363//1912 1364//1912
f 1363//1913 1365//1913 1364//1913
f 1364//1914 1365//1914 1366//1914
f 1367//1915 1368//1915 1362//1915
f 1369//1916 1363//1916 1370//1916
f 1363//1917 1362//1917 1370//1917
f 1370//1917 1362//1917 1371//1917
f 1362//1918 1368//1918 1371//1918
f 1371//1919 1368//1919 1372//1919
f 1373//1920 1264//1920 1374//1920
f 1264//1921 1263//1921 1374//1921
f 1374//1922 1263//1922 1375//1922
f 1263//1923 1266//1923 1375//1923
f 1375//1924 1266//1924 1376//1924
f 1377//1925 1378//1925 1379//1925
f 1380//1926 1381//1926 1382//1926
f 1381//1927 1383//1927 1382//1927
f 1382//1928 1383//1928 1384//1928
f 1385//1929 1284//1929 1386//1929
f 1284//1930 1286//1930 1386//1930
f 1386//1931 1286//1931 1387//1931
f 1286//1932 1388//1932 1387//1932
f 1387//1933 1388//1933 1389//1933
f 1388//1934 1390//1934 1389//1934
f 1389//1935 1390//1935 1391//1935
f 1390//1936 1392//1936 1391//1936
f 1393//1937 1377//1937 1394//1937
f 1377//1938 1379//1938 1394//1938
f 1394//1939 1379//1939 1395//1939
f 1379//1940 1396//1940 1395//1940
f 1395//1941 1396//1941 1261//1941
f 1397//1942 1228//1942 1398//1942
f 1228//1943 1227//1943 1398//1943
f 1398//1944 1227//1944 1399//1944
f 1233//1945 1235//1945 1400//1945
f 1235//1946 1269//1946 1400//1946
f 1400//1947 1269//1947 1401//1947
f 1269//1948 1290//1948 1401//1948
f 1401//1949 1290//1949 1402//1949
f 1403//1950 1392//1950 1404//1950
f 1392//1951 1390//1951 1404//1951
f 1404//1952 1390//1952 1405//1952
f 1390//1953 1388//1953 1405//1953
f 1405//1954 1388//1954 1406//1954
f 1388//1955 1286//1955 1406//1955
f 1406//1956 1286//1956 1407//1956
f 1286//1957 1285//1957 1407//1957
f 1407//1958 1285//1958 1408//1958
f 1261//1959 1260//1959 1395//1959
f 1260//1960 1409//1960 1395//1960
f 1395//1961 1409//1961 1394//1961
f 1409//1962 1410//1962 1394//1962
f 1394//1963 1410//1963 1393//1963
f 1256//1964 1255//1964 1411//1964
f 1255//1965 1412//1965 1411//1965
f 1411//1966 1412//1966 1413//1966
f 1412//1967 1414//1967 1413//1967
f 1413//1967 1414//1967 1399//1967
f 1414//1968 1415//1968 1399//1968
f 1399//1968 1415//1968 1398//1968
f 1415//1969 1416//1969 1398//1969
f 1398//1970 1416//1970 1397//1970
f 1417//1971 1418//1971 1419//1971
f 1418//1972 1420//1972 1419//1972
f 1419//1973 1420//1973 1421//1973
f 1420//1974 1422//1974 1421//1974
f 1421//1975 1422//1975 1423//1975
f 1422//1976 1424//1976 1423//1976
f 1423//1977 1424//1977 1425//1977
f 1424//1978 1426//1978 1425//1978
f 1425//1979 1426//1979 1427//1979
f 1426//1980 1428//1980 1427//1980
f 1427//1981 1428//1981 1251//1981
f 1428//1982 1429//1982 1251//1982
f 1251//1832 1429//1832 1249//1832
f 1429//1983 1430//1983 1249//1983
f 1249//1984 1430//1984 1287//1984
f 1430//1985 1431//1985 1287//1985
f 1287//1986 1431//1986 1288//1986
f 1431//1986 1432//1986 1288//1986
f 1288//1987 1432//1987 1289//1987
f 1432//1987 1433//1987 1289//1987
f 1289//1988 1433//1988 1290//1988
f 1433//1989 1434//1989 1290//1989
f 1290//1990 1434//1990 1402//1990
f 1434//1991 1435//1991 1402//1991
f 1402//1992 1435//1992 1401//1992
f 1435//1993 1271//1993 1401//1993
f 1401//1994 1271//1994 1400//1994
f 1271//1994 1270//1994 1400//1994
f 1400//1995 1270//1995 1233//1995
f 1270//1996 1265//1996 1233//1996
f 1233//1997 1265//1997 1234//1997
f 1265//1997 1264//1997 1234//1997
f 1234//1998 1264//1998 1236//1998
f 1264//1999 1373//1999 1236//1999
f 1436//2000 1393//2000 1437//2000
f 1393//2001 1410//2001 1437//2001
f 1437//2002 1410//2002 1438//2002
f 1410//2003 1409//2003 1438//2003
f 1438//2004 1409//2004 1439//2004
f 1409//2005 1260//2005 1439//2005
f 1439//2006 1260//2006 1440//2006
f 1260//1836 1262//1836 1440//1836
f 1440//2007 1262//2007 1441//2007
f 1257//1834 1258//1834 1255//1834
f 1258//2008 1442//2008 1255//2008
f 1255//2009 1442//2009 1412//2009
f 1442//2010 1443//2010 1412//2010
f 1412//2011 1443//2011 1414//2011
f 1443//2012 1444//2012 1414//2012
f 1414//2012 1444//2012 1415//2012
f 1444//2013 1445//2013 1415//2013
f 1415//2014 1445//2014 1416//2014
f 1232//2015 1436//2015 1230//2015
f 1436//2016 1437//2016 1230//2016
f 1230//2017 1437//2017 1446//2017
f 1437//2018 1438//2018 1446//2018
f 1446//2019 1438//2019 1447//2019
f 1438//2020 1439//2020 1447//2020
f 1447//2021 1439//2021 1448//2021
f 1439//2006 1440//2006 1448//2006
f 1448//2022 1440//2022 1449//2022
f 1440//2007 1441//2007 1449//2007
f 1449//2023 1441//2023 1450//2023
f 1451//2024 1452//2024 1453//2024
f 1452//2025 1454//2025 1453//2025
f 1453//2026 1454//2026 1455//2026
f 1454//2027 1456//2027 1455//2027
f 1455//2028 1456//2028 1457//2028
f 1456//2029 1458//2029 1457//2029
f 1457//2030 1458//2030 1459//2030
f 1458//2031 1460//2031 1459//2031
f 1459//2032 1460//2032 1461//2032
f 1460//2033 1462//2033 1461//2033
f 1461//2034 1462//2034 1463//2034
f 1462//2035 1464//2035 1463//2035
f 1463//2036 1464//2036 1465//2036
f 1464//2037 1466//2037 1465//2037
f 1465//2038 1466//2038 1467//2038
f 1466//2039 1468//2039 1467//2039
f 1467//2040 1468//2040 1469//2040
f 1468//2041 1470//2041 1469//2041
f 1469//2042 1470//2042 1275//2042
f 1470//2043 1471//2043 1275//2043
f 1275//2044 1471//2044 1274//2044
f 1378//2045 1380//2045 1379//2045
f 1380//2046 1382//2046 1379//2046
f 1379//1940 1382//1940 1396//1940
f 1382//2047 1384//2047 1396//2047
f 1396//2048 1384//2048 1261//2048
f 1384//2049 1472//2049 1261//2049
f 1261//2050 1472//2050 1262//2050
f 1472//2051 1473//2051 1262//2051
f 1262//2052 1473//2052 1441//2052
f 1473//2053 1474//2053 1441//2053
f 1441//2054 1474//2054 1450//2054
f 1474//2055 1475//2055 1450//2055
f 1450//2056 1475//2056 1476//2056
f 1477//2057 1478//2057 1479//2057
f 1478//2058 1480//2058 1479//2058
f 1391//2059 1481//2059 1389//2059
f 1481//2060 1482//2060 1389//2060
f 1389//2061 1482//2061 1387//2061
f 1482//2062 1483//2062 1387//2062
f 1387//1931 1483//1931 1386//1931
f 1483//2063 1484//2063 1386//2063
f 1386//1929 1484//1929 1385//1929
f 1484//2064 1485//2064 1385//2064
f 1385//2065 1485//2065 1486//2065
f 1485//2066 1479//2066 1486//2066
f 1486//2067 1479//2067 1487//2067
f 1479//2068 1480//2068 1487//2068
f 1231//2069 1230//2069 1488//2069
f 1230//2070 1446//2070 1488//2070
f 1488//2071 1446//2071 1489//2071
f 1446//2072 1447//2072 1489//2072
f 1489//2073 1447//2073 1490//2073
f 1447//2074 1448//2074 1490//2074
f 1490//2075 1448//2075 1491//2075
f 1448//2022 1449//2022 1491//2022
f 1491//2076 1449//2076 1492//2076
f 1449//2023 1450//2023 1492//2023
f 1492//2077 1450//2077 1493//2077
f 1450//2078 1476//2078 1493//2078
f 1493//2079 1476//2079 1494//2079
f 1495//2080 1496//2080 1497//2080
f 1496//2081 1498//2081 1497//2081
f 1497//2082 1498//2082 1499//2082
f 1498//2083 1500//2083 1499//2083
f 1499//2084 1500//2084 1501//2084
f 1500//2085 1502//2085 1501//2085
f 1501//2086 1502//2086 1503//2086
f 1502//2087 1504//2087 1503//2087
f 1503//2088 1504//2088 1505//2088
f 1504//2089 1506//2089 1505//2089
f 1505//2090 1506//2090 1507//2090
f 1506//2091 1508//2091 1507//2091
f 1507//2092 1508//2092 1509//2092
f 1508//2093 1224//2093 1509//2093
f 1509//2094 1224//2094 1510//2094
f 1224//2095 1226//2095 1510//2095
f 1510//2096 1226//2096 1511//2096
f 1418//1972 1512//1972 1420//1972
f 1512//2097 1513//2097 1420//2097
f 1420//2098 1513//2098 1422//2098
f 1513//2099 1514//2099 1422//2099
f 1422//1976 1514//1976 1424//1976
f 1514//2100 1515//2100 1424//2100
f 1424//1978 1515//1978 1426//1978
f 1515//2101 1516//2101 1426//2101
f 1426//1980 1516//1980 1428//1980
f 1516//2102 1517//2102 1428//2102
f 1428//2103 1517//2103 1429//2103
f 1517//2104 1518//2104 1429//2104
f 1429//2105 1518//2105 1430//2105
f 1518//2106 1519//2106 1430//2106
f 1430//1985 1519//1985 1431//1985
f 1519//2107 1259//2107 1431//2107
f 1431//2108 1259//2108 1432//2108
f 1259//2108 1257//2108 1432//2108
f 1432//2109 1257//2109 1433//2109
f 1257//2109 1256//2109 1433//2109
f 1433//2110 1256//2110 1434//2110
f 1256//1964 1411//1964 1434//1964
f 1434//1991 1411//1991 1435//1991
f 1411//2111 1413//2111 1435//2111
f 1435//2112 1413//2112 1271//2112
f 1413//2113 1399//2113 1271//2113
f 1271//2114 1399//2114 1267//2114
f 1399//1944 1227//1944 1267//1944
f 1267//1838 1227//1838 1266//1838
f 1227//2115 1229//2115 1266//2115
f 1266//2116 1229//2116 1376//2116
f 1477//2117 1520//2117 1478//2117
f 1520//2118 1521//2118 1478//2118
f 1478//2118 1521//2118 1480//2118
f 1521//2119 1522//2119 1480//2119
f 1480//2120 1522//2120 1487//2120
f 1522//2120 1523//2120 1487//2120
f 1487//2121 1523//2121 1486//2121
f 1523//2121 1524//2121 1486//2121
f 1486//2065 1524//2065 1385//2065
f 1222//2122 1244//2122 1223//2122
f 1244//2123 1525//2123 1223//2123
f 1223//2124 1525//2124 1526//2124
f 1525//2125 1527//2125 1526//2125
f 1526//2126 1527//2126 1528//2126
f 1527//2127 1529//2127 1528//2127
f 1528//2128 1529//2128 1530//2128
f 1529//2129 1531//2129 1530//2129
f 1530//2130 1531//2130 1532//2130
f 1531//2131 1533//2131 1532//2131
f 1532//2132 1533//2132 1534//2132
f 1533//2133 1535//2133 1534//2133
f 1534//2134 1535//2134 1536//2134
f 1535//2135 1537//2135 1536//2135
f 1536//2136 1537//2136 1538//2136
f 1537//2137 1539//2137 1538//2137
f 1538//2138 1539//2138 1540//2138
f 1539//2139 1541//2139 1540//2139
f 1540//2140 1232//2140 1538//2140
f 1232//2141 1231//2141 1538//2141
f 1538//2142 1231//2142 1536//2142
f 1231//2143 1488//2143 1536//2143
f 1536//2144 1488//2144 1534//2144
f 1488//2145 1489//2145 1534//2145
f 1534//2146 1489//2146 1532//2146
f 1489//2147 1490//2147 1532//2147
f 1532//2130 1490//2130 1530//2130
f 1490//2075 1491//2075 1530//2075
f 1530//2128 1491//2128 1528//2128
f 1491//2148 1492//2148 1528//2148
f 1528//2149 1492//2149 1526//2149
f 1492//2150 1493//2150 1526//2150
f 1526//2124 1493//2124 1223//2124
f 1493//2151 1494//2151 1223//2151
f 1223//2152 1494//2152 1221//2152
f 1542//2153 1543//2153 1544//2153
f 1545//2154 1546//2154 1547//2154
f 1546//2155 1548//2155 1547//2155
f 1547//2156 1548//2156 1549//2156
f 1548//2157 1550//2157 1549//2157
f 1549//2158 1550//2158 1551//2158
f 1550//2159 1552//2159 1551//2159
f 1551//2160 1552//2160 1553//2160
f 1552//2161 1554//2161 1553//2161
f 1553//2162 1554//2162 1555//2162
f 1554//2163 1542//2163 1555//2163
f 1555//2164 1542//2164 1300//2164
f 1542//2165 1544//2165 1300//2165
f 1300//2166 1544//2166 1301//2166
f 1452//2025 1556//2025 1454//2025
f 1556//2167 1557//2167 1454//2167
f 1454//2027 1557//2027 1456//2027
f 1557//2168 1558//2168 1456//2168
f 1456//2169 1558//2169 1458//2169
f 1558//2170 1559//2170 1458//2170
f 1458//2171 1559//2171 1460//2171
f 1559//2172 1560//2172 1460//2172
f 1460//2033 1560//2033 1462//2033
f 1560//2173 1561//2173 1462//2173
f 1462//2035 1561//2035 1464//2035
f 1561//2174 1562//2174 1464//2174
f 1464//2037 1562//2037 1466//2037
f 1562//2175 1563//2175 1466//2175
f 1466//2039 1563//2039 1468//2039
f 1563//2176 1252//2176 1468//2176
f 1468//2177 1252//2177 1470//2177
f 1252//2178 1254//2178 1470//2178
f 1470//2179 1254//2179 1471//2179
f 1246//1831 1248//1831 1564//1831
f 1248//2180 1309//2180 1564//2180
f 1564//2181 1309//2181 1565//2181
f 1309//1872 1311//1872 1565//1872
f 1565//2182 1311//2182 1566//2182
f 1311//2183 1313//2183 1566//2183
f 1566//2184 1313//2184 1567//2184
f 1313//1876 1315//1876 1567//1876
f 1567//2185 1315//2185 1568//2185
f 1315//2186 1317//2186 1568//2186
f 1568//2187 1317//2187 1569//2187
f 1317//2188 1319//2188 1569//2188
f 1569//2189 1319//2189 1570//2189
f 1319//2190 1321//2190 1570//2190
f 1570//2191 1321//2191 1571//2191
f 1321//2192 1323//2192 1571//2192
f 1571//2193 1323//2193 1572//2193
f 1323//1886 1325//1886 1572//1886
f 1572//2194 1325//2194 1573//2194
f 1325//1888 1327//1888 1573//1888
f 1573//2195 1327//2195 1574//2195
f 1327//2196 1328//2196 1574//2196
f 1574//2196 1328//2196 1575//2196
f 1244//2123 1243//2123 1525//2123
f 1243//2197 1576//2197 1525//2197
f 1525//2198 1576//2198 1527//2198
f 1576//2199 1577//2199 1527//2199
f 1527//2127 1577//2127 1529//2127
f 1577//2200 1578//2200 1529//2200
f 1529//2201 1578//2201 1531//2201
f 1578//2202 1579//2202 1531//2202
f 1531//2131 1579//2131 1533//2131
f 1579//2203 1580//2203 1533//2203
f 1533//2204 1580//2204 1535//2204
f 1580//2205 1581//2205 1535//2205
f 1535//2206 1581//2206 1537//2206
f 1581//2207 1582//2207 1537//2207
f 1537//2208 1582//2208 1539//2208
f 1582//2209 1583//2209 1539//2209
f 1539//2210 1583//2210 1541//2210
f 1308//1871 1451//1871 1310//1871
f 1451//2024 1453//2024 1310//2024
f 1310//1873 1453//1873 1312//1873
f 1453//2026 1455//2026 1312//2026
f 1312//1875 1455//1875 1314//1875
f 1455//2028 1457//2028 1314//2028
f 1314//1877 1457//1877 1316//1877
f 1457//2030 1459//2030 1316//2030
f 1316//1879 1459//1879 1318//1879
f 1459//2032 1461//2032 1318//2032
f 1318//1881 1461//1881 1320//1881
f 1461//2034 1463//2034 1320//2034
f 1320//1883 1463//1883 1322//1883
f 1463//2036 1465//2036 1322//2036
f 1322//2211 1465//2211 1324//2211
f 1465//2038 1467//2038 1324//2038
f 1324//2212 1467//2212 1326//2212
f 1467//2040 1469//2040 1326//2040
f 1326//1889 1469//1889 1328//1889
f 1469//2042 1275//2042 1328//2042
f 1328//2213 1275//2213 1575//2213
f 1275//2213 1273//2213 1575//2213
f 1584//2214 1541//2214 1585//2214
f 1541//2215 1583//2215 1585//2215
f 1585//2216 1583//2216 1586//2216
f 1583//2217 1582//2217 1586//2217
f 1586//2218 1582//2218 1587//2218
f 1582//2219 1581//2219 1587//2219
f 1587//2220 1581//2220 1588//2220
f 1581//2205 1580//2205 1588//2205
f 1588//2221 1580//2221 1589//2221
f 1580//2222 1579//2222 1589//2222
f 1589//2223 1579//2223 1590//2223
f 1579//2224 1578//2224 1590//2224
f 1590//2225 1578//2225 1591//2225
f 1578//2226 1577//2226 1591//2226
f 1591//2227 1577//2227 1592//2227
f 1577//2228 1576//2228 1592//2228
f 1592//2229 1576//2229 1593//2229
f 1576//2230 1243//2230 1593//2230
f 1593//2231 1243//2231 1594//2231
f 1243//1830 1245//1830 1594//1830
f 1594//2232 1245//2232 1595//2232
f 1333//2233 1332//2233 1306//2233
f 1332//2234 1596//2234 1306//2234
f 1306//2235 1596//2235 1307//2235
f 1546//2155 1597//2155 1548//2155
f 1597//2236 1598//2236 1548//2236
f 1548//2157 1598//2157 1550//2157
f 1598//2237 1599//2237 1550//2237
f 1550//2159 1599//2159 1552//2159
f 1599//2238 1600//2238 1552//2238
f 1552//2239 1600//2239 1554//2239
f 1600//2240 1601//2240 1554//2240
f 1554//2241 1601//2241 1542//2241
f 1601//2242 1602//2242 1542//2242
f 1542//2243 1602//2243 1543//2243
f 1496//2081 1545//2081 1498//2081
f 1545//2154 1547//2154 1498//2154
f 1498//2083 1547//2083 1500//2083
f 1547//2156 1549//2156 1500//2156
f 1500//2244 1549//2244 1502//2244
f 1549//2158 1551//2158 1502//2158
f 1502//2087 1551//2087 1504//2087
f 1551//2160 1553//2160 1504//2160
f 1504//2089 1553//2089 1506//2089
f 1553//2245 1555//2245 1506//2245
f 1506//2091 1555//2091 1508//2091
f 1555//2164 1300//2164 1508//2164
f 1508//2093 1300//2093 1224//2093
f 1300//2246 1302//2246 1224//2246
f 1224//2247 1302//2247 1225//2247
f 1603//2248 1584//2248 1604//2248
f 1584//2249 1585//2249 1604//2249
f 1604//2250 1585//2250 1605//2250
f 1585//2251 1586//2251 1605//2251
f 1605//2252 1586//2252 1606//2252
f 1586//2253 1587//2253 1606//2253
f 1606//2254 1587//2254 1607//2254
f 1587//2220 1588//2220 1607//2220
f 1607//2255 1588//2255 1608//2255
f 1588//2256 1589//2256 1608//2256
f 1608//2257 1589//2257 1609//2257
f 1589//2258 1590//2258 1609//2258
f 1609//2259 1590//2259 1610//2259
f 1590//2225 1591//2225 1610//2225
f 1610//2260 1591//2260 1611//2260
f 1591//2261 1592//2261 1611//2261
f 1611//2262 1592//2262 1612//2262
f 1592//2263 1593//2263 1612//2263
f 1612//2264 1593//2264 1613//2264
f 1593//2265 1594//2265 1613//2265
f 1613//2266 1594//2266 1614//2266
f 1594//2267 1595//2267 1614//2267
f 1614//2268 1595//2268 1615//2268
f 1335//2269 1329//2269 1337//2269
f 1329//2270 1331//2270 1337//2270
f 1337//1896 1331//1896 1339//1896
f 1331//2271 1333//2271 1339//2271
f 1339//2271 1333//2271 1340//2271
f 1333//2272 1306//2272 1340//2272
f 1340//2272 1306//2272 1341//2272
f 1306//2273 1304//2273 1341//2273
f 1403//2274 1616//2274 1392//2274
f 1616//2275 1617//2275 1392//2275
f 1392//2276 1617//2276 1391//2276
f 1617//2277 1603//2277 1391//2277
f 1391//2278 1603//2278 1481//2278
f 1603//2279 1604//2279 1481//2279
f 1481//2280 1604//2280 1482//2280
f 1604//2281 1605//2281 1482//2281
f 1482//2282 1605//2282 1483//2282
f 1605//2283 1606//2283 1483//2283
f 1483//2284 1606//2284 1484//2284
f 1606//2254 1607//2254 1484//2254
f 1484//2064 1607//2064 1485//2064
f 1607//2285 1608//2285 1485//2285
f 1485//2286 1608//2286 1479//2286
f 1608//2287 1609//2287 1479//2287
f 1479//2057 1609//2057 1477//2057
f 1609//2288 1610//2288 1477//2288
f 1477//2289 1610//2289 1618//2289
f 1610//2290 1611//2290 1618//2290
f 1618//2291 1611//2291 1619//2291
f 1611//2292 1612//2292 1619//2292
f 1619//2293 1612//2293 1620//2293
f 1612//2264 1613//2264 1620//2264
f 1620//2294 1613//2294 1621//2294
f 1613//2266 1614//2266 1621//2266
f 1621//2295 1614//2295 1622//2295
f 1614//2268 1615//2268 1622//2268
f 1622//2296 1615//2296 1238//2296
f 1623//2297 1334//2297 1624//2297
f 1334//2298 1336//2298 1624//2298
f 1624//2299 1336//2299 1625//2299
f 1336//1895 1338//1895 1625//1895
f 1625//2300 1338//2300 1626//2300
f 1338//1897 1241//1897 1626//1897
f 1626//2301 1241//2301 1627//2301
f 1241//2301 1240//2301 1627//2301
f 1627//2302 1240//2302 1628//2302
f 1361//1911 1629//1911 1359//1911
f 1629//2303 1630//2303 1359//2303
f 1359//2304 1630//2304 1357//2304
f 1630//2304 1631//2304 1357//2304
f 1357//2305 1631//2305 1355//2305
f 1631//2306 1632//2306 1355//2306
f 1633//2307 1353//2307 1634//2307
f 1353//2308 1351//2308 1634//2308
f 1634//2309 1351//2309 1635//2309
f 1351//2310 1349//2310 1635//2310
f 1635//2311 1349//2311 1636//2311
f 1349//2312 1347//2312 1636//2312
f 1636//2313 1347//2313 1637//2313
f 1347//2313 1345//2313 1637//2313
f 1637//2314 1345//2314 1638//2314
f 1345//2314 1343//2314 1638//2314
f 1638//2315 1343//2315 1639//2315
f 1343//2316 1342//2316 1639//2316
f 1639//2317 1342//2317 1220//2317
f 1640//2318 1641//2318 1642//2318
f 1641//2319 1643//2319 1642//2319
f 1642//2320 1643//2320 1644//2320
f 1643//2321 1645//2321 1644//2321
f 1644//2322 1645//2322 1646//2322
f 1645//2323 1647//2323 1646//2323
f 1646//2324 1647//2324 1648//2324
f 1647//2325 1649//2325 1648//2325
f 1648//2326 1649//2326 1650//2326
f 1649//2327 1651//2327 1650//2327
f 1650//2328 1651//2328 1652//2328
f 1651//2329 1653//2329 1652//2329
f 1652//2330 1653//2330 1654//2330
f 1238//2331 1237//2331 1622//2331
f 1237//2332 1655//2332 1622//2332
f 1622//2295 1655//2295 1621//2295
f 1655//2333 1656//2333 1621//2333
f 1621//2294 1656//2294 1620//2294
f 1656//2334 1657//2334 1620//2334
f 1620//2335 1657//2335 1619//2335
f 1657//2336 1658//2336 1619//2336
f 1619//2337 1658//2337 1618//2337
f 1658//2338 1659//2338 1618//2338
f 1618//2339 1659//2339 1477//2339
f 1659//2340 1660//2340 1477//2340
f 1477//2341 1660//2341 1520//2341
f 1660//2342 1661//2342 1520//2342
f 1520//2342 1661//2342 1521//2342
f 1661//2343 1662//2343 1521//2343
f 1521//2119 1662//2119 1522//2119
f 1662//2344 1299//2344 1522//2344
f 1522//2345 1299//2345 1523//2345
f 1299//2346 1295//2346 1523//2346
f 1523//2347 1295//2347 1524//2347
f 1295//2348 1294//2348 1524//2348
f 1524//2349 1294//2349 1385//2349
f 1294//2350 1292//2350 1385//2350
f 1385//2351 1292//2351 1284//2351
f 1292//2352 1291//2352 1284//2352
f 1284//2352 1291//2352 1285//2352
f 1291//2353 1296//2353 1285//2353
f 1285//2353 1296//2353 1408//2353
f 1628//2354 1354//2354 1632//2354
f 1354//2354 1353//2354 1632//2354
f 1632//2355 1353//2355 1355//2355
f 1353//2356 1633//2356 1355//2356
f 1355//2357 1633//2357 1356//2357
f 1633//2358 1366//2358 1356//2358
f 1356//2359 1366//2359 1358//2359
f 1366//2360 1365//2360 1358//2360
f 1358//2361 1365//2361 1360//2361
f 1365//2362 1363//2362 1360//2362
f 1360//2363 1363//2363 1361//2363
f 1363//1916 1369//1916 1361//1916
f 1361//2364 1369//2364 1629//2364
f 1641//2319 1663//2319 1643//2319
f 1663//2365 1664//2365 1643//2365
f 1643//2366 1664//2366 1645//2366
f 1664//2367 1665//2367 1645//2367
f 1645//2368 1665//2368 1647//2368
f 1665//2369 1666//2369 1647//2369
f 1647//2370 1666//2370 1649//2370
f 1666//2371 1667//2371 1649//2371
f 1649//2327 1667//2327 1651//2327
f 1667//2372 1668//2372 1651//2372
f 1651//2373 1668//2373 1653//2373
f 1668//2374 1247//2374 1653//2374
f 1653//2375 1247//2375 1654//2375
f 1247//2376 1246//2376 1654//2376
f 1669//2377 1616//2377 1670//2377
f 1616//2378 1403//2378 1670//2378
f 1670//2379 1403//2379 1671//2379
f 1403//2380 1404//2380 1671//2380
f 1671//2381 1404//2381 1672//2381
f 1404//2382 1405//2382 1672//2382
f 1672//2383 1405//2383 1673//2383
f 1405//1954 1406//1954 1673//1954
f 1673//2384 1406//2384 1674//2384
f 1406//2384 1407//2384 1674//2384
f 1674//2385 1407//2385 1675//2385
f 1407//2385 1408//2385 1675//2385
f 1675//2386 1408//2386 1676//2386
f 1408//2386 1296//2386 1676//2386
f 1676//2387 1296//2387 1677//2387
f 1296//2387 1297//2387 1677//2387
f 1677//2388 1297//2388 1678//2388
f 1297//2389 1298//2389 1678//2389
f 1678//2390 1298//2390 1679//2390
f 1298//2391 1299//2391 1679//2391
f 1679//2392 1299//2392 1680//2392
f 1299//2393 1662//2393 1680//2393
f 1680//2394 1662//2394 1681//2394
f 1662//2343 1661//2343 1681//2343
f 1681//2395 1661//2395 1682//2395
f 1661//2396 1660//2396 1682//2396
f 1682//2396 1660//2396 1683//2396
f 1660//2397 1659//2397 1683//2397
f 1683//2398 1659//2398 1684//2398
f 1659//2399 1658//2399 1684//2399
f 1684//2400 1658//2400 1685//2400
f 1658//2336 1657//2336 1685//2336
f 1685//2401 1657//2401 1686//2401
f 1657//2402 1656//2402 1686//2402
f 1686//2403 1656//2403 1687//2403
f 1656//2333 1655//2333 1687//2333
f 1687//2404 1655//2404 1688//2404
f 1655//2332 1237//2332 1688//2332
f 1688//2405 1237//2405 1689//2405
f 1237//2406 1239//2406 1689//2406
f 1689//2407 1239//2407 1214//2407
f 1690//2408 1691//2408 1215//2408
f 1691//2408 1692//2408 1215//2408
f 1215//2409 1692//2409 1216//2409
f 1690//2410 1215//2410 1693//2410
f 1215//2411 1217//2411 1693//2411
f 1693//2412 1217//2412 1694//2412
f 1217//2413 1695//2413 1694//2413
f 1694//2414 1695//2414 1696//2414
f 1695//2415 1697//2415 1696//2415
f 1696//2416 1697//2416 1698//2416
f 1697//2417 1699//2417 1698//2417
f 1698//2418 1699//2418 1700//2418
f 1699//2419 1701//2419 1700//2419
f 1700//2420 1701//2420 1702//2420
f 1701//2421 1703//2421 1702//2421
f 1702//2422 1703//2422 1704//2422
f 1703//2423 1705//2423 1704//2423
f 1704//2424 1705//2424 1706//2424
f 1705//2425 1219//2425 1706//2425
f 1706//2426 1219//2426 1707//2426
f 1219//2427 1218//2427 1707//2427
f 1707//2428 1218//2428 1708//2428
f 1709//2429 1710//2429 1711//2429
f 1710//2430 1712//2430 1711//2430
f 1711//2431 1712//2431 1713//2431
f 1712//2432 1714//2432 1713//2432
f 1713//2433 1714//2433 1715//2433
f 1714//2434 1716//2434 1715//2434
f 1715//2435 1716//2435 1717//2435
f 1716//2436 1718//2436 1717//2436
f 1717//2437 1718//2437 1719//2437
f 1718//2438 1720//2438 1719//2438
f 1663//2439 1721//2439 1664//2439
f 1721//2440 1722//2440 1664//2440
f 1664//2441 1722//2441 1665//2441
f 1722//2442 1723//2442 1665//2442
f 1665//2443 1723//2443 1666//2443
f 1723//2444 1724//2444 1666//2444
f 1666//2371 1724//2371 1667//2371
f 1724//2445 1725//2445 1667//2445
f 1667//2372 1725//2372 1668//2372
f 1725//2446 1726//2446 1668//2446
f 1668//2447 1726//2447 1247//2447
f 1726//2448 1727//2448 1247//2448
f 1247//2449 1727//2449 1248//2449
f 1727//2450 1728//2450 1248//2450
f 1248//2450 1728//2450 1308//2450
f 1728//2451 1729//2451 1308//2451
f 1308//2451 1729//2451 1451//2451
f 1729//2452 1730//2452 1451//2452
f 1451//2452 1730//2452 1452//2452
f 1730//2453 1731//2453 1452//2453
f 1452//2453 1731//2453 1556//2453
f 1731//2454 1732//2454 1556//2454
f 1556//2455 1732//2455 1557//2455
f 1732//2456 1733//2456 1557//2456
f 1557//2168 1733//2168 1558//2168
f 1733//2457 1734//2457 1558//2457
f 1558//2170 1734//2170 1559//2170
f 1734//2458 1735//2458 1559//2458
f 1559//2172 1735//2172 1560//2172
f 1735//2459 1736//2459 1560//2459
f 1560//2460 1736//2460 1561//2460
f 1736//2461 1737//2461 1561//2461
f 1561//2174 1737//2174 1562//2174
f 1737//2462 1738//2462 1562//2462
f 1562//2175 1738//2175 1563//2175
f 1738//2463 1739//2463 1563//2463
f 1563//2176 1739//2176 1252//2176
f 1213//2464 1740//2464 1214//2464
f 1740//2465 1741//2465 1214//2465
f 1214//2407 1741//2407 1689//2407
f 1741//2466 1742//2466 1689//2466
f 1689//2467 1742//2467 1688//2467
f 1742//2468 1743//2468 1688//2468
f 1688//2404 1743//2404 1687//2404
f 1743//2469 1744//2469 1687//2469
f 1687//2403 1744//2403 1686//2403
f 1744//2470 1745//2470 1686//2470
f 1686//2401 1745//2401 1685//2401
f 1745//2471 1746//2471 1685//2471
f 1685//2472 1746//2472 1684//2472
f 1746//2473 1747//2473 1684//2473
f 1684//2474 1747//2474 1683//2474
f 1747//2475 1417//2475 1683//2475
f 1683//2475 1417//2475 1682//2475
f 1417//1971 1419//1971 1682//1971
f 1682//2395 1419//2395 1681//2395
f 1419//1973 1421//1973 1681//1973
f 1681//2394 1421//2394 1680//2394
f 1421//2476 1423//2476 1680//2476
f 1680//2477 1423//2477 1679//2477
f 1423//2478 1425//2478 1679//2478
f 1679//2390 1425//2390 1678//2390
f 1425//1979 1427//1979 1678//1979
f 1678//2388 1427//2388 1677//2388
f 1427//1981 1251//1981 1677//1981
f 1677//2479 1251//2479 1676//2479
f 1251//2479 1250//2479 1676//2479
f 1676//2480 1250//2480 1675//2480
f 1250//2480 1283//2480 1675//2480
f 1675//2481 1283//2481 1674//2481
f 1283//2482 1281//2482 1674//2482
f 1674//2483 1281//2483 1673//2483
f 1281//2484 1279//2484 1673//2484
f 1673//2485 1279//2485 1672//2485
f 1279//1848 1277//1848 1672//1848
f 1672//2486 1277//2486 1671//2486
f 1277//1846 1268//1846 1671//1846
f 1671//2487 1268//2487 1670//2487
f 1268//2488 1235//2488 1670//2488
f 1670//2489 1235//2489 1669//2489
f 1235//2490 1236//2490 1669//2490
f 1628//2491 1632//2491 1627//2491
f 1632//2492 1631//2492 1627//2492
f 1627//2493 1631//2493 1626//2493
f 1631//2493 1630//2493 1626//2493
f 1626//2300 1630//2300 1625//2300
f 1630//2494 1629//2494 1625//2494
f 1625//2299 1629//2299 1624//2299
f 1629//2364 1369//2364 1624//2364
f 1624//2495 1369//2495 1623//2495
f 1369//2496 1370//2496 1623//2496
f 1623//2497 1370//2497 1748//2497
f 1370//2498 1371//2498 1748//2498
f 1748//2499 1371//2499 1749//2499
f 1371//2500 1372//2500 1749//2500
f 1749//2501 1372//2501 1750//2501
f 1220//2502 1219//2502 1639//2502
f 1219//2503 1705//2503 1639//2503
f 1639//2504 1705//2504 1638//2504
f 1705//2505 1703//2505 1638//2505
f 1638//2506 1703//2506 1637//2506
f 1703//2507 1701//2507 1637//2507
f 1637//2508 1701//2508 1636//2508
f 1701//2509 1699//2509 1636//2509
f 1636//2510 1699//2510 1635//2510
f 1699//2511 1697//2511 1635//2511
f 1635//2512 1697//2512 1634//2512
f 1697//2513 1695//2513 1634//2513
f 1634//2514 1695//2514 1633//2514
f 1695//2515 1217//2515 1633//2515
f 1633//2516 1217//2516 1366//2516
f 1217//2517 1216//2517 1366//2517
f 1366//1914 1216//1914 1364//1914
f 1216//2518 1692//2518 1364//2518
f 1364//2519 1692//2519 1362//2519
f 1692//2520 1691//2520 1362//2520
f 1362//2521 1691//2521 1367//2521
f 1691//2522 1690//2522 1367//2522
f 1367//2522 1690//2522 1751//2522
f 1751//2523 1690//2523 1752//2523
f 1690//2523 1693//2523 1752//2523
f 1752//2524 1693//2524 1753//2524
f 1693//2524 1694//2524 1753//2524
f 1753//2525 1694//2525 1754//2525
f 1694//2525 1696//2525 1754//2525
f 1754//2526 1696//2526 1755//2526
f 1696//2527 1698//2527 1755//2527
f 1755//2528 1698//2528 1756//2528
f 1698//2529 1700//2529 1756//2529
f 1756//2530 1700//2530 1757//2530
f 1700//2530 1702//2530 1757//2530
f 1757//2531 1702//2531 1758//2531
f 1702//2532 1704//2532 1758//2532
f 1758//2533 1704//2533 1759//2533
f 1704//2534 1706//2534 1759//2534
f 1759//2535 1706//2535 1760//2535
f 1706//2535 1707//2535 1760//2535
f 1760//2536 1707//2536 1761//2536
f 1707//2536 1708//2536 1761//2536
f 1761//2537 1708//2537 1762//2537
f 1710//2538 1762//2538 1712//2538
f 1762//2537 1708//2537 1712//2537
f 1712//2539 1708//2539 1714//2539
f 1708//2540 1218//2540 1714//2540
f 1714//2541 1218//2541 1716//2541
f 1218//2542 1220//2542 1716//2542
f 1716//2543 1220//2543 1718//2543
f 1220//2544 1342//2544 1718//2544
f 1718//2438 1342//2438 1720//2438
f 1342//2438 1344//2438 1720//2438
f 1720//2545 1344//2545 1763//2545
f 1344//2546 1346//2546 1763//2546
f 1763//2546 1346//2546 1764//2546
f 1346//2547 1348//2547 1764//2547
f 1764//2547 1348//2547 1495//2547
f 1348//2548 1350//2548 1495//2548
f 1495//2548 1350//2548 1496//2548
f 1350//2549 1352//2549 1496//2549
f 1496//2549 1352//2549 1545//2549
f 1352//2550 1354//2550 1545//2550
f 1545//2551 1354//2551 1546//2551
f 1354//2552 1628//2552 1546//2552
f 1546//2552 1628//2552 1597//2552
f 1628//2302 1240//2302 1597//2302
f 1597//2236 1240//2236 1598//2236
f 1240//1829 1242//1829 1598//1829
f 1598//2237 1242//2237 1599//2237
f 1242//1899 1341//1899 1599//1899
f 1599//2238 1341//2238 1600//2238
f 1341//2273 1304//2273 1600//2273
f 1600//2553 1304//2553 1601//2553
f 1304//2554 1303//2554 1601//2554
f 1601//2555 1303//2555 1602//2555
f 1721//2440 1709//2440 1722//2440
f 1709//2556 1711//2556 1722//2556
f 1722//2557 1711//2557 1723//2557
f 1711//2558 1713//2558 1723//2558
f 1723//2559 1713//2559 1724//2559
f 1713//2560 1715//2560 1724//2560
f 1724//2561 1715//2561 1725//2561
f 1715//2562 1717//2562 1725//2562
f 1725//2446 1717//2446 1726//2446
f 1717//2563 1719//2563 1726//2563
f 1726//2564 1719//2564 1727//2564
f 1719//2565 1720//2565 1727//2565
f 1727//2565 1720//2565 1728//2565
f 1720//2566 1763//2566 1728//2566
f 1728//2566 1763//2566 1729//2566
f 1763//2567 1764//2567 1729//2567
f 1729//2567 1764//2567 1730//2567
f 1764//2568 1495//2568 1730//2568
f 1730//2568 1495//2568 1731//2568
f 1495//2080 1497//2080 1731//2080
f 1731//2454 1497//2454 1732//2454
f 1497//2569 1499//2569 1732//2569
f 1732//2456 1499//2456 1733//2456
f 1499//2084 1501//2084 1733//2084
f 1733//2570 1501//2570 1734//2570
f 1501//2571 1503//2571 1734//2571
f 1734//2458 1503//2458 1735//2458
f 1503//2572 1505//2572 1735//2572
f 1735//2459 1505//2459 1736//2459
f 1505//2573 1507//2573 1736//2573
f 1736//2574 1507//2574 1737//2574
f 1507//2575 1509//2575 1737//2575
f 1737//2576 1509//2576 1738//2576
f 1509//2094 1510//2094 1738//2094
f 1738//2463 1510//2463 1739//2463
f 1510//2577 1511//2577 1739//2577
f 1739//2578 1511//2578 1252//2578
f 1511//2579 1765//2579 1252//2579
f 1252//2580 1765//2580 1253//2580
f 1740//2581 1640//2581 1741//2581
f 1640//2582 1642//2582 1741//2582
f 1741//2583 1642//2583 1742//2583
f 1642//2584 1644//2584 1742//2584
f 1742//2585 1644//2585 1743//2585
f 1644//2586 1646//2586 1743//2586
f 1743//2587 1646//2587 1744//2587
f 1646//2324 1648//2324 1744//2324
f 1744//2588 1648//2588 1745//2588
f 1648//2326 1650//2326 1745//2326
f 1745//2471 1650//2471 1746//2471
f 1650//2589 1652//2589 1746//2589
f 1746//2473 1652//2473 1747//2473
f 1652//2590 1654//2590 1747//2590
f 1747//2591 1654//2591 1417//2591
f 1654//2592 1246//2592 1417//2592
f 1417//2592 1246//2592 1418//2592
f 1246//2593 1564//2593 1418//2593
f 1418//2594 1564//2594 1512//2594
f 1564//2181 1565//2181 1512//2181
f 1512//2595 1565//2595 1513//2595
f 1565//2182 1566//2182 1513//2182
f 1513//2099 1566//2099 1514//2099
f 1566//2596 1567//2596 1514//2596
f 1514//2597 1567//2597 1515//2597
f 1567//2185 1568//2185 1515//2185
f 1515//2101 1568//2101 1516//2101
f 1568//2187 1569//2187 1516//2187
f 1516//2102 1569//2102 1517//2102
f 1569//2189 1570//2189 1517//2189
f 1517//2598 1570//2598 1518//2598
f 1570//2191 1571//2191 1518//2191
f 1518//2599 1571//2599 1519//2599
f 1571//2193 1572//2193 1519//2193
f 1519//2600 1572//2600 1259//2600
f 1572//2194 1573//2194 1259//2194
f 1259//2601 1573//2601 1258//2601
f 1573//2195 1574//2195 1258//2195
f 1258//2602 1574//2602 1442//2602
f 1574//2603 1575//2603 1442//2603
f 1442//2603 1575//2603 1443//2603
f 1575//2604 1273//2604 1443//2604
f 1443//2604 1273//2604 1444//2604
f 1273//2605 1272//2605 1444//2605
f 1444//2606 1272//2606 1445//2606
f 1222//2607 1766//2607 1244//2607
f 1766//2608 1767//2608 1244//2608
f 1244//2609 1767//2609 1245//2609
f 1767//2610 1768//2610 1245//2610
f 1245//2611 1768//2611 1595//2611
f 1768//2612 1769//2612 1595//2612
f 1595//2613 1769//2613 1615//2613
f 1769//2614 1770//2614 1615//2614
f 1615//2615 1770//2615 1238//2615
f 1770//2616 1771//2616 1238//2616
f 1238//2617 1771//2617 1239//2617
f 1771//2618 1772//2618 1239//2618
f 1239//2619 1772//2619 1214//2619
f 1772//2620 1773//2620 1214//2620
f 1214//2621 1773//2621 1212//2621
f 1212//2622 1773//2622 1774//2622
f 1773//2622 1775//2622 1774//2622
f 1212//2623 1774//2623 1213//2623
f 1774//2623 1776//2623 1213//2623
f 1213//2624 1776//2624 1740//2624
f 1776//2624 1777//2624 1740//2624
f 1777//2625 1778//2625 1740//2625
f 1740//2625 1778//2625 1640//2625
f 1778//2626 1779//2626 1640//2626
f 1640//2626 1779//2626 1641//2626
f 1779//2627 1780//2627 1641//2627
f 1641//2627 1780//2627 1663//2627
f 1780//2628 1781//2628 1663//2628
f 1663//2628 1781//2628 1721//2628
f 1781//2629 1782//2629 1721//2629
f 1721//2629 1782//2629 1709//2629
f 1782//2630 1783//2630 1709//2630
f 1709//2630 1783//2630 1710//2630
f 1783//2631 1784//2631 1710//2631
f 1710//2631 1784//2631 1762//2631
f 1784//2632 1785//2632 1762//2632
f 1762//2632 1785//2632 1761//2632
f 1785//2633 1786//2633 1761//2633
f 1761//2633 1786//2633 1760//2633
f 1786//2634 1787//2634 1760//2634
f 1760//2634 1787//2634 1759//2634
f 1787//2635 1788//2635 1759//2635
f 1759//2635 1788//2635 1758//2635
f 1788//2636 1789//2636 1758//2636
f 1758//2636 1789//2636 1757//2636
f 1789//2637 1790//2637 1757//2637
f 1757//2637 1790//2637 1756//2637
f 1790//2638 1791//2638 1756//2638
f 1756//2638 1791//2638 1755//2638
f 1791//2639 1792//2639 1755//2639
f 1755//2639 1792//2639 1754//2639
f 1792//2640 1793//2640 1754//2640
f 1754//2640 1793//2640 1753//2640
f 1793//2641 1794//2641 1753//2641
f 1753//2641 1794//2641 1752//2641
f 1794//2642 1795//2642 1752//2642
f 1752//2642 1795//2642 1751//2642
f 1795//2643 1796//2643 1751//2643
f 1751//2643 1796//2643 1367//2643
f 1796//2644 1797//2644 1367//2644
f 1367//2644 1797//2644 1368//2644
f 1797//2645 1798//2645 1368//2645
f 1368//2645 1798//2645 1372//2645
f 1798//2646 1799//2646 1372//2646
f 1372//2646 1799//2646 1750//2646
f 1800//2647 1801//2647 1802//2647
f 1803//2648 1804//2648 1805//2648
f 1806//2649 1807//2649 1808//2649
f 1809//2650 1810//2650 1811//2650
f 1810//2651 1795//2651 1811//2651
f 1812//2652 1813//2652 1814//2652
f 1815//2653 1816//2653 1803//2653
f 1817//2654 1818//2654 1819//2654
f 1820//2655 1819//2655 1821//2655
f 1822//2656 1823//2656 1824//2656
f 1825//2657 1826//2657 1827//2657
f 1828//2658 1829//2658 1830//2658
f 1831//2659 1832//2659 1833//2659
f 1834//2660 1831//2660 1835//2660
f 1836//2661 1837//2661 1811//2661
f 1831//2662 1833//2662 1835//2662
f 1833//2663 1838//2663 1835//2663
f 1835//2664 1838//2664 1839//2664
f 1840//2665 1841//2665 1842//2665
f 1841//2665 1843//2665 1842//2665
f 1842//2666 1843//2666 1844//2666
f 1843//2667 1845//2667 1844//2667
f 1844//2668 1845//2668 1846//2668
f 1845//2668 1847//2668 1846//2668
f 1848//2669 1849//2669 1850//2669
f 1849//2670 1851//2670 1850//2670
f 1850//2670 1851//2670 1852//2670
f 1851//2671 1853//2671 1852//2671
f 1837//2672 1836//2672 1854//2672
f 1836//2673 1855//2673 1854//2673
f 1854//2674 1855//2674 1856//2674
f 1855//2675 1857//2675 1856//2675
f 1856//2676 1857//2676 1858//2676
f 1857//2676 1859//2676 1858//2676
f 1858//2677 1859//2677 1860//2677
f 1859//2677 1861//2677 1860//2677
f 1860//2678 1861//2678 1829//2678
f 1862//2679 1863//2679 1864//2679
f 1865//2680 1866//2680 1867//2680
f 1829//2678 1828//2678 1860//2678
f 1828//2681 1868//2681 1860//2681
f 1860//2682 1868//2682 1858//2682
f 1868//2682 1869//2682 1858//2682
f 1858//2683 1869//2683 1856//2683
f 1869//2683 1870//2683 1856//2683
f 1856//2674 1870//2674 1854//2674
f 1870//2684 1871//2684 1854//2684
f 1854//2685 1871//2685 1837//2685
f 1872//2686 1873//2686 1874//2686
f 1873//2686 1875//2686 1874//2686
f 1874//2687 1875//2687 1876//2687
f 1877//2688 1872//2688 1878//2688
f 1872//2689 1874//2689 1878//2689
f 1878//2690 1874//2690 1879//2690
f 1874//2691 1876//2691 1879//2691
f 1879//2692 1876//2692 1880//2692
f 1818//2693 1817//2693 1881//2693
f 1817//2694 1882//2694 1881//2694
f 1881//2695 1882//2695 1883//2695
f 1882//2696 1884//2696 1883//2696
f 1883//2697 1884//2697 1885//2697
f 1884//2698 1886//2698 1885//2698
f 1885//2699 1886//2699 1887//2699
f 1886//2700 1888//2700 1887//2700
f 1887//2701 1888//2701 1889//2701
f 1888//2702 1890//2702 1889//2702
f 1889//2703 1890//2703 1891//2703
f 1890//2704 1892//2704 1891//2704
f 1891//2705 1892//2705 1893//2705
f 1892//2706 1894//2706 1893//2706
f 1893//2707 1894//2707 1848//2707
f 1894//2708 1895//2708 1848//2708
f 1848//2709 1895//2709 1849//2709
f 1821//2655 1896//2655 1820//2655
f 1896//2710 1897//2710 1820//2710
f 1820//2711 1897//2711 1898//2711
f 1897//2712 1899//2712 1898//2712
f 1898//2713 1899//2713 1900//2713
f 1899//2714 1901//2714 1900//2714
f 1900//2715 1901//2715 1902//2715
f 1901//2716 1903//2716 1902//2716
f 1902//2717 1903//2717 1904//2717
f 1903//2718 1905//2718 1904//2718
f 1904//2719 1905//2719 1906//2719
f 1905//2720 1907//2720 1906//2720
f 1906//2721 1907//2721 1908//2721
f 1907//2722 1909//2722 1908//2722
f 1908//2723 1909//2723 1910//2723
f 1909//2724 1911//2724 1910//2724
f 1910//2725 1911//2725 1912//2725
f 1911//2726 1913//2726 1912//2726
f 1912//2727 1913//2727 1914//2727
f 1913//2728 1915//2728 1914//2728
f 1804//2729 1803//2729 1916//2729
f 1803//2730 1816//2730 1916//2730
f 1916//2731 1816//2731 1917//2731
f 1918//2732 1919//2732 1920//2732
f 1921//2733 1813//2733 1922//2733
f 1813//2734 1812//2734 1922//2734
f 1922//2735 1812//2735 1923//2735
f 1924//2736 1925//2736 1926//2736
f 1927//2737 1928//2737 1929//2737
f 1928//2737 1930//2737 1929//2737
f 1929//2738 1930//2738 1931//2738
f 1932//2739 1923//2739 1933//2739
f 1923//2735 1812//2735 1933//2735
f 1933//2740 1812//2740 1934//2740
f 1812//2741 1814//2741 1934//2741
f 1934//2742 1814//2742 1935//2742
f 1925//2743 1936//2743 1926//2743
f 1936//2744 1937//2744 1926//2744
f 1926//2745 1937//2745 1938//2745
f 1937//2746 1939//2746 1938//2746
f 1938//2747 1939//2747 1940//2747
f 1924//2748 1926//2748 1941//2748
f 1926//2749 1938//2749 1941//2749
f 1941//2750 1938//2750 1942//2750
f 1938//2751 1940//2751 1942//2751
f 1942//2752 1940//2752 1943//2752
f 1944//2753 1945//2753 1946//2753
f 1947//2754 1945//2754 1948//2754
f 1945//2755 1944//2755 1948//2755
f 1948//2756 1944//2756 1801//2756
f 1796//2757 1832//2757 1797//2757
f 1832//2758 1831//2758 1797//2758
f 1797//2759 1831//2759 1798//2759
f 1831//2760 1834//2760 1798//2760
f 1798//2761 1834//2761 1799//2761
f 1779//2762 1778//2762 1949//2762
f 1775//2763 1950//2763 1774//2763
f 1950//2764 1951//2764 1774//2764
f 1774//2765 1951//2765 1776//2765
f 1951//2766 1777//2766 1776//2766
f 1952//2767 1862//2767 1953//2767
f 1862//2768 1864//2768 1953//2768
f 1953//2769 1864//2769 1954//2769
f 1864//2770 1955//2770 1954//2770
f 1954//2771 1955//2771 1956//2771
f 1955//2772 1957//2772 1956//2772
f 1956//2773 1957//2773 1958//2773
f 1957//2774 1959//2774 1958//2774
f 1958//2775 1959//2775 1791//2775
f 1959//2776 1792//2776 1791//2776
f 1780//2777 1779//2777 1960//2777
f 1779//2778 1949//2778 1960//2778
f 1960//2779 1949//2779 1961//2779
f 1949//2780 1962//2780 1961//2780
f 1961//2781 1962//2781 1963//2781
f 1809//2782 1811//2782 1964//2782
f 1811//2783 1837//2783 1964//2783
f 1964//2784 1837//2784 1965//2784
f 1837//2785 1871//2785 1965//2785
f 1965//2786 1871//2786 1966//2786
f 1793//2787 1792//2787 1967//2787
f 1792//2776 1959//2776 1967//2776
f 1967//2788 1959//2788 1968//2788
f 1959//2789 1957//2789 1968//2789
f 1968//2790 1957//2790 1969//2790
f 1957//2791 1955//2791 1969//2791
f 1969//2792 1955//2792 1970//2792
f 1955//2793 1864//2793 1970//2793
f 1970//2794 1864//2794 1971//2794
f 1864//2795 1863//2795 1971//2795
f 1971//2796 1863//2796 1972//2796
f 1781//2797 1780//2797 1973//2797
f 1780//2777 1960//2777 1973//2777
f 1973//2798 1960//2798 1974//2798
f 1960//2799 1961//2799 1974//2799
f 1974//2800 1961//2800 1975//2800
f 1961//2801 1963//2801 1975//2801
f 1975//2802 1963//2802 1976//2802
f 1794//2803 1793//2803 1977//2803
f 1793//2787 1967//2787 1977//2787
f 1977//2804 1967//2804 1978//2804
f 1967//2805 1968//2805 1978//2805
f 1978//2806 1968//2806 1979//2806
f 1968//2807 1969//2807 1979//2807
f 1979//2808 1969//2808 1980//2808
f 1969//2792 1970//2792 1980//2792
f 1980//2809 1970//2809 1981//2809
f 1970//2809 1971//2809 1981//2809
f 1981//2810 1971//2810 1982//2810
f 1971//2810 1972//2810 1982//2810
f 1982//2811 1972//2811 1983//2811
f 1782//2812 1781//2812 1984//2812
f 1781//2813 1973//2813 1984//2813
f 1984//2814 1973//2814 1985//2814
f 1973//2815 1974//2815 1985//2815
f 1985//2816 1974//2816 1986//2816
f 1974//2817 1975//2817 1986//2817
f 1986//2818 1975//2818 1987//2818
f 1975//2802 1976//2802 1987//2802
f 1987//2819 1976//2819 1988//2819
f 1989//2820 1990//2820 1991//2820
f 1990//2821 1992//2821 1991//2821
f 1991//2822 1992//2822 1993//2822
f 1992//2823 1994//2823 1993//2823
f 1993//2824 1994//2824 1995//2824
f 1994//2825 1996//2825 1995//2825
f 1841//2826 1853//2826 1843//2826
f 1853//2827 1851//2827 1843//2827
f 1843//2827 1851//2827 1845//2827
f 1851//2828 1849//2828 1845//2828
f 1845//2828 1849//2828 1847//2828
f 1849//2829 1895//2829 1847//2829
f 1783//2830 1782//2830 1997//2830
f 1782//2812 1984//2812 1997//2812
f 1997//2831 1984//2831 1998//2831
f 1984//2832 1985//2832 1998//2832
f 1998//2833 1985//2833 1999//2833
f 1985//2834 1986//2834 1999//2834
f 1999//2835 1986//2835 2000//2835
f 1986//2818 1987//2818 2000//2818
f 2000//2836 1987//2836 2001//2836
f 1987//2819 1988//2819 2001//2819
f 2001//2837 1988//2837 2002//2837
f 2003//2838 2004//2838 2005//2838
f 2004//2839 2006//2839 2005//2839
f 2005//2840 2006//2840 2007//2840
f 2006//2841 2008//2841 2007//2841
f 2007//2842 2008//2842 2009//2842
f 2008//2843 2010//2843 2009//2843
f 2009//2844 2010//2844 2011//2844
f 2010//2845 2012//2845 2011//2845
f 2011//2846 2012//2846 2013//2846
f 2012//2847 2014//2847 2013//2847
f 2013//2848 2014//2848 2015//2848
f 2014//2849 2016//2849 2015//2849
f 2015//2850 2016//2850 2017//2850
f 2016//2851 2018//2851 2017//2851
f 2017//2852 2018//2852 2019//2852
f 2018//2853 2020//2853 2019//2853
f 2019//2854 2020//2854 2021//2854
f 2020//2855 1806//2855 2021//2855
f 2021//2856 1806//2856 2022//2856
f 1806//2857 1808//2857 2022//2857
f 2022//2858 1808//2858 1996//2858
f 1808//2859 2023//2859 1996//2859
f 1996//2860 2023//2860 1995//2860
f 1778//2861 1777//2861 1949//2861
f 1777//2862 1951//2862 1949//2862
f 1949//2780 1951//2780 1962//2780
f 1951//2863 1950//2863 1962//2863
f 1962//2864 1950//2864 1963//2864
f 1950//2865 2024//2865 1963//2865
f 1963//2866 2024//2866 1976//2866
f 2024//2867 2025//2867 1976//2867
f 1976//2868 2025//2868 1988//2868
f 2025//2869 2026//2869 1988//2869
f 1988//2870 2026//2870 2002//2870
f 2026//2871 2027//2871 2002//2871
f 2002//2872 2027//2872 2028//2872
f 2029//2873 2030//2873 2031//2873
f 2030//2874 2032//2874 2031//2874
f 1791//2875 1790//2875 1958//2875
f 1790//2876 2033//2876 1958//2876
f 1958//2877 2033//2877 1956//2877
f 2033//2878 2034//2878 1956//2878
f 1956//2879 2034//2879 1954//2879
f 2034//2880 2035//2880 1954//2880
f 1954//2769 2035//2769 1953//2769
f 2035//2881 2036//2881 1953//2881
f 1953//2767 2036//2767 1952//2767
f 2036//2882 2037//2882 1952//2882
f 1952//2883 2037//2883 2038//2883
f 2037//2884 2031//2884 2038//2884
f 2038//2885 2031//2885 2039//2885
f 2031//2886 2032//2886 2039//2886
f 1784//2887 1783//2887 2040//2887
f 1783//2888 1997//2888 2040//2888
f 2040//2889 1997//2889 2041//2889
f 1997//2890 1998//2890 2041//2890
f 2041//2891 1998//2891 2042//2891
f 1998//2892 1999//2892 2042//2892
f 2042//2893 1999//2893 2043//2893
f 1999//2894 2000//2894 2043//2894
f 2043//2895 2000//2895 2044//2895
f 2000//2836 2001//2836 2044//2836
f 2044//2896 2001//2896 2045//2896
f 2001//2837 2002//2837 2045//2837
f 2045//2897 2002//2897 2046//2897
f 2002//2898 2028//2898 2046//2898
f 2046//2899 2028//2899 2047//2899
f 2048//2900 2049//2900 2050//2900
f 2051//2901 2052//2901 2053//2901
f 2052//2902 2054//2902 2053//2902
f 2053//2903 2054//2903 2055//2903
f 2054//2904 2056//2904 2055//2904
f 2055//2905 2056//2905 2057//2905
f 2056//2906 2058//2906 2057//2906
f 2057//2907 2058//2907 2059//2907
f 2058//2908 2060//2908 2059//2908
f 2059//2909 2060//2909 2061//2909
f 2060//2910 2062//2910 2061//2910
f 2061//2911 2062//2911 2063//2911
f 2062//2912 2064//2912 2063//2912
f 2063//2913 2064//2913 2065//2913
f 2064//2914 2048//2914 2065//2914
f 2065//2915 2048//2915 1825//2915
f 2048//2916 2050//2916 1825//2916
f 1825//2917 2050//2917 1826//2917
f 2029//2918 2066//2918 2030//2918
f 2066//2919 2067//2919 2030//2919
f 2030//2919 2067//2919 2032//2919
f 2067//2920 2068//2920 2032//2920
f 2032//2921 2068//2921 2039//2921
f 2068//2922 2069//2922 2039//2922
f 2039//2923 2069//2923 2038//2923
f 2069//2923 2070//2923 2038//2923
f 2038//2924 2070//2924 1952//2924
f 1786//2925 1785//2925 2071//2925
f 1785//2926 2072//2926 2071//2926
f 2071//2927 2072//2927 2073//2927
f 2072//2928 2074//2928 2073//2928
f 2073//2929 2074//2929 2075//2929
f 2074//2930 2076//2930 2075//2930
f 2075//2931 2076//2931 2077//2931
f 2076//2932 2078//2932 2077//2932
f 2077//2933 2078//2933 2079//2933
f 2078//2934 2080//2934 2079//2934
f 2079//2935 2080//2935 2081//2935
f 2080//2936 2082//2936 2081//2936
f 2081//2937 2082//2937 2083//2937
f 2082//2938 2084//2938 2083//2938
f 2083//2939 2084//2939 2085//2939
f 2084//2940 2086//2940 2085//2940
f 2085//2941 2086//2941 2087//2941
f 1785//2926 1784//2926 2072//2926
f 1784//2942 2040//2942 2072//2942
f 2072//2943 2040//2943 2074//2943
f 2040//2944 2041//2944 2074//2944
f 2074//2945 2041//2945 2076//2945
f 2041//2946 2042//2946 2076//2946
f 2076//2947 2042//2947 2078//2947
f 2042//2948 2043//2948 2078//2948
f 2078//2934 2043//2934 2080//2934
f 2043//2949 2044//2949 2080//2949
f 2080//2936 2044//2936 2082//2936
f 2044//2950 2045//2950 2082//2950
f 2082//2951 2045//2951 2084//2951
f 2045//2897 2046//2897 2084//2897
f 2084//2940 2046//2940 2086//2940
f 2046//2952 2047//2952 2086//2952
f 2088//2953 2089//2953 2090//2953
f 2089//2954 2091//2954 2090//2954
f 2090//2955 2091//2955 2092//2955
f 2091//2956 2093//2956 2092//2956
f 2092//2957 2093//2957 2094//2957
f 2093//2958 2095//2958 2094//2958
f 2094//2959 2095//2959 2096//2959
f 2095//2960 2097//2960 2096//2960
f 2096//2961 2097//2961 2098//2961
f 2097//2962 2099//2962 2098//2962
f 2098//2963 2099//2963 2100//2963
f 2099//2964 2101//2964 2100//2964
f 2100//2965 2101//2965 2102//2965
f 2004//2839 2103//2839 2006//2839
f 2103//2966 2104//2966 2006//2966
f 2006//2841 2104//2841 2008//2841
f 2104//2967 2105//2967 2008//2967
f 2008//2968 2105//2968 2010//2968
f 2105//2969 2106//2969 2010//2969
f 2010//2845 2106//2845 2012//2845
f 2106//2970 2107//2970 2012//2970
f 2012//2971 2107//2971 2014//2971
f 2107//2972 2108//2972 2014//2972
f 2014//2973 2108//2973 2016//2973
f 2108//2974 2109//2974 2016//2974
f 2016//2851 2109//2851 2018//2851
f 2109//2975 2110//2975 2018//2975
f 2018//2853 2110//2853 2020//2853
f 2110//2976 1865//2976 2020//2976
f 2020//2855 1865//2855 1806//2855
f 1865//2977 1867//2977 1806//2977
f 1806//2978 1867//2978 1807//2978
f 1819//2979 1820//2979 1817//2979
f 1820//2711 1898//2711 1817//2711
f 1817//2980 1898//2980 1882//2980
f 1898//2981 1900//2981 1882//2981
f 1882//2696 1900//2696 1884//2696
f 1900//2715 1902//2715 1884//2715
f 1884//2982 1902//2982 1886//2982
f 1902//2717 1904//2717 1886//2717
f 1886//2983 1904//2983 1888//2983
f 1904//2984 1906//2984 1888//2984
f 1888//2702 1906//2702 1890//2702
f 1906//2985 1908//2985 1890//2985
f 1890//2704 1908//2704 1892//2704
f 1908//2986 1910//2986 1892//2986
f 1892//2706 1910//2706 1894//2706
f 1910//2725 1912//2725 1894//2725
f 1894//2708 1912//2708 1895//2708
f 1912//2727 1914//2727 1895//2727
f 1895//2829 1914//2829 1847//2829
f 1914//2987 1915//2987 1847//2987
f 1847//2987 1915//2987 1846//2987
f 1896//2710 2003//2710 1897//2710
f 2003//2838 2005//2838 1897//2838
f 1897//2712 2005//2712 1899//2712
f 2005//2988 2007//2988 1899//2988
f 1899//2714 2007//2714 1901//2714
f 2007//2842 2009//2842 1901//2842
f 1901//2716 2009//2716 1903//2716
f 2009//2844 2011//2844 1903//2844
f 1903//2718 2011//2718 1905//2718
f 2011//2846 2013//2846 1905//2846
f 1905//2720 2013//2720 1907//2720
f 2013//2848 2015//2848 1907//2848
f 1907//2722 2015//2722 1909//2722
f 2015//2850 2017//2850 1909//2850
f 1909//2724 2017//2724 1911//2724
f 2017//2852 2019//2852 1911//2852
f 1911//2989 2019//2989 1913//2989
f 2019//2854 2021//2854 1913//2854
f 1913//2728 2021//2728 1915//2728
f 2021//2856 2022//2856 1915//2856
f 1915//2990 2022//2990 1846//2990
f 2022//2990 1996//2990 1846//2990
f 1846//2991 1996//2991 1844//2991
f 1996//2991 1994//2991 1844//2991
f 1844//2992 1994//2992 1842//2992
f 1994//2992 1992//2992 1842//2992
f 1842//2993 1992//2993 1840//2993
f 1992//2993 1990//2993 1840//2993
f 1840//2994 1990//2994 2111//2994
f 1990//2995 1989//2995 2111//2995
f 2111//2996 1989//2996 2112//2996
f 2113//2997 1821//2997 2114//2997
f 1821//2997 1819//2997 2114//2997
f 2114//2998 1819//2998 2115//2998
f 1819//2998 1818//2998 2115//2998
f 2115//2999 1818//2999 2116//2999
f 1818//2693 1881//2693 2116//2693
f 2116//3000 1881//3000 2117//3000
f 1881//2695 1883//2695 2117//2695
f 2117//3001 1883//3001 2118//3001
f 1883//3002 1885//3002 2118//3002
f 2118//3003 1885//3003 2119//3003
f 1885//3004 1887//3004 2119//3004
f 2119//3005 1887//3005 2120//3005
f 1887//2701 1889//2701 2120//2701
f 2120//3006 1889//3006 2121//3006
f 1889//3007 1891//3007 2121//3007
f 2121//3008 1891//3008 2122//3008
f 1891//2705 1893//2705 2122//2705
f 2122//3009 1893//3009 2123//3009
f 1893//2707 1848//2707 2123//2707
f 2123//3010 1848//3010 2124//3010
f 1848//3010 1850//3010 2124//3010
f 2124//3011 1850//3011 2125//3011
f 1850//3011 1852//3011 2125//3011
f 2125//3012 1852//3012 2126//3012
f 1852//3013 1853//3013 2126//3013
f 2126//3014 1853//3014 2127//3014
f 1853//2826 1841//2826 2127//2826
f 2127//3015 1841//3015 1839//3015
f 1841//3016 1840//3016 1839//3016
f 1839//3017 1840//3017 1835//3017
f 1840//2994 2111//2994 1835//2994
f 1835//2660 2111//2660 1834//2660
f 2111//3018 2112//3018 1834//3018
f 1834//3019 2112//3019 1799//3019
f 2047//3020 2128//3020 2086//3020
f 2128//3021 2129//3021 2086//3021
f 2086//3022 2129//3022 2087//3022
f 2129//3023 2130//3023 2087//3023
f 2087//3024 2130//3024 2131//3024
f 1787//3025 1786//3025 2132//3025
f 1786//2925 2071//2925 2132//2925
f 2132//3026 2071//3026 2133//3026
f 2071//3027 2073//3027 2133//3027
f 2133//3028 2073//3028 2134//3028
f 2073//3029 2075//3029 2134//3029
f 2134//3030 2075//3030 2135//3030
f 2075//3031 2077//3031 2135//3031
f 2135//3032 2077//3032 2136//3032
f 2077//2933 2079//2933 2136//2933
f 2136//3033 2079//3033 2137//3033
f 2079//3034 2081//3034 2137//3034
f 2137//3035 2081//3035 2138//3035
f 2081//2937 2083//2937 2138//2937
f 2138//3036 2083//3036 2139//3036
f 2083//3037 2085//3037 2139//3037
f 2139//3038 2085//3038 2140//3038
f 2085//2941 2087//2941 2140//2941
f 2140//3039 2087//3039 2141//3039
f 2087//3040 2131//3040 2141//3040
f 2141//3041 2131//3041 2142//3041
f 2143//3042 1815//3042 2144//3042
f 1815//2653 1803//2653 2144//2653
f 2144//3043 1803//3043 2145//3043
f 1803//3044 1805//3044 2145//3044
f 2145//3045 1805//3045 2146//3045
f 2089//3046 2147//3046 2091//3046
f 2147//3047 2148//3047 2091//3047
f 2091//2956 2148//2956 2093//2956
f 2148//3048 2149//3048 2093//3048
f 2093//2958 2149//2958 2095//2958
f 2149//3049 2150//3049 2095//3049
f 2095//3050 2150//3050 2097//3050
f 2150//3051 1822//3051 2097//3051
f 2097//2962 1822//2962 2099//2962
f 1822//3052 1824//3052 2099//3052
f 2099//3053 1824//3053 2101//3053
f 2052//2902 2088//2902 2054//2902
f 2088//2953 2090//2953 2054//2953
f 2054//2904 2090//2904 2056//2904
f 2090//3054 2092//3054 2056//3054
f 2056//2906 2092//2906 2058//2906
f 2092//2957 2094//2957 2058//2957
f 2058//2908 2094//2908 2060//2908
f 2094//2959 2096//2959 2060//2959
f 2060//3055 2096//3055 2062//3055
f 2096//2961 2098//2961 2062//2961
f 2062//2912 2098//2912 2064//2912
f 2098//2963 2100//2963 2064//2963
f 2064//2914 2100//2914 2048//2914
f 2100//3056 2102//3056 2048//3056
f 2048//3057 2102//3057 2049//3057
f 1788//3058 1787//3058 2151//3058
f 1787//3025 2132//3025 2151//3025
f 2151//3059 2132//3059 2152//3059
f 2132//3060 2133//3060 2152//3060
f 2152//3061 2133//3061 2153//3061
f 2133//3062 2134//3062 2153//3062
f 2153//3063 2134//3063 2154//3063
f 2134//3064 2135//3064 2154//3064
f 2154//3065 2135//3065 2155//3065
f 2135//3032 2136//3032 2155//3032
f 2155//3066 2136//3066 2156//3066
f 2136//3033 2137//3033 2156//3033
f 2156//3067 2137//3067 2157//3067
f 2137//3068 2138//3068 2157//3068
f 2157//3069 2138//3069 2158//3069
f 2138//3070 2139//3070 2158//3070
f 2158//3071 2139//3071 2159//3071
f 2139//3072 2140//3072 2159//3072
f 2159//3073 2140//3073 2160//3073
f 2140//3074 2141//3074 2160//3074
f 2160//3075 2141//3075 2161//3075
f 2141//3076 2142//3076 2161//3076
f 2161//3077 2142//3077 2162//3077
f 1919//3078 1921//3078 2163//3078
f 1921//3079 1922//3079 2163//3079
f 2163//3080 1922//3080 2164//3080
f 1922//3081 1923//3081 2164//3081
f 2164//3081 1923//3081 2165//3081
f 1923//3082 1932//3082 2165//3082
f 2165//3083 1932//3083 2166//3083
f 1932//3084 2167//3084 2166//3084
f 2166//3084 2167//3084 2168//3084
f 2167//3085 2169//3085 2168//3085
f 2168//3086 2169//3086 2170//3086
f 2169//3087 2143//3087 2170//3087
f 2170//3088 2143//3088 2171//3088
f 2143//3042 2144//3042 2171//3042
f 2171//3089 2144//3089 2172//3089
f 2144//3043 2145//3043 2172//3043
f 2172//3090 2145//3090 2173//3090
f 2145//3091 2146//3091 2173//3091
f 2173//3092 2146//3092 2174//3092
f 2175//3093 2176//3093 2177//3093
f 2176//3094 2178//3094 2177//3094
f 2177//3095 2178//3095 2179//3095
f 2178//3096 2180//3096 2179//3096
f 2179//3097 2180//3097 2181//3097
f 2180//3098 2182//3098 2181//3098
f 2181//3099 2182//3099 2183//3099
f 2182//3100 2184//3100 2183//3100
f 2183//3101 2184//3101 2185//3101
f 2184//3102 2186//3102 2185//3102
f 2185//3103 2186//3103 2187//3103
f 2186//3104 2188//3104 2187//3104
f 2187//3105 2188//3105 2189//3105
f 1789//3106 1788//3106 2190//3106
f 1788//3107 2151//3107 2190//3107
f 2190//3108 2151//3108 2191//3108
f 2151//3109 2152//3109 2191//3109
f 2191//3110 2152//3110 2192//3110
f 2152//3111 2153//3111 2192//3111
f 2192//3112 2153//3112 2193//3112
f 2153//3063 2154//3063 2193//3063
f 2193//3113 2154//3113 2194//3113
f 2154//3065 2155//3065 2194//3065
f 2194//3114 2155//3114 2195//3114
f 2155//3115 2156//3115 2195//3115
f 2195//3116 2156//3116 2196//3116
f 2156//3117 2157//3117 2196//3117
f 2196//3118 2157//3118 2197//3118
f 2157//3119 2158//3119 2197//3119
f 2197//3120 2158//3120 2198//3120
f 2158//3121 2159//3121 2198//3121
f 2198//3122 2159//3122 2199//3122
f 2159//3123 2160//3123 2199//3123
f 2199//3124 2160//3124 2200//3124
f 2160//3125 2161//3125 2200//3125
f 2200//3126 2161//3126 2201//3126
f 2161//3127 2162//3127 2201//3127
f 2201//3128 2162//3128 2202//3128
f 2203//3129 2204//3129 2205//3129
f 2204//3130 2206//3130 2205//3130
f 2205//3131 2206//3131 2207//3131
f 2206//3132 2208//3132 2207//3132
f 2207//3133 2208//3133 2209//3133
f 2208//3134 2210//3134 2209//3134
f 2209//3134 2210//3134 2211//3134
f 2210//3135 2212//3135 2211//3135
f 2211//3135 2212//3135 2213//3135
f 2212//3136 2214//3136 2213//3136
f 2213//3137 2214//3137 2215//3137
f 1935//3138 2216//3138 1934//3138
f 2216//3139 2217//3139 1934//3139
f 1934//3140 2217//3140 1933//3140
f 2217//3141 2203//3141 1933//3141
f 1933//2739 2203//2739 1932//2739
f 2203//3142 2205//3142 1932//3142
f 1932//3143 2205//3143 2167//3143
f 2205//3144 2207//3144 2167//3144
f 2167//3145 2207//3145 2169//3145
f 2207//3133 2209//3133 2169//3133
f 2169//3087 2209//3087 2143//3087
f 2209//3146 2211//3146 2143//3146
f 2143//3146 2211//3146 1815//3146
f 2211//3147 2213//3147 1815//3147
f 1815//3147 2213//3147 1816//3147
f 2213//3148 2215//3148 1816//3148
f 1816//3149 2215//3149 1917//3149
f 2176//3150 2218//3150 2178//3150
f 2218//3151 2219//3151 2178//3151
f 2178//3152 2219//3152 2180//3152
f 2219//3153 2220//3153 2180//3153
f 2180//3154 2220//3154 2182//3154
f 2220//3155 2221//3155 2182//3155
f 2182//3100 2221//3100 2184//3100
f 2221//3156 2222//3156 2184//3156
f 2184//3102 2222//3102 2186//3102
f 2222//3157 2223//3157 2186//3157
f 2186//3158 2223//3158 2188//3158
f 1790//2876 1789//2876 2033//2876
f 1789//3159 2190//3159 2033//3159
f 2033//3160 2190//3160 2034//3160
f 2190//3161 2191//3161 2034//3161
f 2034//3162 2191//3162 2035//3162
f 2191//3163 2192//3163 2035//3163
f 2035//3164 2192//3164 2036//3164
f 2192//3112 2193//3112 2036//3112
f 2036//2882 2193//2882 2037//2882
f 2193//3113 2194//3113 2037//3113
f 2037//3165 2194//3165 2031//3165
f 2194//3166 2195//3166 2031//3166
f 2031//3167 2195//3167 2029//3167
f 2195//3168 2196//3168 2029//3168
f 2029//3169 2196//3169 2224//3169
f 2196//3170 2197//3170 2224//3170
f 2224//3171 2197//3171 2225//3171
f 2197//3120 2198//3120 2225//3120
f 2225//3172 2198//3172 2226//3172
f 2198//3122 2199//3122 2226//3122
f 2226//3173 2199//3173 2227//3173
f 2199//3124 2200//3124 2227//3124
f 2227//3174 2200//3174 2228//3174
f 2200//3126 2201//3126 2228//3126
f 2228//3175 2201//3175 2229//3175
f 2201//3176 2202//3176 2229//3176
f 2229//3177 2202//3177 2230//3177
f 2231//3178 1927//3178 2232//3178
f 1927//3179 1929//3179 2232//3179
f 2232//3180 1929//3180 2233//3180
f 1929//3181 2234//3181 2233//3181
f 2235//3182 2236//3182 2237//3182
f 2236//3183 2238//3183 2237//3183
f 2237//3184 2238//3184 2239//3184
f 1928//3185 2239//3185 1930//3185
f 2239//3185 2238//3185 1930//3185
f 1930//3186 2238//3186 1931//3186
f 2238//3187 2236//3187 1931//3187
f 1931//3188 2236//3188 2240//3188
f 2236//3189 2235//3189 2240//3189
f 2240//3189 2235//3189 2241//3189
f 2235//3190 2242//3190 2241//3190
f 2216//3191 2243//3191 2217//3191
f 2243//3192 2242//3192 2217//3192
f 2217//3193 2242//3193 2203//3193
f 2242//3194 2235//3194 2203//3194
f 2203//3195 2235//3195 2204//3195
f 2235//3196 2237//3196 2204//3196
f 2204//3130 2237//3130 2206//3130
f 2237//3197 2239//3197 2206//3197
f 2206//3132 2239//3132 2208//3132
f 2239//3198 1928//3198 2208//3198
f 2208//3198 1928//3198 2210//3198
f 1928//3199 1927//3199 2210//3199
f 2210//3199 1927//3199 2212//3199
f 1927//3200 2231//3200 2212//3200
f 2212//3201 2231//3201 2214//3201
f 2218//3202 2244//3202 2219//3202
f 2244//3203 2245//3203 2219//3203
f 2219//3204 2245//3204 2220//3204
f 2245//3205 2246//3205 2220//3205
f 2220//3206 2246//3206 2221//3206
f 2246//3207 2247//3207 2221//3207
f 2221//3208 2247//3208 2222//3208
f 2247//3209 2248//3209 2222//3209
f 2222//3210 2248//3210 2223//3210
f 2248//3211 2113//3211 2223//3211
f 2223//3212 2113//3212 2188//3212
f 2113//3213 2114//3213 2188//3213
f 2188//3214 2114//3214 2189//3214
f 2114//3214 2115//3214 2189//3214
f 2189//3215 2115//3215 2249//3215
f 2115//2999 2116//2999 2249//2999
f 2249//3216 2116//3216 2250//3216
f 2116//3000 2117//3000 2250//3000
f 2250//3217 2117//3217 2251//3217
f 2117//3001 2118//3001 2251//3001
f 2251//3218 2118//3218 2252//3218
f 2118//3003 2119//3003 2252//3003
f 2252//3219 2119//3219 2253//3219
f 2119//3220 2120//3220 2253//3220
f 2253//3221 2120//3221 1830//3221
f 2120//3222 2121//3222 1830//3222
f 1830//2658 2121//2658 1828//2658
f 2121//3223 2122//3223 1828//3223
f 1828//2681 2122//2681 1868//2681
f 2122//3009 2123//3009 1868//3009
f 1868//3224 2123//3224 1869//3224
f 2123//3225 2124//3225 1869//3225
f 1869//3226 2124//3226 1870//3226
f 2124//3226 2125//3226 1870//3226
f 1870//3227 2125//3227 1871//3227
f 2125//3228 2126//3228 1871//3228
f 1871//3229 2126//3229 1966//3229
f 2126//3014 2127//3014 1966//3014
f 1966//3230 2127//3230 1965//3230
f 2127//3231 1839//3231 1965//3231
f 1965//3232 1839//3232 1964//3232
f 1839//3232 1838//3232 1964//3232
f 1964//3233 1838//3233 1809//3233
f 1838//3234 1833//3234 1809//3234
f 1809//3235 1833//3235 1810//3235
f 1833//3235 1832//3235 1810//3235
f 1810//3236 1832//3236 1795//3236
f 1832//3236 1796//3236 1795//3236
f 2254//3237 2255//3237 2256//3237
f 2255//3238 2257//3238 2256//3238
f 2256//3239 2257//3239 2258//3239
f 2257//3240 2259//3240 2258//3240
f 2258//3241 2259//3241 2260//3241
f 2259//3242 2261//3242 2260//3242
f 2260//3243 2261//3243 2262//3243
f 2261//3244 2263//3244 2262//3244
f 2262//3245 2263//3245 2264//3245
f 2263//3246 2265//3246 2264//3246
f 2264//3247 2265//3247 2266//3247
f 2265//3248 2267//3248 2266//3248
f 2266//3249 2267//3249 2268//3249
f 2267//3250 2269//3250 2268//3250
f 2268//3251 2269//3251 2270//3251
f 2269//3252 2271//3252 2270//3252
f 2270//3252 2271//3252 2272//3252
f 2271//3253 2273//3253 2272//3253
f 2272//3254 2273//3254 2274//3254
f 2273//3255 2275//3255 2274//3255
f 2274//3256 2275//3256 1880//3256
f 2275//3257 2276//3257 1880//3257
f 1880//2692 2276//2692 1879//2692
f 2276//3258 2277//3258 1879//3258
f 1879//2690 2277//2690 1878//2690
f 2277//3259 2278//3259 1878//3259
f 1878//3260 2278//3260 1877//3260
f 2278//3261 1983//3261 1877//3261
f 1983//2811 1972//2811 1877//2811
f 1972//3262 1863//3262 1877//3262
f 1877//3262 1863//3262 1872//3262
f 1863//3263 1862//3263 1872//3263
f 1872//3263 1862//3263 1873//3263
f 1862//3264 1952//3264 1873//3264
f 1873//3265 1952//3265 1875//3265
f 1952//3266 2070//3266 1875//3266
f 1875//3267 2070//3267 1876//3267
f 2070//3268 2069//3268 1876//3268
f 1876//3269 2069//3269 1880//3269
f 2069//3270 2068//3270 1880//3270
f 1880//3271 2068//3271 2274//3271
f 2068//2920 2067//2920 2274//2920
f 2274//3254 2067//3254 2272//3254
f 2067//3272 2066//3272 2272//3272
f 2272//3272 2066//3272 2270//3272
f 2066//3273 2029//3273 2270//3273
f 2270//3274 2029//3274 2268//3274
f 2029//3275 2224//3275 2268//3275
f 2268//3276 2224//3276 2266//3276
f 2224//3171 2225//3171 2266//3171
f 2266//3247 2225//3247 2264//3247
f 2225//3277 2226//3277 2264//3277
f 2264//3278 2226//3278 2262//3278
f 2226//3279 2227//3279 2262//3279
f 2262//3243 2227//3243 2260//3243
f 2227//3174 2228//3174 2260//3174
f 2260//3241 2228//3241 2258//3241
f 2228//3280 2229//3280 2258//3280
f 2258//3281 2229//3281 2256//3281
f 2229//3282 2230//3282 2256//3282
f 2256//3283 2230//3283 2254//3283
f 2279//3284 2234//3284 2280//3284
f 2234//3285 2281//3285 2280//3285
f 2280//3286 2281//3286 2282//3286
f 1919//3287 1918//3287 1921//3287
f 1918//3288 2283//3288 1921//3288
f 1921//3288 2283//3288 1813//3288
f 2283//3289 2284//3289 1813//3289
f 1813//3289 2284//3289 1814//3289
f 2284//3290 2285//3290 1814//3290
f 1814//3291 2285//3291 1935//3291
f 1936//3292 1946//3292 1937//3292
f 1946//3293 1945//3293 1937//3293
f 1937//3294 1945//3294 1939//3294
f 1945//3295 1947//3295 1939//3295
f 1939//3296 1947//3296 1940//3296
f 1947//3297 2286//3297 1940//3297
f 1940//3298 2286//3298 1943//3298
f 2286//3299 2287//3299 1943//3299
f 1802//3300 2288//3300 2289//3300
f 2288//3301 2290//3301 2289//3301
f 2289//3302 2290//3302 2291//3302
f 2290//3303 2292//3303 2291//3303
f 2291//3304 2292//3304 2293//3304
f 2292//3305 2294//3305 2293//3305
f 2293//3306 2294//3306 2295//3306
f 2294//3307 2296//3307 2295//3307
f 2255//3238 2175//3238 2257//3238
f 2175//3308 2177//3308 2257//3308
f 2257//3309 2177//3309 2259//3309
f 2177//3310 2179//3310 2259//3310
f 2259//3242 2179//3242 2261//3242
f 2179//3311 2181//3311 2261//3311
f 2261//3244 2181//3244 2263//3244
f 2181//3312 2183//3312 2263//3312
f 2263//3313 2183//3313 2265//3313
f 2183//3101 2185//3101 2265//3101
f 2265//3248 2185//3248 2267//3248
f 2185//3314 2187//3314 2267//3314
f 2267//3315 2187//3315 2269//3315
f 2187//3316 2189//3316 2269//3316
f 2269//3316 2189//3316 2271//3316
f 2189//3215 2249//3215 2271//3215
f 2271//3317 2249//3317 2273//3317
f 2249//3216 2250//3216 2273//3216
f 2273//3318 2250//3318 2275//3318
f 2250//3217 2251//3217 2275//3217
f 2275//3319 2251//3319 2276//3319
f 2251//3320 2252//3320 2276//3320
f 2276//3258 2252//3258 2277//3258
f 2252//3219 2253//3219 2277//3219
f 2277//3259 2253//3259 2278//3259
f 2253//3321 1830//3321 2278//3321
f 2278//3322 1830//3322 1983//3322
f 1830//3322 1829//3322 1983//3322
f 1983//3323 1829//3323 1982//3323
f 1829//3323 1861//3323 1982//3323
f 1982//3324 1861//3324 1981//3324
f 1861//3325 1859//3325 1981//3325
f 1981//3326 1859//3326 1980//3326
f 1859//3327 1857//3327 1980//3327
f 1980//2808 1857//2808 1979//2808
f 1857//2675 1855//2675 1979//2675
f 1979//2806 1855//2806 1978//2806
f 1855//3328 1836//3328 1978//3328
f 1978//3329 1836//3329 1977//3329
f 1836//3330 1811//3330 1977//3330
f 1977//2803 1811//2803 1794//2803
f 1811//2651 1795//2651 1794//2651
f 2297//3331 2279//3331 2298//3331
f 2279//3332 2280//3332 2298//3332
f 2298//3333 2280//3333 2299//3333
f 2280//3334 2282//3334 2299//3334
f 2299//3335 2282//3335 2300//3335
f 2301//3336 2302//3336 2303//3336
f 2302//3337 2300//3337 2303//3337
f 2303//3338 2300//3338 2304//3338
f 2300//3339 2282//3339 2304//3339
f 2305//3340 2301//3340 2306//3340
f 2301//3341 2303//3341 2306//3341
f 2306//3342 2303//3342 2307//3342
f 2303//3343 2304//3343 2307//3343
f 2307//3343 2304//3343 2308//3343
f 2304//3344 2282//3344 2308//3344
f 2234//3345 1929//3345 2281//3345
f 1929//2738 1931//2738 2281//2738
f 2281//3286 1931//3286 2282//3286
f 1931//3346 2240//3346 2282//3346
f 2282//3347 2240//3347 2308//3347
f 2240//3348 2241//3348 2308//3348
f 2308//3349 2241//3349 2307//3349
f 2241//3350 2242//3350 2307//3350
f 2307//3351 2242//3351 2306//3351
f 2242//3352 2243//3352 2306//3352
f 2306//3353 2243//3353 2305//3353
f 2243//3354 2216//3354 2305//3354
f 2305//3355 2216//3355 2309//3355
f 2216//3356 1935//3356 2309//3356
f 2309//3357 1935//3357 2287//3357
f 1935//3358 2285//3358 2287//3358
f 2287//3359 2285//3359 1943//3359
f 2285//3360 2284//3360 1943//3360
f 1943//3361 2284//3361 1942//3361
f 2284//3362 2283//3362 1942//3362
f 1942//3363 2283//3363 1941//3363
f 2283//3364 1918//3364 1941//3364
f 1941//3364 1918//3364 1924//3364
f 1918//2732 1920//2732 1924//2732
f 1924//3365 1920//3365 1925//3365
f 1802//3366 1801//3366 2288//3366
f 1801//3367 1944//3367 2288//3367
f 2288//3368 1944//3368 2290//3368
f 1944//3369 1946//3369 2290//3369
f 2290//3370 1946//3370 2292//3370
f 1946//3371 1936//3371 2292//3371
f 2292//3305 1936//3305 2294//3305
f 1936//3372 1925//3372 2294//3372
f 2294//3373 1925//3373 2296//3373
f 1925//3307 1920//3307 2296//3307
f 2296//3374 1920//3374 2310//3374
f 1920//3375 1919//3375 2310//3375
f 2310//3376 1919//3376 2311//3376
f 1919//3377 2163//3377 2311//3377
f 2311//3378 2163//3378 2051//3378
f 2163//3379 2164//3379 2051//3379
f 2051//3379 2164//3379 2052//3379
f 2164//3380 2165//3380 2052//3380
f 2052//3380 2165//3380 2088//3380
f 2165//3381 2166//3381 2088//3381
f 2088//3382 2166//3382 2089//3382
f 2166//3383 2168//3383 2089//3383
f 2089//3383 2168//3383 2147//3383
f 2168//3086 2170//3086 2147//3086
f 2147//3047 2170//3047 2148//3047
f 2170//3384 2171//3384 2148//3384
f 2148//3385 2171//3385 2149//3385
f 2171//3089 2172//3089 2149//3089
f 2149//3049 2172//3049 2150//3049
f 2172//3090 2173//3090 2150//3090
f 2150//3386 2173//3386 1822//3386
f 2173//3387 2174//3387 1822//3387
f 1822//3388 2174//3388 1823//3388
f 2312//3389 1800//3389 2313//3389
f 1800//3390 1802//3390 2313//3390
f 2313//3391 1802//3391 2314//3391
f 1802//3392 2289//3392 2314//3392
f 2314//3393 2289//3393 2315//3393
f 2289//3394 2291//3394 2315//3394
f 2315//3395 2291//3395 2316//3395
f 2291//3396 2293//3396 2316//3396
f 2316//3397 2293//3397 2317//3397
f 2293//3398 2295//3398 2317//3398
f 2317//3399 2295//3399 2318//3399
f 2295//3400 2296//3400 2318//3400
f 2318//3400 2296//3400 2319//3400
f 2296//3401 2310//3401 2319//3401
f 2319//3402 2310//3402 2320//3402
f 2310//3403 2311//3403 2320//3403
f 2320//3403 2311//3403 2321//3403
f 2311//3404 2051//3404 2321//3404
f 2321//3404 2051//3404 2322//3404
f 2051//2901 2053//2901 2322//2901
f 2322//3405 2053//3405 2323//3405
f 2053//3406 2055//3406 2323//3406
f 2323//3407 2055//3407 2324//3407
f 2055//2905 2057//2905 2324//2905
f 2324//3408 2057//3408 2325//3408
f 2057//2907 2059//2907 2325//2907
f 2325//3409 2059//3409 2326//3409
f 2059//3410 2061//3410 2326//3410
f 2326//3411 2061//3411 2327//3411
f 2061//3412 2063//3412 2327//3412
f 2327//3413 2063//3413 2328//3413
f 2063//3414 2065//3414 2328//3414
f 2328//3415 2065//3415 2329//3415
f 2065//3416 1825//3416 2329//3416
f 2329//3417 1825//3417 2330//3417
f 1825//3418 1827//3418 2330//3418
f 2330//3419 1827//3419 1866//3419
f 1866//3420 1865//3420 2330//3420
f 1865//2976 2110//2976 2330//2976
f 2330//3417 2110//3417 2329//3417
f 2110//2975 2109//2975 2329//2975
f 2329//3421 2109//3421 2328//3421
f 2109//2974 2108//2974 2328//2974
f 2328//3413 2108//3413 2327//3413
f 2108//2972 2107//2972 2327//2972
f 2327//3422 2107//3422 2326//3422
f 2107//2970 2106//2970 2326//2970
f 2326//3409 2106//3409 2325//3409
f 2106//2969 2105//2969 2325//2969
f 2325//3423 2105//3423 2324//3423
f 2105//2967 2104//2967 2324//2967
f 2324//3407 2104//3407 2323//3407
f 2104//2966 2103//2966 2323//2966
f 2323//3405 2103//3405 2322//3405
f 2103//3424 2004//3424 2322//3424
f 2322//3424 2004//3424 2321//3424
f 2004//3425 2003//3425 2321//3425
f 2321//3426 2003//3426 2320//3426
f 2003//3427 1896//3427 2320//3427
f 2320//3428 1896//3428 2319//3428
f 1896//3429 1821//3429 2319//3429
f 2319//3429 1821//3429 2318//3429
f 1821//3430 2113//3430 2318//3430
f 2318//3431 2113//3431 2317//3431
f 2113//3432 2248//3432 2317//3432
f 2317//3433 2248//3433 2316//3433
f 2248//3209 2247//3209 2316//3209
f 2316//3434 2247//3434 2315//3434
f 2247//3207 2246//3207 2315//3207
f 2315//3435 2246//3435 2314//3435
f 2246//3436 2245//3436 2314//3436
f 2314//3437 2245//3437 2313//3437
f 2245//3438 2244//3438 2313//3438
f 2313//3439 2244//3439 2312//3439
f 2244//3440 2218//3440 2312//3440
f 2312//3441 2218//3441 2331//3441
f 2218//3442 2176//3442 2331//3442
f 2331//3443 2176//3443 2332//3443
f 2176//3444 2175//3444 2332//3444
f 2332//3445 2175//3445 2333//3445
f 2175//3446 2255//3446 2333//3446
f 2333//3447 2255//3447 2334//3447
f 2255//3448 2254//3448 2334//3448
f 2334//3449 2254//3449 2335//3449
f 1381//3450 1380//3450 2336//3450
f 2336//3451 2337//3451 1381//3451
f 2337//3452 2338//3452 1381//3452
f 1381//3453 2338//3453 1383//3453
f 2338//3454 2339//3454 1383//3454
f 1383//3455 2339//3455 2340//3455
f 1378//3456 2341//3456 1380//3456
f 2341//3457 2342//3457 1380//3457
f 1380//3458 2342//3458 2336//3458
f 1378//3459 1377//3459 2341//3459
f 1377//3460 1393//3460 2341//3460
f 2341//3461 1393//3461 2343//3461
f 1436//3462 1232//3462 2344//3462
f 2344//3463 2345//3463 1436//3463
f 2345//3464 2346//3464 1436//3464
f 1436//3465 2346//3465 1393//3465
f 2346//3466 2347//3466 1393//3466
f 1393//3467 2347//3467 2343//3467
f 1540//3468 1541//3468 2348//3468
f 2348//3469 2349//3469 1540//3469
f 2349//3470 2350//3470 1540//3470
f 1540//3471 2350//3471 1232//3471
f 2350//3472 2351//3472 1232//3472
f 1232//3473 2351//3473 2344//3473
f 1584//3474 1603//3474 2352//3474
f 2352//3475 2353//3475 1584//3475
f 2353//3476 2354//3476 1584//3476
f 1584//3477 2354//3477 1541//3477
f 2354//3478 2355//3478 1541//3478
f 1541//3479 2355//3479 2348//3479
f 2356//3480 2357//3480 1617//3480
f 2357//3481 2358//3481 1617//3481
f 1617//3482 2358//3482 1603//3482
f 2358//3483 2359//3483 1603//3483
f 1603//3484 2359//3484 2352//3484
f 1617//3485 1616//3485 2356//3485
f 1616//3486 1669//3486 2356//3486
f 2356//3487 1669//3487 2360//3487
f 1669//3488 2361//3488 2360//3488
f 1669//3489 1236//3489 2361//3489
f 1236//3490 1373//3490 2361//3490
f 2361//3491 1373//3491 2362//3491
f 1373//3492 2363//3492 2362//3492
f 1373//3493 1374//3493 2363//3493
f 1374//3494 1375//3494 2363//3494
f 2363//3495 1375//3495 2364//3495
f 1375//3496 1376//3496 2364//3496
f 2364//3497 1376//3497 2365//3497
f 2651//3502 2650//3502 2632//3502 2633//3502
f 2613//3504 2612//3504 2600//3504 2601//3504
f 2657//3510 2656//3510 2590//3510 2591//3510
f 2635//3512 2634//3512 2588//3512 2589//3512
f 2607//3514 2606//3514 2584//3514 2585//3514
f 2661//3515 2660//3515 2642//3515 2643//3515
f 2649//3500 2648//3500 2630//3500 2631//3500
f 2563//3530 2562//3530 2676//3530 2677//3530
f 2665//3506 2664//3506 2646//3506 2647//3506
f 659//3534 1376//3534 1229//3534
f 1749//3535 1750//3535 621//3535
f 621//3535 1201//3535 1749//3535
f 1201//3536 1202//3536 1749//3536
f 1749//3537 1202//3537 1748//3537
f 1202//3538 1203//3538 1748//3538
f 1203//3539 1204//3539 1748//3539
f 1748//3540 1204//3540 1623//3540
f 1204//3541 1205//3541 1623//3541
f 1623//3542 1205//3542 1334//3542
f 1205//3542 1206//3542 1334//3542
f 1206//3543 1207//3543 1334//3543
f 1334//3544 1207//3544 1335//3544
f 1207//3545 1208//3545 1335//3545
f 1335//3546 1208//3546 1329//3546
f 1208//3546 1209//3546 1329//3546
f 1329//3547 1209//3547 1330//3547
f 1209//3547 1210//3547 1330//3547
f 1330//3548 1210//3548 1332//3548
f 1210//3549 1126//3549 1332//3549
f 681//3550 1307//3550 1126//3550
f 1307//3551 1596//3551 1126//3551
f 1126//3552 1596//3552 1332//3552
f 680//3553 1303//3553 681//3553
f 1303//3554 1305//3554 681//3554
f 681//3555 1305//3555 1307//3555
f 688//3556 1225//3556 689//3556
f 1225//3557 1302//3557 689//3557
f 689//3558 1302//3558 817//3558
f 1302//3558 1301//3558 817//3558
f 817//3559 1301//3559 815//3559
f 1301//3559 1544//3559 815//3559
f 815//3560 1544//3560 813//3560
f 1544//3560 1543//3560 813//3560
f 813//3561 1543//3561 680//3561
f 1543//3561 1602//3561 680//3561
f 680//3562 1602//3562 1303//3562
f 697//3563 1253//3563 698//3563
f 1253//3564 1765//3564 698//3564
f 698//3565 1765//3565 759//3565
f 1765//3565 1511//3565 759//3565
f 759//3566 1511//3566 688//3566
f 1511//3566 1226//3566 688//3566
f 688//3567 1226//3567 1225//3567
f 1272//3568 1274//3568 708//3568
f 1274//3569 1471//3569 708//3569
f 708//3570 1471//3570 697//3570
f 1471//3571 1254//3571 697//3571
f 697//3572 1254//3572 1253//3572
f 708//3568 1049//3568 1272//3568
f 1049//3573 1012//3573 1272//3573
f 1272//3574 1012//3574 1445//3574
f 1012//3575 730//3575 1445//3575
f 1445//3576 730//3576 1416//3576
f 730//3576 729//3576 1416//3576
f 729//3577 1015//3577 1416//3577
f 1416//3578 1015//3578 1397//3578
f 1015//3579 727//3579 1397//3579
f 1397//3580 727//3580 1228//3580
f 727//3581 726//3581 1228//3581
f 726//3582 956//3582 1228//3582
f 956//3583 955//3583 1228//3583
f 1228//3584 955//3584 1229//3584
f 955//3585 660//3585 1229//3585
f 1229//3534 660//3534 659//3534
f 2589//3595 2588//3595 2572//3595 2573//3595
f 2676//3597 2592//3597 2593//3597 2677//3597
f 2647//3603 2646//3603 2662//3603 2663//3603
f 2571//3608 2570//3608 2554//3608 2555//3608
f 2587//3610 2586//3610 2570//3610 2571//3610
f 2466//3611 2340//3611 2365//3611
f 2373//3611 2367//3611 2365//3611
f 2367//3611 2467//3611 2365//3611
f 2365//3611 2467//3611 2466//3611
f 2467//3611 2468//3611 2466//3611
f 2466//3611 2468//3611 2469//3611
f 2469//3612 2470//3612 2466//3612
f 2470//3611 2471//3611 2466//3611
f 2466//3611 2471//3611 2472//3611
f 2352//3613 2359//3613 2340//3613
f 2362//3611 2363//3611 2340//3611
f 2363//3611 2364//3611 2340//3611
f 2340//3611 2364//3611 2365//3611
f 2472//3611 2473//3611 2466//3611
f 2473//3611 2474//3611 2466//3611
f 2466//3611 2474//3611 2475//3611
f 2359//3611 2358//3611 2340//3611
f 2358//3611 2357//3611 2340//3611
f 2340//3612 2357//3612 2356//3612
f 2356//3611 2360//3611 2340//3611
f 2360//3611 2361//3611 2340//3611
f 2340//3611 2361//3611 2362//3611
f 2349//3614 2348//3614 2340//3614
f 2348//3613 2355//3613 2340//3613
f 2476//3611 2477//3611 2478//3611
f 2477//3611 2479//3611 2478//3611
f 2478//3615 2479//3615 2475//3615
f 2479//3613 2480//3613 2475//3613
f 2475//3611 2480//3611 2466//3611
f 2355//3613 2354//3613 2340//3613
f 2354//3612 2353//3612 2340//3612
f 2340//3612 2353//3612 2352//3612
f 2476//3616 2478//3616 2481//3616
f 2478//3611 2482//3611 2481//3611
f 2481//3611 2482//3611 2483//3611
f 2349//3613 2340//3613 2350//3613
f 2340//3612 2339//3612 2350//3612
f 2350//3611 2339//3611 2338//3611
f 2338//3617 2337//3617 2350//3617
f 2337//3618 2336//3618 2350//3618
f 2350//3611 2336//3611 2351//3611
f 2346//3619 2336//3619 2342//3619
f 2346//3620 2345//3620 2336//3620
f 2345//3621 2344//3621 2336//3621
f 2336//3622 2344//3622 2351//3622
f 2484//3623 2485//3623 2486//3623
f 2485//3624 2487//3624 2486//3624
f 2483//3611 2488//3611 2481//3611
f 2488//3617 2485//3617 2481//3617
f 2481//3612 2485//3612 2489//3612
f 2485//3611 2484//3611 2489//3611
f 2341//3625 2343//3625 2342//3625
f 2343//3612 2347//3612 2342//3612
f 2342//3626 2347//3626 2346//3626
f 2490//3627 2491//3627 711//3627
f 659//3628 658//3628 2492//3628
f 658//3629 2493//3629 2492//3629
f 2493//3630 658//3630 2491//3630
f 658//3631 712//3631 2491//3631
f 2491//3632 712//3632 711//3632
f 2490//3633 711//3633 2494//3633
f 711//3634 662//3634 2494//3634
f 2494//3635 662//3635 661//3635
f 715//3636 2495//3636 661//3636
f 2495//3637 2496//3637 661//3637
f 661//3638 2496//3638 2494//3638
f 947//3639 2497//3639 720//3639
f 2497//3640 2495//3640 720//3640
f 720//3641 2495//3641 714//3641
f 2495//3642 715//3642 714//3642
f 2498//3643 2499//3643 947//3643
f 2499//3644 2500//3644 947//3644
f 947//3645 2500//3645 2497//3645
f 2501//3646 2502//3646 1041//3646
f 2502//3647 2503//3647 1041//3647
f 1041//3648 2503//3648 957//3648
f 2503//3649 2504//3649 957//3649
f 957//3650 2504//3650 958//3650
f 2504//3651 2505//3651 958//3651
f 958//3652 2505//3652 985//3652
f 2505//3653 2506//3653 985//3653
f 985//3654 2506//3654 986//3654
f 2506//3655 2507//3655 986//3655
f 986//3656 2507//3656 1007//3656
f 2507//3657 2508//3657 1007//3657
f 1007//3658 2508//3658 1072//3658
f 2508//3659 2498//3659 1072//3659
f 1072//3660 2498//3660 948//3660
f 2498//3661 947//3661 948//3661
f 2501//3662 1041//3662 2509//3662
f 1041//3663 1211//3663 2509//3663
f 2509//3664 1211//3664 1087//3664
f 1086//3665 1063//3665 2510//3665
f 2510//3666 2511//3666 1086//3666
f 2511//3667 2512//3667 1086//3667
f 1086//3668 2512//3668 1087//3668
f 2512//3669 2513//3669 1087//3669
f 1087//3670 2513//3670 2509//3670
f 2663//3533 2662//3533 2644//3533 2645//3533
f 2553//3606 2552//3606 2666//3606 2667//3606
f 2569//3673 2568//3673 2552//3673 2553//3673
f 2619//3674 2618//3674 2550//3674 2551//3674
f 2669//3593 2668//3593 2650//3593 2651//3593
f 2615//3601 2614//3601 2602//3601 2603//3601
f 2599//3672 2598//3672 2582//3672 2583//3672
f 2601//3528 2600//3528 2610//3528 2611//3528
f 2583//3519 2582//3519 2566//3519 2567//3519
f 69//3675 1799//3675 70//3675
f 1799//3675 2112//3675 70//3675
f 70//3676 2112//3676 449//3676
f 2112//3677 1989//3677 449//3677
f 449//3678 1989//3678 451//3678
f 451//3679 1989//3679 453//3679
f 1989//3680 1991//3680 453//3680
f 453//3681 1991//3681 455//3681
f 455//3682 1991//3682 457//3682
f 1991//3683 1993//3683 457//3683
f 457//3684 1993//3684 459//3684
f 1993//3685 1995//3685 459//3685
f 459//3686 1995//3686 460//3686
f 1995//3686 2023//3686 460//3686
f 460//3687 2023//3687 461//3687
f 2023//3687 1808//3687 461//3687
f 1808//3688 1807//3688 461//3688
f 461//3689 1807//3689 462//3689
f 1807//3690 1867//3690 462//3690
f 1867//3691 1866//3691 462//3691
f 462//3692 1866//3692 560//3692
f 1866//3693 1827//3693 560//3693
f 1827//3694 1826//3694 560//3694
f 560//3695 1826//3695 561//3695
f 1826//3696 2050//3696 561//3696
f 561//3697 2050//3697 218//3697
f 2050//3697 2049//3697 218//3697
f 218//3698 2049//3698 100//3698
f 2049//3698 2102//3698 100//3698
f 100//3699 2102//3699 101//3699
f 2102//3699 2101//3699 101//3699
f 101//3700 2101//3700 98//3700
f 2101//3700 1824//3700 98//3700
f 1824//3701 1823//3701 98//3701
f 98//3702 1823//3702 99//3702
f 1823//3703 2174//3703 99//3703
f 99//3704 2174//3704 257//3704
f 2174//3704 2146//3704 257//3704
f 257//3705 2146//3705 309//3705
f 2146//3705 1805//3705 309//3705
f 1805//3706 1804//3706 309//3706
f 309//3707 1804//3707 307//3707
f 1804//3708 1916//3708 307//3708
f 1916//3709 1917//3709 307//3709
f 307//3710 1917//3710 304//3710
f 1917//3711 2215//3711 304//3711
f 304//3712 2215//3712 562//3712
f 2215//3713 2214//3713 562//3713
f 562//3714 2214//3714 563//3714
f 563//3715 2214//3715 564//3715
f 2214//3715 2231//3715 564//3715
f 564//3716 2231//3716 555//3716
f 2231//3717 2232//3717 555//3717
f 555//3718 2232//3718 620//3718
f 620//3719 2232//3719 619//3719
f 2232//3719 2233//3719 619//3719
f 619//3720 2233//3720 618//3720
f 2233//3721 2234//3721 618//3721
f 618//3722 2234//3722 617//3722
f 617//3723 2234//3723 616//3723
f 2234//3724 2279//3724 616//3724
f 616//3725 2279//3725 615//3725
f 2279//3726 2297//3726 615//3726
f 615//3726 2297//3726 51//3726
f 2653//3589 2652//3589 2634//3589 2635//3589
f 2551//3526 2550//3526 2664//3526 2665//3526
f 2557//3591 2556//3591 2586//3591 2587//3591
f 2603//3599 2602//3599 2660//3599 2661//3599
f 2549//3517 2548//3517 2658//3517 2659//3517
f 2625//3587 2624//3587 2568//3587 2569//3587
f 2627//3727 2626//3727 2612//3727 2613//3727
f 2585//3508 2584//3508 2648//3508 2649//3508
f 2577//3524 2576//3524 2674//3524 2675//3524
f 2510//3728 8//3728 52//3728
f 2515//3728 2514//3728 52//3728
f 2514//3728 2492//3728 52//3728
f 52//3728 2492//3728 2510//3728
f 2492//3728 2493//3728 2510//3728
f 2510//3728 2493//3728 2491//3728
f 2491//3729 2490//3729 2510//3729
f 2490//3728 2494//3728 2510//3728
f 2510//3728 2494//3728 2496//3728
f 29//3730 37//3730 8//3730
f 44//3728 45//3728 8//3728
f 45//3728 48//3728 8//3728
f 8//3728 48//3728 52//3728
f 2496//3731 2495//3731 2510//3731
f 2495//3728 2497//3728 2510//3728
f 2510//3728 2497//3728 2500//3728
f 37//3731 36//3731 8//3731
f 36//3728 34//3728 8//3728
f 8//3732 34//3732 33//3732
f 33//3728 40//3728 8//3728
f 40//3728 41//3728 8//3728
f 8//3728 41//3728 44//3728
f 24//3732 23//3732 8//3732
f 23//3730 32//3730 8//3730
f 2509//3728 2513//3728 2499//3728
f 2513//3728 2512//3728 2499//3728
f 2499//3733 2512//3733 2500//3733
f 2512//3730 2511//3730 2500//3730
f 2500//3728 2511//3728 2510//3728
f 32//3728 31//3728 8//3728
f 31//3728 30//3728 8//3728
f 8//3731 30//3731 29//3731
f 2509//3734 2499//3734 2501//3734
f 2499//3728 2498//3728 2501//3728
f 2501//3728 2498//3728 2508//3728
f 24//3735 8//3735 25//3735
f 8//3731 7//3731 25//3731
f 25//3729 7//3729 5//3729
f 5//3736 4//3736 25//3736
f 4//3737 3//3737 25//3737
f 25//3738 3//3738 26//3738
f 19//3739 3//3739 11//3739
f 19//3740 18//3740 3//3740
f 18//3741 17//3741 3//3741
f 3//3742 17//3742 26//3742
f 2503//3732 2506//3732 2504//3732
f 2506//3743 2505//3743 2504//3743
f 2508//3728 2507//3728 2501//3728
f 2507//3744 2506//3744 2501//3744
f 2501//3731 2506//3731 2502//3731
f 2506//3728 2503//3728 2502//3728
f 10//3745 14//3745 11//3745
f 14//3746 20//3746 11//3746
f 11//3747 20//3747 19//3747
f 2373//3748 2365//3748 2375//3748
f 2365//3748 1376//3748 2375//3748
f 2375//3748 1376//3748 2453//3748 2645//3748 2644//3748
f 1376//3748 659//3748 2453//3748
f 2453//3748 659//3748 2492//3748
f 2467//3749 2367//3749 2387//3749
f 2515//3749 52//3749 2520//3749
f 52//3749 51//3749 2520//3749
f 2520//3749 51//3749 2387//3749 2594//3749 2595//3749
f 51//3749 2297//3749 2387//3749
f 2387//3749 2297//3749 2467//3749
f 1799//3750 69//3750 1750//3750
f 69//3750 621//3750 1750//3750
f 1775//3498 2466//3498 2335//3498
f 2340//3498 2466//3498 1383//3498
f 2466//3498 1775//3498 1383//3498
f 1383//3498 1775//3498 1773//3498
f 2047//3498 2028//3498 2254//3498
f 2028//3498 2335//3498 2254//3498
f 2028//3498 2027//3498 2335//3498
f 2027//3498 2026//3498 2335//3498
f 2335//3498 2026//3498 2025//3498
f 1494//3498 1476//3498 1772//3498
f 1476//3498 1773//3498 1772//3498
f 2025//3498 2024//3498 2335//3498
f 2024//3498 1950//3498 2335//3498
f 2335//3498 1950//3498 1775//3498
f 1476//3498 1475//3498 1773//3498
f 1475//3498 1474//3498 1773//3498
f 1773//3498 1474//3498 1473//3498
f 1473//3498 1472//3498 1773//3498
f 1472//3498 1384//3498 1773//3498
f 1773//3498 1384//3498 1383//3498
f 2162//3498 2254//3498 2202//3498
f 2254//3498 2230//3498 2202//3498
f 2162//3498 2142//3498 2254//3498
f 2142//3498 2131//3498 2254//3498
f 2254//3498 2131//3498 2130//3498
f 2130//3498 2129//3498 2254//3498
f 2129//3498 2128//3498 2254//3498
f 2254//3498 2128//3498 2047//3498
f 1769//3498 1772//3498 1770//3498
f 1772//3498 1771//3498 1770//3498
f 1769//3498 1768//3498 1772//3498
f 1768//3498 1767//3498 1772//3498
f 1772//3498 1767//3498 1766//3498
f 1766//3498 1222//3498 1772//3498
f 1222//3498 1221//3498 1772//3498
f 1772//3498 1221//3498 1494//3498
f 6//3671 8//3671 2510//3671
f 650//3671 1141//3671 1062//3671
f 1141//3671 1140//3671 1062//3671
f 1062//3671 1140//3671 1194//3671
f 622//3671 1063//3671 645//3671
f 1063//3671 1062//3671 645//3671
f 645//3671 1062//3671 1193//3671
f 1062//3671 1194//3671 1193//3671
f 56//3671 549//3671 414//3671
f 549//3671 548//3671 414//3671
f 414//3671 548//3671 599//3671
f 1085//3671 1050//3671 1062//3671
f 1050//3671 1051//3671 1062//3671
f 1062//3671 1051//3671 1052//3671
f 1052//3671 1053//3671 1062//3671
f 1053//3671 1074//3671 1062//3671
f 1062//3671 1074//3671 1106//3671
f 599//3671 598//3671 414//3671
f 598//3671 54//3671 414//3671
f 414//3671 54//3671 415//3671
f 54//3671 6//3671 415//3671
f 415//3671 6//3671 622//3671
f 6//3671 2510//3671 622//3671
f 622//3671 2510//3671 1063//3671
f 1106//3671 1110//3671 1062//3671
f 1110//3671 651//3671 1062//3671
f 1062//3671 651//3671 650//3671
f 463//3671 464//3671 414//3671
f 464//3671 465//3671 414//3671
f 414//3671 465//3671 466//3671
f 466//3671 467//3671 414//3671
f 467//3671 490//3671 414//3671
f 414//3671 490//3671 496//3671
f 496//3671 504//3671 414//3671
f 504//3671 57//3671 414//3671
f 414//3671 57//3671 56//3671
f 2467//3751 2297//3751 2298//3751
f 2467//3752 2298//3752 2468//3752
f 2298//3753 2299//3753 2468//3753
f 2468//3754 2299//3754 2469//3754
f 2300//3755 2471//3755 2299//3755
f 2471//3756 2470//3756 2299//3756
f 2299//3757 2470//3757 2469//3757
f 2302//3758 2473//3758 2300//3758
f 2473//3759 2472//3759 2300//3759
f 2300//3760 2472//3760 2471//3760
f 2309//3761 2474//3761 2305//3761
f 2474//3762 2473//3762 2305//3762
f 2305//3763 2473//3763 2301//3763
f 2473//3764 2302//3764 2301//3764
f 2482//3765 2478//3765 2309//3765
f 2478//3766 2475//3766 2309//3766
f 2309//3767 2475//3767 2474//3767
f 2481//3768 2489//3768 2331//3768
f 2489//3769 2484//3769 2331//3769
f 2331//3770 2484//3770 2312//3770
f 2484//3771 2486//3771 2312//3771
f 2312//3772 2486//3772 1800//3772
f 2486//3773 2487//3773 1800//3773
f 1800//3774 2487//3774 1801//3774
f 2487//3775 2485//3775 1801//3775
f 1801//3776 2485//3776 1948//3776
f 2485//3777 2488//3777 1948//3777
f 1948//3778 2488//3778 1947//3778
f 2488//3779 2483//3779 1947//3779
f 1947//3780 2483//3780 2286//3780
f 2483//3781 2482//3781 2286//3781
f 2286//3782 2482//3782 2287//3782
f 2482//3783 2309//3783 2287//3783
f 2481//3784 2331//3784 2476//3784
f 2331//3785 2332//3785 2476//3785
f 2476//3786 2332//3786 2333//3786
f 2334//3787 2335//3787 2466//3787
f 2466//3788 2480//3788 2334//3788
f 2480//3789 2479//3789 2334//3789
f 2334//3790 2479//3790 2333//3790
f 2479//3791 2477//3791 2333//3791
f 2333//3792 2477//3792 2476//3792
f 2617//3521 2616//3521 2604//3521 2605//3521
f 2671//3609 2670//3609 2652//3609 2653//3609
f 2555//3607 2554//3607 2668//3607 2669//3607
f 2573//3605 2572//3605 2556//3605 2557//3605
f 2629//3604 2628//3604 2614//3604 2615//3604
f 2655//3602 2654//3602 2636//3602 2637//3602
f 2591//3600 2590//3600 2574//3600 2575//3600
f 2605//3598 2604//3598 2628//3598 2629//3598
f 2667//3596 2666//3596 2606//3596 2607//3596
f 2621//3594 2620//3594 2670//3594 2671//3594
f 2673//3592 2672//3592 2558//3592 2559//3592
f 2593//3590 2592//3590 2576//3590 2577//3590
f 2575//3588 2574//3588 2560//3588 2561//3588
f 2595//3586 2594//3586 2578//3586 2579//3586
f 2631//3532 2630//3532 2618//3532 2619//3532
f 2659//3531 2658//3531 2596//3531 2597//3531
f 2623//3529 2622//3529 2608//3529 2609//3529
f 2633//3527 2632//3527 2616//3527 2617//3527
f 2579//3525 2578//3525 2562//3525 2563//3525
f 2597//3523 2596//3523 2580//3523 2581//3523
f 2565//3522 2564//3522 2624//3522 2625//3522
f 2567//3520 2566//3520 2548//3520 2549//3520
f 2637//3518 2636//3518 2620//3518 2621//3518
f 2611//3516 2610//3516 2598//3516 2599//3516
f 2559//3513 2558//3513 2638//3513 2639//3513
f 2609//3511 2608//3511 2654//3511 2655//3511
f 2641//3509 2640//3509 2672//3509 2673//3509
f 2581//3507 2580//3507 2564//3507 2565//3507
f 2643//3505 2642//3505 2626//3505 2627//3505
f 2561//3503 2560//3503 2640//3503 2641//3503
f 2675//3501 2674//3501 2656//3501 2657//3501
f 2639//3499 2638//3499 2622//3499 2623//3499
usemtl Material.005
f 2366//3498 2367//3498 2368//3498
f 2367//3498 2369//3498 2368//3498
f 2370//3498 2371//3498 2367//3498
f 2371//3498 2372//3498 2367//3498
f 2367//3498 2373//3498 2374//3498
f 2373//3498 2375//3498 2376//3498
f 2366//3498 2377//3498 2367//3498
f 2377//3498 2378//3498 2367//3498
f 2367//3498 2378//3498 2379//3498
f 2380//3498 2381//3498 2367//3498
f 2381//3498 2382//3498 2367//3498
f 2379//3498 2383//3498 2367//3498
f 2383//3498 2384//3498 2367//3498
f 2367//3498 2384//3498 2370//3498
f 2372//3498 2385//3498 2367//3498
f 2385//3498 2386//3498 2367//3498
f 2367//3498 2386//3498 2387//3498
f 2388//3498 2389//3498 2367//3498
f 2389//3498 2390//3498 2367//3498
f 2367//3498 2390//3498 2369//3498
f 2376//3498 2391//3498 2373//3498
f 2391//3498 2392//3498 2373//3498
f 2373//3498 2392//3498 2393//3498
f 2374//3498 2394//3498 2367//3498
f 2394//3498 2395//3498 2367//3498
f 2367//3498 2395//3498 2396//3498
f 2393//3498 2397//3498 2373//3498
f 2397//3498 2398//3498 2373//3498
f 2373//3498 2398//3498 2399//3498
f 2400//3498 2401//3498 2373//3498
f 2401//3498 2402//3498 2373//3498
f 2373//3498 2402//3498 2374//3498
f 2399//3498 2403//3498 2373//3498
f 2403//3498 2404//3498 2373//3498
f 2373//3498 2404//3498 2400//3498
f 2405//3498 2406//3498 2367//3498
f 2406//3498 2407//3498 2367//3498
f 2367//3498 2407//3498 2388//3498
f 2396//3498 2408//3498 2367//3498
f 2408//3498 2409//3498 2367//3498
f 2367//3498 2409//3498 2410//3498
f 2410//3498 2411//3498 2367//3498
f 2411//3498 2412//3498 2367//3498
f 2367//3498 2412//3498 2413//3498
f 2414//3498 2415//3498 2367//3498
f 2415//3498 2416//3498 2367//3498
f 2367//3498 2416//3498 2405//3498
f 2417//3498 2418//3498 2367//3498
f 2418//3498 2419//3498 2367//3498
f 2367//3498 2419//3498 2414//3498
f 2420//3498 2421//3498 2367//3498
f 2421//3498 2422//3498 2367//3498
f 2367//3498 2422//3498 2380//3498
f 2382//3498 2423//3498 2367//3498
f 2423//3498 2424//3498 2367//3498
f 2367//3498 2424//3498 2425//3498
f 2425//3498 2426//3498 2367//3498
f 2426//3498 2427//3498 2367//3498
f 2367//3498 2427//3498 2417//3498
f 2413//3498 2428//3498 2367//3498
f 2428//3498 2429//3498 2367//3498
f 2367//3498 2429//3498 2430//3498
f 2430//3498 2431//3498 2367//3498
f 2431//3498 2432//3498 2367//3498
f 2367//3498 2432//3498 2420//3498
f 2638//3499 2390//3499 2389//3499 2622//3499
f 2674//3501 2384//3501 2383//3501 2656//3501
f 2560//3503 2377//3503 2366//3503 2640//3503
f 2642//3505 2431//3505 2430//3505 2626//3505
f 2580//3507 2395//3507 2394//3507 2564//3507
f 2640//3509 2366//3509 2368//3509 2672//3509
f 2608//3511 2388//3511 2407//3511 2654//3511
f 2558//3513 2369//3513 2390//3513 2638//3513
f 2610//3516 2413//3516 2412//3516 2598//3516
f 2636//3518 2406//3518 2405//3518 2620//3518
f 2566//3520 2410//3520 2409//3520 2548//3520
f 2564//3522 2394//3522 2374//3522 2624//3522
f 2596//3523 2396//3523 2395//3523 2580//3523
f 2578//3525 2386//3525 2385//3525 2562//3525
f 2632//3527 2382//3527 2381//3527 2616//3527
f 2622//3529 2389//3529 2388//3529 2608//3529
f 2658//3531 2408//3531 2396//3531 2596//3531
f 2630//3532 2398//3532 2397//3532 2618//3532
f 2594//3586 2387//3586 2386//3586 2578//3586
f 2574//3588 2378//3588 2377//3588 2560//3588
f 2592//3590 2371//3590 2370//3590 2576//3590
f 2672//3592 2368//3592 2369//3592 2558//3592
f 2620//3594 2405//3594 2416//3594 2670//3594
f 2666//3596 2400//3596 2404//3596 2606//3596
f 2604//3598 2380//3598 2422//3598 2628//3598
f 2590//3600 2379//3600 2378//3600 2574//3600
f 2654//3602 2407//3602 2406//3602 2636//3602
f 2628//3604 2422//3604 2421//3604 2614//3604
f 2372//3597 2371//3597 2592//3597 2676//3597
f 2572//3605 2418//3605 2417//3605 2556//3605
f 2554//3607 2425//3607 2424//3607 2668//3607
f 2670//3609 2416//3609 2415//3609 2652//3609
f 2616//3521 2381//3521 2380//3521 2604//3521
f 2656//3510 2383//3510 2379//3510 2590//3510
f 2588//3595 2419//3595 2418//3595 2572//3595
f 2570//3608 2426//3608 2425//3608 2554//3608
f 2552//3606 2401//3606 2400//3606 2666//3606
f 2668//3593 2424//3593 2423//3593 2650//3593
f 2652//3589 2415//3589 2414//3589 2634//3589
f 2550//3526 2393//3526 2392//3526 2664//3526
f 2584//3508 2403//3508 2399//3508 2648//3508
f 2650//3502 2423//3502 2382//3502 2632//3502
f 2634//3512 2414//3512 2419//3512 2588//3512
f 2586//3610 2427//3610 2426//3610 2570//3610
f 2568//3673 2402//3673 2401//3673 2552//3673
f 2614//3601 2421//3601 2420//3601 2602//3601
f 2556//3591 2417//3591 2427//3591 2586//3591
f 2624//3587 2374//3587 2402//3587 2568//3587
f 2576//3524 2370//3524 2384//3524 2674//3524
f 2612//3504 2429//3504 2428//3504 2600//3504
f 2606//3514 2404//3514 2403//3514 2584//3514
f 2646//3603 2391//3603 2376//3603 2662//3603
f 2618//3674 2397//3674 2393//3674 2550//3674
f 2598//3672 2412//3672 2411//3672 2582//3672
f 2602//3599 2420//3599 2432//3599 2660//3599
f 2664//3506 2392//3506 2391//3506 2646//3506
f 2648//3500 2399//3500 2398//3500 2630//3500
f 2582//3519 2411//3519 2410//3519 2566//3519
f 2600//3528 2428//3528 2413//3528 2610//3528
f 2662//3533 2376//3533 2375//3533 2644//3533
f 2562//3530 2385//3530 2372//3530 2676//3530
f 2548//3517 2409//3517 2408//3517 2658//3517
f 2660//3515 2432//3515 2431//3515 2642//3515
f 2626//3727 2430//3727 2429//3727 2612//3727
usemtl Material.006
f 2460//3500 2649//3500 2631//3500 2459//3500
f 2456//3506 2665//3506 2647//3506 2455//3506
f 2461//3508 2585//3508 2649//3508 2460//3508
f 2447//3515 2661//3515 2643//3515 2446//3515
f 2438//3517 2549//3517 2659//3517 2437//3517
f 2440//3519 2583//3519 2567//3519 2439//3519
f 2452//3521 2617//3521 2605//3521 2451//3521
f 2526//3524 2577//3524 2675//3524 2527//3524
f 2457//3526 2551//3526 2665//3526 2456//3526
f 2443//3528 2601//3528 2611//3528 2442//3528
f 2454//3533 2663//3533 2645//3533 2453//3533
f 2433//3587 2625//3587 2569//3587 2465//3587
f 2539//3589 2653//3589 2635//3589 2540//3589
f 2544//3591 2557//3591 2587//3591 2545//3591
f 2542//3593 2669//3593 2651//3593 2518//3593
f 2448//3599 2603//3599 2661//3599 2447//3599
f 2449//3601 2615//3601 2603//3601 2448//3601
f 2464//3606 2553//3606 2667//3606 2463//3606
f 2454//3671 2453//3671 2514//3671
f 2454//3671 2514//3671 2455//3671
f 2435//3671 2434//3671 2515//3671
f 2516//3671 2517//3671 2515//3671
f 2518//3671 2519//3671 2515//3671
f 2515//3671 2434//3671 2514//3671
f 2515//3671 2520//3671 2521//3671
f 2517//3671 2522//3671 2515//3671
f 2522//3671 2523//3671 2515//3671
f 2515//3671 2523//3671 2524//3671
f 2434//3671 2433//3671 2514//3671
f 2433//3671 2465//3671 2514//3671
f 2514//3671 2465//3671 2464//3671
f 2458//3671 2457//3671 2514//3671
f 2457//3671 2456//3671 2514//3671
f 2514//3671 2456//3671 2455//3671
f 2525//3671 2526//3671 2515//3671
f 2526//3671 2527//3671 2515//3671
f 2515//3671 2527//3671 2528//3671
f 2464//3671 2463//3671 2514//3671
f 2463//3671 2462//3671 2514//3671
f 2514//3671 2462//3671 2461//3671
f 2521//3671 2529//3671 2515//3671
f 2529//3671 2530//3671 2515//3671
f 2515//3671 2530//3671 2525//3671
f 2528//3671 2531//3671 2515//3671
f 2531//3671 2532//3671 2515//3671
f 2515//3671 2532//3671 2516//3671
f 2461//3671 2460//3671 2514//3671
f 2460//3671 2459//3671 2514//3671
f 2514//3671 2459//3671 2458//3671
f 2524//3671 2533//3671 2515//3671
f 2533//3671 2534//3671 2515//3671
f 2515//3671 2534//3671 2535//3671
f 2438//3671 2437//3671 2515//3671
f 2437//3671 2436//3671 2515//3671
f 2515//3671 2436//3671 2435//3671
f 2441//3671 2440//3671 2515//3671
f 2440//3671 2439//3671 2515//3671
f 2515//3671 2439//3671 2438//3671
f 2535//3671 2536//3671 2515//3671
f 2536//3671 2537//3671 2515//3671
f 2515//3671 2537//3671 2538//3671
f 2538//3671 2539//3671 2515//3671
f 2539//3671 2540//3671 2515//3671
f 2515//3671 2540//3671 2541//3671
f 2518//3671 2515//3671 2542//3671
f 2519//3671 2452//3671 2515//3671
f 2452//3671 2451//3671 2515//3671
f 2515//3671 2451//3671 2450//3671
f 2444//3671 2443//3671 2515//3671
f 2443//3671 2442//3671 2515//3671
f 2515//3671 2442//3671 2441//3671
f 2541//3671 2543//3671 2515//3671
f 2543//3671 2544//3671 2515//3671
f 2515//3671 2544//3671 2545//3671
f 2545//3671 2546//3671 2515//3671
f 2546//3671 2547//3671 2515//3671
f 2515//3671 2547//3671 2542//3671
f 2450//3671 2449//3671 2515//3671
f 2449//3671 2448//3671 2515//3671
f 2515//3671 2448//3671 2447//3671
f 2447//3671 2446//3671 2515//3671
f 2446//3671 2445//3671 2515//3671
f 2515//3671 2445//3671 2444//3671
f 2441//3672 2599//3672 2583//3672 2440//3672
f 2465//3673 2569//3673 2553//3673 2464//3673
f 2546//3608 2571//3608 2555//3608 2547//3608
f 2458//3674 2619//3674 2551//3674 2457//3674
f 2545//3610 2587//3610 2571//3610 2546//3610
f 2541//3595 2589//3595 2573//3595 2543//3595
f 2455//3603 2647//3603 2663//3603 2454//3603
f 2540//3512 2635//3512 2589//3512 2541//3512
f 2529//3530 2563//3530 2677//3530 2530//3530
f 2462//3514 2607//3514 2585//3514 2461//3514
f 2528//3510 2657//3510 2591//3510 2531//3510
f 2444//3504 2613//3504 2601//3504 2443//3504
f 2518//3502 2651//3502 2633//3502 2519//3502
f 2445//3727 2627//3727 2613//3727 2444//3727
f 2677//3597 2593//3597 2525//3597 2530//3597
f 2492//3748 2514//3748 2453//3748
f 2538//3609 2671//3609 2653//3609 2539//3609
f 2547//3607 2555//3607 2669//3607 2542//3607
f 2543//3605 2573//3605 2557//3605 2544//3605
f 2450//3604 2629//3604 2615//3604 2449//3604
f 2535//3602 2655//3602 2637//3602 2536//3602
f 2531//3600 2591//3600 2575//3600 2532//3600
f 2451//3598 2605//3598 2629//3598 2450//3598
f 2463//3596 2667//3596 2607//3596 2462//3596
f 2537//3594 2621//3594 2671//3594 2538//3594
f 2522//3592 2673//3592 2559//3592 2523//3592
f 2525//3590 2593//3590 2577//3590 2526//3590
f 2532//3588 2575//3588 2561//3588 2516//3588
f 2520//3586 2595//3586 2579//3586 2521//3586
f 2459//3532 2631//3532 2619//3532 2458//3532
f 2437//3531 2659//3531 2597//3531 2436//3531
f 2533//3529 2623//3529 2609//3529 2534//3529
f 2519//3527 2633//3527 2617//3527 2452//3527
f 2521//3525 2579//3525 2563//3525 2529//3525
f 2436//3523 2597//3523 2581//3523 2435//3523
f 2434//3522 2565//3522 2625//3522 2433//3522
f 2439//3520 2567//3520 2549//3520 2438//3520
f 2536//3518 2637//3518 2621//3518 2537//3518
f 2442//3516 2611//3516 2599//3516 2441//3516
f 2523//3513 2559//3513 2639//3513 2524//3513
f 2534//3511 2609//3511 2655//3511 2535//3511
f 2517//3509 2641//3509 2673//3509 2522//3509
f 2435//3507 2581//3507 2565//3507 2434//3507
f 2446//3505 2643//3505 2627//3505 2445//3505
f 2516//3503 2561//3503 2641//3503 2517//3503
f 2527//3501 2675//3501 2657//3501 2528//3501
f 2524//3499 2639//3499 2623//3499 2533//3499
